method,task,regime,split,success,ci95_success,utility,ci95_utility,false_revision,ci95_false_revision,missed_violation,ci95_missed_violation,belief_consistency,ci95_belief_consistency,recovery_success,ci95_recovery_success,damage_rate,ci95_damage_rate,intervention_cost,ci95_intervention_cost,revision_calibration_error,ci95_revision_calibration_error,unsafe_revision,ci95_unsafe_revision,causal_attribution_f1,ci95_causal_attribution_f1,n
active_inference_query_policy,bin_packing_recovery,actuator_model_break,combined_stress,0.536722,0.004043,0.084553,0.004454,0.189666,0.002243,0.392227,0.002101,0.542197,0.002898,0.443248,0.002582,0.221182,0.001311,0.381305,0.001501,0.066205,0.001879,0.134423,0.001534,0.511643,0.002754,80
active_inference_query_policy,bin_packing_recovery,actuator_model_break,in_distribution,0.632240,0.003336,0.420421,0.003963,0.130314,0.002420,0.233380,0.002069,0.586479,0.002124,0.492726,0.002395,0.191804,0.001288,0.233532,0.001626,0.071813,0.001712,0.100626,0.001466,0.512737,0.002479,80
active_inference_query_policy,bin_packing_recovery,actuator_model_break,long_horizon_recovery,0.574440,0.003348,0.217681,0.004075,0.152943,0.002134,0.337786,0.002315,0.566441,0.002498,0.443675,0.002456,0.205445,0.001141,0.330994,0.001492,0.068627,0.001548,0.121371,0.001342,0.511303,0.002493,80
active_inference_query_policy,bin_packing_recovery,actuator_model_break,new_operator_interventions,0.594335,0.003403,0.296987,0.004096,0.148642,0.002097,0.291134,0.002271,0.561949,0.002766,0.481733,0.002392,0.206682,0.001551,0.275071,0.001522,0.069433,0.001405,0.112940,0.001511,0.512927,0.002601,80
active_inference_query_policy,bin_packing_recovery,actuator_model_break,sparse_feedback,0.569661,0.004373,0.192696,0.004929,0.191157,0.002118,0.325398,0.002193,0.554713,0.002560,0.474880,0.002426,0.212062,0.001236,0.340860,0.001177,0.067798,0.001550,0.126440,0.001295,0.510919,0.002369,80
active_inference_query_policy,bin_packing_recovery,combined_intervention_stress,combined_stress,0.444457,0.003753,-0.276002,0.004343,0.374210,0.002072,0.463722,0.002062,0.415142,0.002472,0.399373,0.002399,0.245275,0.001212,0.410231,0.001625,0.060891,0.001458,0.212361,0.001367,0.421767,0.002068,80
active_inference_query_policy,bin_packing_recovery,combined_intervention_stress,in_distribution,0.537910,0.003772,0.063574,0.004282,0.310355,0.002283,0.301666,0.002101,0.459527,0.002847,0.451775,0.003103,0.216127,0.001548,0.262131,0.001402,0.067821,0.001754,0.177188,0.001538,0.420804,0.002893,80
active_inference_query_policy,bin_packing_recovery,combined_intervention_stress,long_horizon_recovery,0.477949,0.003979,-0.139688,0.004533,0.335206,0.002261,0.404384,0.002334,0.445375,0.002793,0.400428,0.002600,0.229125,0.001295,0.361704,0.001404,0.062749,0.001680,0.196440,0.001345,0.419012,0.002408,80
active_inference_query_policy,bin_packing_recovery,combined_intervention_stress,new_operator_interventions,0.501003,0.003702,-0.056419,0.004342,0.329992,0.002087,0.359044,0.001802,0.437849,0.002447,0.442331,0.002527,0.229425,0.001483,0.302211,0.001537,0.064118,0.001649,0.188826,0.001532,0.420184,0.002723,80
active_inference_query_policy,bin_packing_recovery,combined_intervention_stress,sparse_feedback,0.475615,0.003739,-0.164056,0.004286,0.373577,0.002329,0.392817,0.002531,0.430458,0.002557,0.433155,0.002361,0.235813,0.001408,0.369936,0.001537,0.063746,0.001835,0.202778,0.001352,0.417127,0.002517,80
active_inference_query_policy,bin_packing_recovery,contact_precondition_failure,combined_stress,0.550212,0.003557,0.127603,0.004543,0.177620,0.002305,0.376692,0.002069,0.550932,0.002470,0.453927,0.002262,0.215625,0.001213,0.376952,0.001577,0.067056,0.001714,0.131231,0.001516,0.519019,0.002920,80
active_inference_query_policy,bin_packing_recovery,contact_precondition_failure,in_distribution,0.644952,0.003547,0.464708,0.004542,0.116784,0.001872,0.215540,0.002381,0.593877,0.002953,0.504811,0.002333,0.187015,0.001177,0.231030,0.001377,0.073818,0.001781,0.095699,0.001452,0.520254,0.002812,80
active_inference_query_policy,bin_packing_recovery,contact_precondition_failure,long_horizon_recovery,0.588154,0.004144,0.261975,0.004839,0.141688,0.001834,0.321451,0.002287,0.574447,0.002852,0.456232,0.002827,0.199020,0.001194,0.328729,0.001836,0.068805,0.001701,0.116694,0.001455,0.517442,0.002628,80
active_inference_query_policy,bin_packing_recovery,contact_precondition_failure,new_operator_interventions,0.605366,0.003597,0.340636,0.004620,0.134811,0.002198,0.276095,0.002149,0.574511,0.002605,0.495430,0.002996,0.200917,0.001293,0.269061,0.001728,0.069676,0.001663,0.109496,0.001585,0.518889,0.002700,80
active_inference_query_policy,bin_packing_recovery,contact_precondition_failure,sparse_feedback,0.575900,0.004958,0.229642,0.005788,0.179069,0.001948,0.309009,0.002292,0.566396,0.002820,0.487009,0.002493,0.207461,0.001379,0.338647,0.001570,0.068199,0.001660,0.121933,0.001246,0.517836,0.002604,80
active_inference_query_policy,bin_packing_recovery,environment_change_intervention,combined_stress,0.523522,0.003754,0.031457,0.004196,0.210505,0.002303,0.408436,0.002038,0.530929,0.002868,0.430904,0.002562,0.227258,0.001344,0.383262,0.001468,0.065591,0.001467,0.145582,0.001177,0.501398,0.002458,80
active_inference_query_policy,bin_packing_recovery,environment_change_intervention,in_distribution,0.613048,0.003729,0.360589,0.004343,0.150256,0.002124,0.250303,0.002114,0.571098,0.002640,0.484419,0.002703,0.198511,0.001170,0.236884,0.001513,0.071218,0.001545,0.111418,0.001464,0.500941,0.002463,80
active_inference_query_policy,bin_packing_recovery,environment_change_intervention,long_horizon_recovery,0.558390,0.003555,0.163675,0.005048,0.174197,0.002214,0.352941,0.002829,0.553108,0.002324,0.432393,0.002485,0.209152,0.001355,0.334176,0.001480,0.067437,0.001562,0.131802,0.001272,0.499605,0.002464,80
active_inference_query_policy,bin_packing_recovery,environment_change_intervention,new_operator_interventions,0.583899,0.003939,0.244077,0.005000,0.169826,0.002030,0.310154,0.002207,0.548188,0.002702,0.471485,0.002788,0.212561,0.001226,0.277243,0.001620,0.068668,0.001460,0.124710,0.001524,0.502025,0.002559,80
active_inference_query_policy,bin_packing_recovery,environment_change_intervention,sparse_feedback,0.554584,0.003987,0.138712,0.004784,0.209192,0.002184,0.342284,0.002047,0.542785,0.002440,0.461339,0.002643,0.218894,0.001355,0.342544,0.001410,0.067980,0.001348,0.136230,0.001293,0.502333,0.002744,80
active_inference_query_policy,bin_packing_recovery,false_human_hint,combined_stress,0.552057,0.003742,0.138116,0.004605,0.269798,0.002232,0.287755,0.002211,0.492304,0.002498,0.512234,0.002962,0.183095,0.001226,0.387718,0.001777,0.067996,0.001620,0.157181,0.001492,0.472093,0.002764,80
active_inference_query_policy,bin_packing_recovery,false_human_hint,in_distribution,0.649179,0.003954,0.481445,0.004594,0.206654,0.001723,0.123946,0.002091,0.536945,0.002766,0.563935,0.002956,0.154697,0.001386,0.241746,0.001797,0.076228,0.001609,0.121517,0.001560,0.477234,0.002598,80
active_inference_query_policy,bin_packing_recovery,false_human_hint,long_horizon_recovery,0.595192,0.003643,0.278620,0.004541,0.233674,0.002426,0.231665,0.002103,0.517042,0.002741,0.513897,0.002289,0.166042,0.001322,0.340972,0.001560,0.070785,0.001585,0.142868,0.001208,0.475926,0.002126,80
active_inference_query_policy,bin_packing_recovery,false_human_hint,new_operator_interventions,0.614304,0.004710,0.358412,0.005231,0.226397,0.001934,0.187336,0.002302,0.517679,0.002931,0.553222,0.002932,0.167839,0.001282,0.281063,0.001603,0.072390,0.001607,0.135970,0.001343,0.474502,0.002432,80
active_inference_query_policy,bin_packing_recovery,false_human_hint,sparse_feedback,0.584841,0.004390,0.252688,0.005059,0.265983,0.002172,0.217620,0.002169,0.509603,0.002624,0.543699,0.002595,0.175410,0.001494,0.348005,0.001459,0.071380,0.001659,0.146610,0.001515,0.474973,0.002799,80
active_inference_query_policy,bin_packing_recovery,noisy_observation,combined_stress,0.586372,0.003574,0.276687,0.004447,0.192838,0.002100,0.264531,0.002259,0.537991,0.002671,0.527047,0.002763,0.176213,0.001437,0.383034,0.001418,0.071015,0.001834,0.115437,0.001505,0.508541,0.002530,80
active_inference_query_policy,bin_packing_recovery,noisy_observation,in_distribution,0.684430,0.004278,0.615283,0.004789,0.134093,0.002260,0.103658,0.002044,0.582246,0.002690,0.574879,0.002784,0.146679,0.001559,0.235640,0.001471,0.077317,0.001755,0.082465,0.001446,0.510004,0.002262,80
active_inference_query_policy,bin_packing_recovery,noisy_observation,long_horizon_recovery,0.626436,0.003851,0.410640,0.004902,0.160452,0.002310,0.206878,0.002032,0.558325,0.002861,0.525299,0.002433,0.159140,0.001369,0.335664,0.001474,0.072538,0.001444,0.102136,0.001393,0.507218,0.002502,80
active_inference_query_policy,bin_packing_recovery,noisy_observation,new_operator_interventions,0.647109,0.004095,0.492773,0.005111,0.151983,0.002214,0.164283,0.002428,0.559431,0.003033,0.566996,0.002732,0.160530,0.001382,0.276857,0.001493,0.075141,0.001728,0.094105,0.001610,0.509488,0.002479,80
active_inference_query_policy,bin_packing_recovery,noisy_observation,sparse_feedback,0.618943,0.003659,0.381584,0.005326,0.196024,0.002335,0.197820,0.002099,0.548381,0.002696,0.555507,0.002672,0.166901,0.001413,0.343351,0.001455,0.072468,0.001384,0.108667,0.001606,0.507798,0.002480,80
active_inference_query_policy,bin_packing_recovery,nominal,combined_stress,0.635958,0.003629,0.455157,0.004740,0.122867,0.002161,0.214486,0.002425,0.593472,0.002659,0.557168,0.002739,0.157891,0.001340,0.365414,0.001502,0.072138,0.001647,0.091936,0.001358,0.549554,0.002667,80
active_inference_query_policy,bin_packing_recovery,nominal,in_distribution,0.731965,0.004106,0.795940,0.004813,0.058548,0.001954,0.053642,0.002338,0.637426,0.002535,0.611886,0.002703,0.129449,0.001244,0.219296,0.001532,0.081413,0.001491,0.055788,0.001486,0.548004,0.002641,80
active_inference_query_policy,bin_packing_recovery,nominal,long_horizon_recovery,0.676064,0.003730,0.594681,0.004354,0.082762,0.001995,0.159545,0.002223,0.618559,0.002586,0.558026,0.002981,0.140752,0.001171,0.317054,0.001491,0.076038,0.001522,0.076058,0.001186,0.548405,0.002252,80
active_inference_query_policy,bin_packing_recovery,nominal,new_operator_interventions,0.698662,0.003940,0.678117,0.004615,0.078345,0.002117,0.113230,0.002154,0.617021,0.002609,0.598708,0.002758,0.141839,0.001189,0.259031,0.001666,0.077541,0.001562,0.067140,0.001380,0.546419,0.002949,80
active_inference_query_policy,bin_packing_recovery,nominal,sparse_feedback,0.670641,0.003626,0.570387,0.004257,0.121702,0.002371,0.145033,0.002097,0.606401,0.002641,0.590903,0.002926,0.147688,0.001253,0.326300,0.001675,0.076021,0.001760,0.080790,0.001471,0.549119,0.003223,80
active_inference_query_policy,bin_packing_recovery,physical_rule_violation,combined_stress,0.553436,0.004477,0.137814,0.005212,0.190231,0.001993,0.360181,0.002251,0.541995,0.002667,0.465692,0.002467,0.208303,0.001541,0.381178,0.001462,0.066867,0.001744,0.132532,0.001079,0.511061,0.002646,80
active_inference_query_policy,bin_packing_recovery,physical_rule_violation,in_distribution,0.643343,0.003628,0.472674,0.004286,0.127798,0.002335,0.198832,0.002392,0.587406,0.002840,0.518483,0.002256,0.179791,0.001242,0.232772,0.001671,0.074577,0.001636,0.096720,0.001429,0.510796,0.002706,80
active_inference_query_policy,bin_packing_recovery,physical_rule_violation,long_horizon_recovery,0.589637,0.004105,0.274060,0.005003,0.151799,0.001638,0.303509,0.002378,0.567020,0.002791,0.466262,0.002649,0.191932,0.001342,0.331871,0.001458,0.067982,0.001495,0.116917,0.001263,0.513037,0.002826,80
active_inference_query_policy,bin_packing_recovery,physical_rule_violation,new_operator_interventions,0.609369,0.004363,0.352183,0.004958,0.146896,0.002053,0.257657,0.002442,0.564800,0.002318,0.505945,0.002865,0.194240,0.001287,0.272857,0.001763,0.072408,0.001782,0.109730,0.001394,0.509409,0.002401,80
active_inference_query_policy,bin_packing_recovery,physical_rule_violation,sparse_feedback,0.580047,0.004152,0.240685,0.004517,0.189925,0.002010,0.293339,0.002348,0.556506,0.002410,0.495522,0.002632,0.200584,0.001125,0.340562,0.001480,0.070212,0.001831,0.123276,0.001478,0.515374,0.002574,80
active_inference_query_policy,deformable_contact_replan,actuator_model_break,combined_stress,0.537928,0.004041,0.091407,0.005085,0.189189,0.002308,0.395275,0.002200,0.542223,0.002411,0.444392,0.002934,0.210127,0.001361,0.381176,0.001664,0.067957,0.001721,0.135139,0.001378,0.510746,0.002261,80
active_inference_query_policy,deformable_contact_replan,actuator_model_break,in_distribution,0.631908,0.003899,0.428976,0.004325,0.128382,0.001854,0.231698,0.001909,0.586000,0.002476,0.491158,0.002836,0.182272,0.001309,0.233815,0.001522,0.073837,0.001854,0.098915,0.001507,0.511357,0.002896,80
active_inference_query_policy,deformable_contact_replan,actuator_model_break,long_horizon_recovery,0.576715,0.004438,0.227370,0.005137,0.153993,0.002011,0.337806,0.001956,0.567726,0.002279,0.445874,0.002718,0.194451,0.001281,0.333260,0.001513,0.068177,0.001328,0.121322,0.001493,0.510258,0.002597,80
active_inference_query_policy,deformable_contact_replan,actuator_model_break,new_operator_interventions,0.595942,0.003842,0.305204,0.004646,0.149117,0.001909,0.293776,0.001961,0.563988,0.002165,0.482582,0.002462,0.195609,0.001316,0.272529,0.001533,0.069663,0.001540,0.113652,0.001355,0.511141,0.002519,80
active_inference_query_policy,deformable_contact_replan,actuator_model_break,sparse_feedback,0.568620,0.003558,0.198429,0.004567,0.191194,0.002118,0.325444,0.001924,0.554525,0.002779,0.475943,0.002519,0.202969,0.001304,0.341173,0.001448,0.069711,0.001856,0.125493,0.001435,0.512314,0.002264,80
active_inference_query_policy,deformable_contact_replan,combined_intervention_stress,combined_stress,0.444502,0.004363,-0.263109,0.004778,0.370011,0.002224,0.459764,0.002499,0.417979,0.002598,0.397930,0.002914,0.235650,0.001336,0.409915,0.001475,0.061280,0.001765,0.211106,0.001316,0.418277,0.002353,80
active_inference_query_policy,deformable_contact_replan,combined_intervention_stress,in_distribution,0.539253,0.004173,0.071828,0.004983,0.310203,0.002104,0.300782,0.002077,0.459950,0.002763,0.452430,0.002823,0.207932,0.001195,0.263247,0.001456,0.067324,0.001552,0.176136,0.001423,0.419088,0.002652,80
active_inference_query_policy,deformable_contact_replan,combined_intervention_stress,long_horizon_recovery,0.479804,0.003828,-0.133010,0.004144,0.336492,0.002182,0.404257,0.002522,0.441316,0.002289,0.398628,0.002696,0.219052,0.001101,0.360809,0.001551,0.062965,0.001641,0.197403,0.001386,0.418037,0.002146,80
active_inference_query_policy,deformable_contact_replan,combined_intervention_stress,new_operator_interventions,0.506221,0.003503,-0.044499,0.004267,0.328924,0.002038,0.359354,0.002201,0.441876,0.002675,0.440182,0.002519,0.220274,0.001338,0.303409,0.001708,0.064125,0.001620,0.189326,0.001229,0.418207,0.002646,80
active_inference_query_policy,deformable_contact_replan,combined_intervention_stress,sparse_feedback,0.473658,0.004419,-0.157750,0.005183,0.369858,0.001898,0.392101,0.002083,0.428628,0.002302,0.431026,0.002637,0.227510,0.001296,0.369389,0.001485,0.062292,0.001625,0.202855,0.001297,0.416574,0.002547,80
active_inference_query_policy,deformable_contact_replan,contact_precondition_failure,combined_stress,0.554227,0.003916,0.136254,0.004310,0.179406,0.002131,0.376485,0.002130,0.549863,0.002651,0.453189,0.002862,0.207362,0.001519,0.376081,0.001588,0.066134,0.001500,0.132126,0.001384,0.520151,0.002948,80
active_inference_query_policy,deformable_contact_replan,contact_precondition_failure,in_distribution,0.646719,0.003994,0.472547,0.005512,0.118535,0.002249,0.216569,0.002134,0.595536,0.002791,0.505870,0.002838,0.176685,0.001117,0.230214,0.001569,0.072083,0.001607,0.097112,0.001503,0.519048,0.002652,80
active_inference_query_policy,deformable_contact_replan,contact_precondition_failure,long_horizon_recovery,0.588870,0.003789,0.270604,0.004882,0.143459,0.002191,0.319226,0.002023,0.576447,0.002630,0.453227,0.002722,0.189175,0.001548,0.328569,0.001604,0.068407,0.001629,0.116125,0.001477,0.519453,0.002686,80
active_inference_query_policy,deformable_contact_replan,contact_precondition_failure,new_operator_interventions,0.609259,0.003306,0.351044,0.003538,0.137096,0.002329,0.274476,0.001835,0.573552,0.002718,0.494643,0.002419,0.189501,0.001140,0.270543,0.001528,0.072593,0.001532,0.109608,0.001458,0.519656,0.002743,80
active_inference_query_policy,deformable_contact_replan,contact_precondition_failure,sparse_feedback,0.580724,0.003862,0.241180,0.004523,0.178948,0.002040,0.308035,0.001966,0.563070,0.002052,0.483536,0.002411,0.196570,0.001454,0.336811,0.001564,0.070208,0.001562,0.122525,0.001505,0.517315,0.002591,80
active_inference_query_policy,deformable_contact_replan,environment_change_intervention,combined_stress,0.529034,0.003446,0.042647,0.004394,0.209896,0.002356,0.409663,0.002227,0.528825,0.002847,0.432376,0.002646,0.217343,0.001301,0.383483,0.001517,0.066400,0.001609,0.146748,0.001377,0.501590,0.002481,80
active_inference_query_policy,deformable_contact_replan,environment_change_intervention,in_distribution,0.620568,0.003953,0.377363,0.004871,0.148416,0.002342,0.247602,0.002076,0.568352,0.002735,0.486039,0.002571,0.189348,0.001260,0.237408,0.001493,0.070860,0.001743,0.111625,0.001396,0.503244,0.002343,80
active_inference_query_policy,deformable_contact_replan,environment_change_intervention,long_horizon_recovery,0.563706,0.004014,0.175364,0.004925,0.173941,0.002092,0.354132,0.002393,0.555081,0.002428,0.432244,0.002883,0.200664,0.001431,0.333918,0.001704,0.067945,0.001590,0.130877,0.001473,0.502089,0.002584,80
active_inference_query_policy,deformable_contact_replan,environment_change_intervention,new_operator_interventions,0.585706,0.004543,0.256185,0.004972,0.169172,0.002056,0.308431,0.002161,0.552809,0.002892,0.472758,0.003058,0.202296,0.001133,0.277010,0.001400,0.069483,0.001508,0.124720,0.001501,0.502557,0.002728,80
active_inference_query_policy,deformable_contact_replan,environment_change_intervention,sparse_feedback,0.557892,0.004143,0.148883,0.004646,0.210863,0.002248,0.341723,0.002221,0.542790,0.002436,0.464658,0.002474,0.208584,0.001530,0.343363,0.001682,0.068667,0.001721,0.136848,0.001478,0.502589,0.002369,80
active_inference_query_policy,deformable_contact_replan,false_human_hint,combined_stress,0.555457,0.004282,0.149475,0.005208,0.268311,0.002231,0.287978,0.002506,0.493630,0.002682,0.510616,0.002451,0.173612,0.001362,0.388318,0.001367,0.067443,0.001764,0.157256,0.001266,0.477576,0.002891,80
active_inference_query_policy,deformable_contact_replan,false_human_hint,in_distribution,0.649374,0.004604,0.488032,0.004995,0.207444,0.002264,0.124841,0.002368,0.538007,0.002614,0.561315,0.002530,0.142837,0.001421,0.242036,0.001656,0.076345,0.001594,0.122357,0.001269,0.474689,0.002711,80
active_inference_query_policy,deformable_contact_replan,false_human_hint,long_horizon_recovery,0.596037,0.004128,0.285720,0.004774,0.233542,0.002150,0.231546,0.001937,0.519299,0.002266,0.510487,0.002516,0.157617,0.001101,0.340812,0.001700,0.071414,0.001717,0.142317,0.001553,0.476950,0.002563,80
active_inference_query_policy,deformable_contact_replan,false_human_hint,new_operator_interventions,0.617613,0.004326,0.369251,0.004939,0.226587,0.002530,0.186165,0.002154,0.515832,0.002734,0.552057,0.002791,0.158376,0.001179,0.280882,0.001386,0.073380,0.001510,0.133476,0.001484,0.473331,0.002209,80
active_inference_query_policy,deformable_contact_replan,false_human_hint,sparse_feedback,0.586737,0.004075,0.256079,0.004846,0.268499,0.002306,0.220680,0.001985,0.506791,0.002728,0.541778,0.002526,0.166278,0.001240,0.347857,0.001549,0.070488,0.001562,0.147579,0.001542,0.474456,0.002762,80
active_inference_query_policy,deformable_contact_replan,noisy_observation,combined_stress,0.590741,0.003608,0.285111,0.005246,0.195354,0.002004,0.264865,0.002855,0.533550,0.002512,0.526655,0.002723,0.165704,0.001438,0.382737,0.001693,0.069957,0.001579,0.117052,0.001359,0.507655,0.002338,80
active_inference_query_policy,deformable_contact_replan,noisy_observation,in_distribution,0.684724,0.004185,0.622647,0.004610,0.132981,0.001877,0.104603,0.002070,0.579037,0.002211,0.579070,0.002590,0.136281,0.001063,0.235852,0.001412,0.076752,0.001638,0.082871,0.001301,0.505238,0.002781,80
active_inference_query_policy,deformable_contact_replan,noisy_observation,long_horizon_recovery,0.629547,0.003981,0.421896,0.004534,0.158500,0.002221,0.209589,0.002292,0.560395,0.002117,0.526477,0.002759,0.148074,0.001201,0.333787,0.001543,0.073217,0.001635,0.102521,0.001343,0.507024,0.002853,80
active_inference_query_policy,deformable_contact_replan,noisy_observation,new_operator_interventions,0.649942,0.003690,0.504279,0.004457,0.151488,0.002186,0.163318,0.002206,0.560238,0.002645,0.567564,0.002866,0.150761,0.001293,0.276855,0.001644,0.074165,0.001491,0.093421,0.001437,0.508605,0.002598,80
active_inference_query_policy,deformable_contact_replan,noisy_observation,sparse_feedback,0.622222,0.003845,0.391907,0.004828,0.197819,0.002279,0.197129,0.002254,0.547132,0.002876,0.555776,0.002479,0.157740,0.001476,0.342647,0.001530,0.072082,0.001636,0.106321,0.001387,0.509173,0.002581,80
active_inference_query_policy,deformable_contact_replan,nominal,combined_stress,0.640349,0.003796,0.465904,0.004245,0.122272,0.002137,0.214798,0.002071,0.591234,0.002684,0.558371,0.002871,0.147722,0.001173,0.366379,0.001631,0.075470,0.001759,0.091631,0.001465,0.549881,0.002391,80
active_inference_query_policy,deformable_contact_replan,nominal,in_distribution,0.737956,0.004367,0.806265,0.005201,0.062433,0.002257,0.054050,0.002348,0.635218,0.002451,0.609821,0.002714,0.118119,0.001313,0.218342,0.001511,0.080979,0.001487,0.057091,0.001427,0.549871,0.002861,80
active_inference_query_policy,deformable_contact_replan,nominal,long_horizon_recovery,0.682552,0.003351,0.607126,0.004454,0.085741,0.002448,0.158888,0.002365,0.619551,0.002755,0.557279,0.002620,0.130200,0.001273,0.317945,0.001575,0.075335,0.001382,0.076458,0.001335,0.549021,0.002320,80
active_inference_query_policy,deformable_contact_replan,nominal,new_operator_interventions,0.702191,0.003937,0.689501,0.004859,0.079716,0.002262,0.111208,0.002042,0.619346,0.002504,0.600790,0.002991,0.132260,0.001270,0.260055,0.001565,0.077814,0.001739,0.068385,0.001398,0.549324,0.002609,80
active_inference_query_policy,deformable_contact_replan,nominal,sparse_feedback,0.674818,0.003868,0.580362,0.005211,0.121759,0.002225,0.145421,0.002537,0.606573,0.002564,0.591243,0.002506,0.138849,0.001124,0.326161,0.001452,0.076667,0.001656,0.081677,0.001373,0.550861,0.002684,80
active_inference_query_policy,deformable_contact_replan,physical_rule_violation,combined_stress,0.551352,0.003995,0.143882,0.004883,0.188476,0.002389,0.359421,0.002030,0.543074,0.002390,0.463816,0.002351,0.199623,0.001456,0.381038,0.001389,0.068636,0.001774,0.131523,0.001525,0.513951,0.002613,80
active_inference_query_policy,deformable_contact_replan,physical_rule_violation,in_distribution,0.644687,0.004265,0.480336,0.005017,0.126368,0.002243,0.199689,0.002166,0.586224,0.002881,0.516815,0.002756,0.170887,0.001430,0.233332,0.001500,0.073371,0.001497,0.096528,0.001341,0.512010,0.002649,80
active_inference_query_policy,deformable_contact_replan,physical_rule_violation,long_horizon_recovery,0.592267,0.003962,0.281384,0.004435,0.154606,0.002153,0.302533,0.002096,0.568433,0.002524,0.464444,0.002752,0.183326,0.001268,0.330735,0.001603,0.070679,0.001548,0.117003,0.001468,0.512525,0.002506,80
active_inference_query_policy,deformable_contact_replan,physical_rule_violation,new_operator_interventions,0.609137,0.003963,0.357599,0.004742,0.148100,0.002364,0.259084,0.002311,0.564098,0.002526,0.506394,0.002500,0.184313,0.001364,0.273229,0.001533,0.073106,0.001603,0.109201,0.001253,0.512650,0.002466,80
active_inference_query_policy,deformable_contact_replan,physical_rule_violation,sparse_feedback,0.581568,0.004313,0.251932,0.005234,0.190098,0.002380,0.290485,0.002301,0.555952,0.002961,0.496470,0.002627,0.190316,0.001385,0.340251,0.001616,0.069791,0.001682,0.122168,0.001419,0.513055,0.002407,80
active_inference_query_policy,mobile_base_intervention,actuator_model_break,combined_stress,0.545636,0.003748,0.120734,0.004606,0.188050,0.002244,0.395025,0.001971,0.542523,0.002960,0.444666,0.002398,0.180955,0.001319,0.381916,0.001391,0.066927,0.001617,0.136166,0.001513,0.512473,0.002243,80
active_inference_query_policy,mobile_base_intervention,actuator_model_break,in_distribution,0.639526,0.004050,0.459253,0.004644,0.126477,0.002026,0.232100,0.002414,0.586524,0.002577,0.495102,0.002684,0.152549,0.001370,0.234277,0.001554,0.073182,0.001672,0.099814,0.001169,0.510207,0.002452,80
active_inference_query_policy,mobile_base_intervention,actuator_model_break,long_horizon_recovery,0.583431,0.003918,0.256549,0.005167,0.153423,0.002282,0.338675,0.002157,0.568782,0.002655,0.446195,0.002315,0.164113,0.001460,0.332288,0.001659,0.067160,0.001685,0.121196,0.001690,0.512006,0.002744,80
active_inference_query_policy,mobile_base_intervention,actuator_model_break,new_operator_interventions,0.601464,0.003654,0.333630,0.004160,0.147988,0.002136,0.292218,0.002126,0.564394,0.002452,0.484126,0.002607,0.166171,0.001325,0.273604,0.001324,0.071626,0.001760,0.112481,0.001391,0.508860,0.002771,80
active_inference_query_policy,mobile_base_intervention,actuator_model_break,sparse_feedback,0.574894,0.004356,0.228843,0.005293,0.189842,0.002170,0.325130,0.002166,0.552879,0.002166,0.475914,0.002419,0.171507,0.001234,0.339203,0.001599,0.066174,0.001762,0.125565,0.001316,0.509979,0.002356,80
active_inference_query_policy,mobile_base_intervention,combined_intervention_stress,combined_stress,0.452601,0.003745,-0.235939,0.004840,0.371888,0.002110,0.461439,0.002215,0.419589,0.002542,0.399876,0.002998,0.206228,0.001216,0.410124,0.001847,0.061466,0.001518,0.211517,0.001386,0.416638,0.002912,80
active_inference_query_policy,mobile_base_intervention,combined_intervention_stress,in_distribution,0.546252,0.004015,0.101914,0.004832,0.309273,0.002256,0.300325,0.002201,0.460584,0.002677,0.452642,0.002429,0.177425,0.001320,0.263091,0.001390,0.066436,0.001848,0.176279,0.001566,0.419170,0.002525,80
active_inference_query_policy,mobile_base_intervention,combined_intervention_stress,long_horizon_recovery,0.486014,0.004239,-0.103101,0.004961,0.336454,0.002329,0.403319,0.002190,0.442682,0.002581,0.399842,0.002648,0.189194,0.001330,0.359926,0.001362,0.061483,0.001607,0.195654,0.001453,0.415931,0.002589,80
active_inference_query_policy,mobile_base_intervention,combined_intervention_stress,new_operator_interventions,0.512087,0.004007,-0.017360,0.004380,0.328324,0.002250,0.359022,0.002064,0.438369,0.002476,0.440484,0.002504,0.191331,0.001250,0.302650,0.001460,0.064403,0.001406,0.188114,0.001352,0.418918,0.002791,80
active_inference_query_policy,mobile_base_intervention,combined_intervention_stress,sparse_feedback,0.482939,0.004178,-0.127486,0.005107,0.373337,0.002223,0.391954,0.002399,0.430641,0.002656,0.430381,0.002637,0.196149,0.001366,0.369688,0.001544,0.062187,0.001666,0.202527,0.001408,0.418785,0.002668,80
active_inference_query_policy,mobile_base_intervention,contact_precondition_failure,combined_stress,0.560114,0.003219,0.163850,0.004218,0.180131,0.002605,0.378534,0.002081,0.552722,0.002654,0.454964,0.002552,0.174752,0.001379,0.377540,0.001568,0.068071,0.001484,0.131749,0.001504,0.517784,0.002519,80
active_inference_query_policy,mobile_base_intervention,contact_precondition_failure,in_distribution,0.651838,0.004539,0.499155,0.005017,0.116527,0.002149,0.216699,0.002102,0.593893,0.002855,0.505252,0.002871,0.146779,0.001452,0.229323,0.001555,0.073496,0.001498,0.097552,0.001577,0.515764,0.002524,80
active_inference_query_policy,mobile_base_intervention,contact_precondition_failure,long_horizon_recovery,0.599423,0.003709,0.301906,0.003995,0.141995,0.002115,0.320029,0.001814,0.577457,0.002488,0.452933,0.002566,0.159197,0.001332,0.329436,0.001703,0.071812,0.001415,0.116631,0.001494,0.519160,0.002716,80
active_inference_query_policy,mobile_base_intervention,contact_precondition_failure,new_operator_interventions,0.618097,0.003257,0.379709,0.004006,0.138152,0.002300,0.274468,0.002258,0.575417,0.002335,0.494127,0.002797,0.161662,0.001401,0.270833,0.001517,0.071804,0.001491,0.109160,0.001441,0.519687,0.002526,80
active_inference_query_policy,mobile_base_intervention,contact_precondition_failure,sparse_feedback,0.588074,0.003894,0.269112,0.004700,0.178255,0.002083,0.310621,0.002155,0.563751,0.002385,0.487645,0.002460,0.167152,0.001229,0.338162,0.001624,0.069740,0.001750,0.122502,0.001519,0.518396,0.002432,80
active_inference_query_policy,mobile_base_intervention,environment_change_intervention,combined_stress,0.533448,0.004211,0.066854,0.004866,0.211377,0.002325,0.410218,0.002101,0.529433,0.002655,0.431812,0.002683,0.188089,0.001215,0.383953,0.001448,0.065512,0.001710,0.146855,0.001404,0.502523,0.002618,80
active_inference_query_policy,mobile_base_intervention,environment_change_intervention,in_distribution,0.626197,0.003763,0.402168,0.004672,0.150069,0.002111,0.250348,0.001850,0.571860,0.002578,0.485094,0.002582,0.158416,0.001274,0.236463,0.001552,0.073532,0.001481,0.112273,0.001358,0.502134,0.002502,80
active_inference_query_policy,mobile_base_intervention,environment_change_intervention,long_horizon_recovery,0.571215,0.004265,0.202324,0.005459,0.176665,0.002193,0.353363,0.002345,0.554279,0.002705,0.433376,0.002428,0.170277,0.001164,0.335764,0.001287,0.067405,0.001558,0.132285,0.001527,0.499888,0.002404,80
active_inference_query_policy,mobile_base_intervention,environment_change_intervention,new_operator_interventions,0.591825,0.004396,0.282244,0.004803,0.167224,0.002144,0.310467,0.002253,0.551065,0.002988,0.471197,0.002580,0.173096,0.001118,0.275692,0.001470,0.070452,0.001549,0.124336,0.001469,0.499635,0.002457,80
active_inference_query_policy,mobile_base_intervention,environment_change_intervention,sparse_feedback,0.565867,0.004045,0.175631,0.004630,0.211067,0.002378,0.342277,0.002059,0.540133,0.002428,0.461780,0.002466,0.178890,0.001377,0.342791,0.001552,0.068734,0.001449,0.138109,0.001461,0.499925,0.002568,80
active_inference_query_policy,mobile_base_intervention,false_human_hint,combined_stress,0.566403,0.003464,0.180722,0.004121,0.267972,0.002131,0.289095,0.002439,0.494195,0.002250,0.508868,0.002626,0.143502,0.001401,0.389751,0.001519,0.067443,0.001647,0.156731,0.001534,0.475703,0.002847,80
active_inference_query_policy,mobile_base_intervention,false_human_hint,in_distribution,0.655168,0.004061,0.515507,0.004669,0.206959,0.002371,0.125789,0.002137,0.538537,0.002967,0.565380,0.002394,0.115253,0.001341,0.239660,0.001615,0.075468,0.001794,0.121804,0.001501,0.477219,0.002411,80
active_inference_query_policy,mobile_base_intervention,false_human_hint,long_horizon_recovery,0.606728,0.003816,0.322564,0.004784,0.231394,0.002140,0.229518,0.002223,0.516513,0.002303,0.514055,0.003056,0.125081,0.001542,0.339834,0.001663,0.070729,0.001755,0.142236,0.001443,0.473417,0.002614,80
active_inference_query_policy,mobile_base_intervention,false_human_hint,new_operator_interventions,0.621779,0.003942,0.394727,0.004965,0.226302,0.002185,0.185649,0.002230,0.516419,0.002535,0.551178,0.002766,0.128954,0.001272,0.281670,0.001554,0.071607,0.001443,0.135080,0.001367,0.475804,0.002711,80
active_inference_query_policy,mobile_base_intervention,false_human_hint,sparse_feedback,0.594824,0.003969,0.286275,0.004856,0.270001,0.002395,0.218833,0.001781,0.505881,0.003099,0.544442,0.002819,0.135180,0.001335,0.348228,0.001480,0.072900,0.001555,0.148528,0.001413,0.475724,0.002366,80
active_inference_query_policy,mobile_base_intervention,noisy_observation,combined_stress,0.596214,0.004002,0.312637,0.005464,0.195349,0.002147,0.263910,0.002501,0.535655,0.003071,0.528266,0.002547,0.137104,0.001238,0.382756,0.001568,0.069696,0.001784,0.116962,0.001499,0.507193,0.002531,80
active_inference_query_policy,mobile_base_intervention,noisy_observation,in_distribution,0.692076,0.004410,0.652907,0.005000,0.132922,0.002426,0.104630,0.002443,0.577507,0.002467,0.580217,0.002728,0.104644,0.001464,0.236802,0.001469,0.076851,0.001412,0.082248,0.001516,0.509015,0.002699,80
active_inference_query_policy,mobile_base_intervention,noisy_observation,long_horizon_recovery,0.637613,0.003956,0.452518,0.004347,0.158075,0.002521,0.207564,0.002098,0.560535,0.002547,0.526748,0.002822,0.118741,0.001302,0.335808,0.001398,0.073651,0.001725,0.102042,0.001582,0.509367,0.002850,80
active_inference_query_policy,mobile_base_intervention,noisy_observation,new_operator_interventions,0.658558,0.004107,0.533034,0.005243,0.152944,0.002380,0.163147,0.002456,0.558920,0.002956,0.567661,0.002435,0.119877,0.001301,0.277786,0.001413,0.073930,0.001573,0.094686,0.001300,0.507397,0.002743,80
active_inference_query_policy,mobile_base_intervention,noisy_observation,sparse_feedback,0.628966,0.003542,0.422492,0.004470,0.194897,0.001725,0.196098,0.002345,0.547414,0.002652,0.555762,0.002611,0.126942,0.001232,0.344504,0.001545,0.072820,0.001670,0.106154,0.001424,0.506812,0.002903,80
active_inference_query_policy,mobile_base_intervention,nominal,combined_stress,0.646885,0.004280,0.496030,0.004959,0.121805,0.002292,0.213695,0.002069,0.592932,0.002664,0.556604,0.002810,0.116971,0.001195,0.364293,0.001570,0.074604,0.001896,0.091915,0.001471,0.548915,0.002756,80
active_inference_query_policy,mobile_base_intervention,nominal,in_distribution,0.740364,0.003838,0.833652,0.004284,0.059188,0.002159,0.053223,0.002284,0.637986,0.002742,0.610997,0.002834,0.088343,0.001431,0.220241,0.001691,0.082160,0.001763,0.055422,0.001397,0.550910,0.002458,80
active_inference_query_policy,mobile_base_intervention,nominal,long_horizon_recovery,0.683818,0.004151,0.630328,0.004818,0.084603,0.002457,0.159779,0.002238,0.619885,0.002284,0.558619,0.003118,0.100344,0.001307,0.316708,0.001525,0.076445,0.001700,0.076790,0.001318,0.549493,0.002903,80
active_inference_query_policy,mobile_base_intervention,nominal,new_operator_interventions,0.707893,0.004360,0.713175,0.005147,0.079683,0.002096,0.113263,0.002413,0.616464,0.002725,0.599197,0.003014,0.103857,0.001438,0.260480,0.001538,0.077883,0.001528,0.068344,0.001413,0.551362,0.002883,80
active_inference_query_policy,mobile_base_intervention,nominal,sparse_feedback,0.677814,0.004165,0.603163,0.004707,0.121894,0.002008,0.146908,0.002170,0.605717,0.003082,0.588634,0.002740,0.108597,0.001148,0.326737,0.001618,0.076249,0.001870,0.081278,0.001369,0.549720,0.002637,80
active_inference_query_policy,mobile_base_intervention,physical_rule_violation,combined_stress,0.564982,0.003795,0.178547,0.004814,0.188790,0.002100,0.359630,0.002049,0.544397,0.002539,0.464259,0.002504,0.169914,0.001348,0.379881,0.001731,0.067416,0.001666,0.132975,0.001335,0.513030,0.002304,80
active_inference_query_policy,mobile_base_intervention,physical_rule_violation,in_distribution,0.652973,0.004055,0.508642,0.004661,0.128034,0.002245,0.198796,0.001893,0.587354,0.002680,0.516937,0.002369,0.141805,0.001333,0.233723,0.001603,0.076351,0.001621,0.096442,0.001247,0.512197,0.002334,80
active_inference_query_policy,mobile_base_intervention,physical_rule_violation,long_horizon_recovery,0.599879,0.003768,0.309992,0.004471,0.155015,0.002042,0.302233,0.002464,0.567574,0.002287,0.467245,0.002304,0.153828,0.001257,0.332380,0.001659,0.070471,0.001496,0.116648,0.001591,0.510320,0.002563,80
active_inference_query_policy,mobile_base_intervention,physical_rule_violation,new_operator_interventions,0.621858,0.003939,0.391050,0.004745,0.147008,0.002050,0.259581,0.002048,0.564744,0.002553,0.505958,0.002731,0.156043,0.001421,0.273567,0.001691,0.070378,0.001860,0.109446,0.001424,0.511526,0.002575,80
active_inference_query_policy,mobile_base_intervention,physical_rule_violation,sparse_feedback,0.592591,0.004152,0.281337,0.004719,0.191006,0.002241,0.293378,0.002139,0.555179,0.002588,0.495829,0.002746,0.160844,0.001258,0.339763,0.001699,0.069382,0.001541,0.122023,0.001483,0.513325,0.002776,80
active_inference_query_policy,occluded_drawer_recovery,actuator_model_break,combined_stress,0.550004,0.004272,0.128705,0.005396,0.190833,0.002401,0.394903,0.002294,0.541151,0.002948,0.442010,0.002748,0.172680,0.001237,0.381481,0.001498,0.066473,0.001588,0.136040,0.001399,0.512776,0.002723,80
active_inference_query_policy,occluded_drawer_recovery,actuator_model_break,in_distribution,0.642146,0.003774,0.465973,0.004567,0.130535,0.002091,0.233585,0.002361,0.586064,0.002730,0.497219,0.002521,0.142632,0.001208,0.234982,0.001413,0.071833,0.001501,0.100245,0.001258,0.513275,0.002467,80
active_inference_query_policy,occluded_drawer_recovery,actuator_model_break,long_horizon_recovery,0.587851,0.003835,0.267893,0.004174,0.153091,0.002142,0.336865,0.002308,0.564731,0.002607,0.445335,0.002709,0.155200,0.001255,0.332643,0.001618,0.068353,0.001581,0.119334,0.001344,0.510334,0.002609,80
active_inference_query_policy,occluded_drawer_recovery,actuator_model_break,new_operator_interventions,0.605331,0.004070,0.345274,0.004325,0.146990,0.002128,0.290653,0.001801,0.565121,0.002589,0.484359,0.002541,0.158134,0.001244,0.274166,0.001343,0.070813,0.001472,0.112450,0.001331,0.509833,0.002769,80
active_inference_query_policy,occluded_drawer_recovery,actuator_model_break,sparse_feedback,0.580410,0.003835,0.238892,0.004613,0.191070,0.001888,0.324984,0.001810,0.555163,0.002696,0.472814,0.002961,0.162688,0.001479,0.339444,0.001564,0.068748,0.001421,0.126679,0.001442,0.511291,0.003076,80
active_inference_query_policy,occluded_drawer_recovery,combined_intervention_stress,combined_stress,0.456984,0.003711,-0.224701,0.004579,0.372316,0.002275,0.462001,0.002082,0.419248,0.002300,0.398118,0.002696,0.194950,0.001055,0.410672,0.001538,0.061699,0.001638,0.211625,0.001559,0.418471,0.002644,80
active_inference_query_policy,occluded_drawer_recovery,combined_intervention_stress,in_distribution,0.546467,0.003992,0.108273,0.004429,0.307998,0.002011,0.301656,0.002155,0.460579,0.002469,0.448371,0.002287,0.167134,0.001115,0.263188,0.001506,0.067476,0.001805,0.175985,0.001457,0.418476,0.002690,80
active_inference_query_policy,occluded_drawer_recovery,combined_intervention_stress,long_horizon_recovery,0.494930,0.004125,-0.088555,0.004736,0.335546,0.002355,0.404988,0.001961,0.441693,0.002427,0.399486,0.002680,0.178424,0.001467,0.362332,0.001653,0.061870,0.001831,0.197141,0.001376,0.418949,0.002621,80
active_inference_query_policy,occluded_drawer_recovery,combined_intervention_stress,new_operator_interventions,0.514733,0.003861,-0.007205,0.004612,0.329501,0.002284,0.358827,0.002036,0.439483,0.002521,0.442543,0.002150,0.180752,0.001245,0.301896,0.001593,0.064492,0.001641,0.188905,0.001273,0.418630,0.002550,80
active_inference_query_policy,occluded_drawer_recovery,combined_intervention_stress,sparse_feedback,0.485883,0.003814,-0.116231,0.005112,0.371008,0.002400,0.392250,0.002220,0.428720,0.002829,0.432312,0.002577,0.187030,0.001438,0.369694,0.001448,0.061731,0.001735,0.201492,0.001222,0.419560,0.002527,80
active_inference_query_policy,occluded_drawer_recovery,contact_precondition_failure,combined_stress,0.562605,0.003529,0.174993,0.004227,0.178442,0.002415,0.377821,0.002153,0.550013,0.002773,0.453360,0.002534,0.164995,0.001161,0.377388,0.001488,0.066860,0.001786,0.130100,0.001220,0.519381,0.002864,80
active_inference_query_policy,occluded_drawer_recovery,contact_precondition_failure,in_distribution,0.654583,0.003451,0.509538,0.004139,0.117887,0.002159,0.214816,0.002289,0.594871,0.002454,0.506430,0.002808,0.137002,0.001265,0.232202,0.001354,0.073618,0.001372,0.097475,0.001225,0.520021,0.002750,80
active_inference_query_policy,occluded_drawer_recovery,contact_precondition_failure,long_horizon_recovery,0.600801,0.004243,0.310287,0.004878,0.144221,0.002342,0.319390,0.002237,0.576188,0.002758,0.454903,0.002819,0.149187,0.001281,0.327965,0.001461,0.071158,0.001458,0.116459,0.001414,0.519586,0.002659,80
active_inference_query_policy,occluded_drawer_recovery,contact_precondition_failure,new_operator_interventions,0.621322,0.004225,0.392606,0.004807,0.135803,0.002078,0.274989,0.002005,0.572273,0.002679,0.497992,0.002566,0.149448,0.001253,0.271380,0.001362,0.073326,0.001643,0.108582,0.001422,0.519280,0.002931,80
active_inference_query_policy,occluded_drawer_recovery,contact_precondition_failure,sparse_feedback,0.594345,0.003381,0.284604,0.004218,0.178417,0.002259,0.309347,0.001984,0.564474,0.002832,0.484628,0.002552,0.155570,0.001336,0.337056,0.001519,0.068106,0.001794,0.122292,0.001369,0.518440,0.002720,80
active_inference_query_policy,occluded_drawer_recovery,environment_change_intervention,combined_stress,0.534428,0.003853,0.074290,0.004797,0.211543,0.002085,0.411196,0.002291,0.528674,0.002532,0.433753,0.002610,0.177759,0.001285,0.384988,0.001556,0.065280,0.001540,0.147050,0.001316,0.501386,0.002350,80
active_inference_query_policy,occluded_drawer_recovery,environment_change_intervention,in_distribution,0.629168,0.003970,0.412320,0.004465,0.148940,0.002127,0.251146,0.002388,0.570931,0.002596,0.483765,0.002555,0.148247,0.001088,0.236923,0.001770,0.071286,0.001508,0.112223,0.001348,0.501576,0.002309,80
active_inference_query_policy,occluded_drawer_recovery,environment_change_intervention,long_horizon_recovery,0.571210,0.003436,0.209184,0.003972,0.175044,0.002083,0.355687,0.001956,0.555354,0.002687,0.433020,0.002449,0.160633,0.001302,0.334881,0.001587,0.068412,0.001767,0.131554,0.001571,0.500162,0.002691,80
active_inference_query_policy,occluded_drawer_recovery,environment_change_intervention,new_operator_interventions,0.591876,0.003500,0.290519,0.004706,0.168699,0.002494,0.309169,0.002237,0.547813,0.002628,0.474169,0.002951,0.162097,0.001310,0.276605,0.001135,0.069140,0.001755,0.124091,0.001329,0.502737,0.002771,80
active_inference_query_policy,occluded_drawer_recovery,environment_change_intervention,sparse_feedback,0.561395,0.003657,0.179815,0.003936,0.211560,0.002056,0.341164,0.001953,0.537901,0.002644,0.464691,0.002484,0.168530,0.001312,0.345508,0.001655,0.067691,0.001575,0.136616,0.001378,0.503915,0.002758,80
active_inference_query_policy,occluded_drawer_recovery,false_human_hint,combined_stress,0.565744,0.003651,0.188477,0.004536,0.267535,0.002193,0.286889,0.002215,0.493130,0.002786,0.508442,0.002607,0.134442,0.001423,0.387241,0.001199,0.068951,0.001668,0.156425,0.001276,0.475037,0.002544,80
active_inference_query_policy,occluded_drawer_recovery,false_human_hint,in_distribution,0.661062,0.004129,0.524779,0.004934,0.206045,0.002286,0.128179,0.002212,0.534152,0.002824,0.565631,0.002753,0.105516,0.001363,0.242830,0.001502,0.076068,0.001588,0.122655,0.001440,0.476108,0.002738,80
active_inference_query_policy,occluded_drawer_recovery,false_human_hint,long_horizon_recovery,0.604883,0.003736,0.326465,0.004444,0.232497,0.002239,0.230663,0.002021,0.519117,0.002859,0.516101,0.002321,0.117005,0.001434,0.339927,0.001603,0.071842,0.001571,0.141070,0.001340,0.474047,0.002590,80
active_inference_query_policy,occluded_drawer_recovery,false_human_hint,new_operator_interventions,0.625724,0.003176,0.404945,0.004285,0.226598,0.002313,0.186797,0.002161,0.514726,0.002522,0.552662,0.002854,0.118417,0.001381,0.281276,0.001549,0.071828,0.001743,0.135381,0.001528,0.474813,0.002654,80
active_inference_query_policy,occluded_drawer_recovery,false_human_hint,sparse_feedback,0.596747,0.003763,0.297315,0.004222,0.268779,0.002011,0.219259,0.002461,0.507917,0.002388,0.543440,0.002461,0.125433,0.001334,0.347277,0.001412,0.070180,0.001639,0.146697,0.001410,0.474235,0.002580,80
active_inference_query_policy,occluded_drawer_recovery,noisy_observation,combined_stress,0.599741,0.003777,0.321823,0.004352,0.195422,0.002248,0.265454,0.002243,0.534828,0.002924,0.524764,0.002519,0.125149,0.001236,0.383944,0.001436,0.071185,0.001474,0.117455,0.001383,0.507501,0.002468,80
active_inference_query_policy,occluded_drawer_recovery,noisy_observation,in_distribution,0.692260,0.003834,0.659698,0.004238,0.132763,0.001940,0.103539,0.002163,0.578618,0.002873,0.576898,0.002536,0.095600,0.001344,0.237410,0.001521,0.077162,0.001693,0.082375,0.001370,0.508752,0.003029,80
active_inference_query_policy,occluded_drawer_recovery,noisy_observation,long_horizon_recovery,0.635719,0.004660,0.455943,0.005194,0.160083,0.002114,0.209513,0.002297,0.560097,0.002360,0.526910,0.002664,0.107626,0.001348,0.333542,0.001528,0.073221,0.001609,0.102822,0.001412,0.505457,0.002605,80
active_inference_query_policy,occluded_drawer_recovery,noisy_observation,new_operator_interventions,0.659461,0.003992,0.541851,0.004940,0.152377,0.002218,0.162106,0.002027,0.560958,0.002719,0.566758,0.002606,0.111172,0.001337,0.276221,0.001433,0.075643,0.001501,0.094264,0.001363,0.507918,0.002325,80
active_inference_query_policy,occluded_drawer_recovery,noisy_observation,sparse_feedback,0.631346,0.003618,0.433252,0.004599,0.195904,0.002049,0.195771,0.001911,0.548834,0.002637,0.558508,0.002750,0.116075,0.001357,0.343748,0.001349,0.072975,0.001722,0.107209,0.001525,0.510133,0.002936,80
active_inference_query_policy,occluded_drawer_recovery,nominal,combined_stress,0.653143,0.004036,0.507782,0.004535,0.121672,0.002202,0.216228,0.002126,0.592396,0.002640,0.556314,0.002931,0.106931,0.001455,0.366617,0.001491,0.073271,0.001724,0.090477,0.001303,0.548994,0.002251,80
active_inference_query_policy,occluded_drawer_recovery,nominal,in_distribution,0.746331,0.004137,0.847636,0.005445,0.058490,0.002063,0.052047,0.002451,0.636549,0.002811,0.612741,0.002614,0.078599,0.001344,0.219933,0.001673,0.082108,0.001337,0.055527,0.001602,0.548709,0.002445,80
active_inference_query_policy,occluded_drawer_recovery,nominal,long_horizon_recovery,0.688072,0.003865,0.641383,0.004484,0.085020,0.002327,0.159309,0.002396,0.617564,0.002582,0.558290,0.002773,0.091044,0.001351,0.316082,0.001674,0.076101,0.001657,0.075303,0.001652,0.548421,0.002419,80
active_inference_query_policy,occluded_drawer_recovery,nominal,new_operator_interventions,0.712653,0.003672,0.726347,0.004824,0.078673,0.002290,0.112078,0.002181,0.615488,0.002655,0.600005,0.002418,0.093575,0.001284,0.259752,0.001480,0.078850,0.001893,0.068839,0.001346,0.550526,0.002904,80
active_inference_query_policy,occluded_drawer_recovery,nominal,sparse_feedback,0.679834,0.003767,0.615097,0.004814,0.120725,0.002219,0.146077,0.002669,0.607331,0.002511,0.591757,0.002728,0.098465,0.001279,0.325577,0.001480,0.076574,0.001826,0.081616,0.001613,0.551552,0.002659,80
active_inference_query_policy,occluded_drawer_recovery,physical_rule_violation,combined_stress,0.562885,0.004151,0.182592,0.004475,0.188005,0.002172,0.360990,0.002244,0.541284,0.002906,0.464852,0.002440,0.160689,0.001411,0.379740,0.001672,0.068346,0.001723,0.131595,0.001549,0.514122,0.002969,80
active_inference_query_policy,occluded_drawer_recovery,physical_rule_violation,in_distribution,0.657189,0.003761,0.519109,0.004369,0.127289,0.002084,0.199897,0.002200,0.586286,0.002425,0.515361,0.002421,0.130958,0.001301,0.234308,0.001572,0.075117,0.001728,0.098429,0.001302,0.513954,0.002957,80
active_inference_query_policy,occluded_drawer_recovery,physical_rule_violation,long_horizon_recovery,0.605245,0.003767,0.321605,0.004459,0.154007,0.002316,0.304506,0.002084,0.566068,0.002492,0.464737,0.002532,0.141869,0.001303,0.331795,0.001474,0.070838,0.001636,0.117961,0.001433,0.511286,0.002873,80
active_inference_query_policy,occluded_drawer_recovery,physical_rule_violation,new_operator_interventions,0.622362,0.003780,0.397166,0.004543,0.147615,0.002508,0.260589,0.002150,0.565290,0.002815,0.504102,0.002780,0.144958,0.001313,0.273837,0.001534,0.071968,0.001599,0.111126,0.001363,0.512460,0.002878,80
active_inference_query_policy,occluded_drawer_recovery,physical_rule_violation,sparse_feedback,0.591760,0.003672,0.291383,0.004369,0.188435,0.002148,0.289878,0.001899,0.553545,0.002488,0.495193,0.002530,0.150409,0.001065,0.338967,0.001708,0.071768,0.001598,0.121503,0.001515,0.512200,0.002636,80
active_inference_query_policy,payload_shift_pick,actuator_model_break,combined_stress,0.544756,0.003365,0.109865,0.004036,0.190539,0.002311,0.394454,0.002482,0.540145,0.002487,0.441592,0.002770,0.191427,0.001154,0.381234,0.001633,0.067018,0.001514,0.135918,0.001230,0.509083,0.003027,80
active_inference_query_policy,payload_shift_pick,actuator_model_break,in_distribution,0.638083,0.003038,0.447657,0.004520,0.130774,0.002109,0.232284,0.002566,0.586073,0.002423,0.493142,0.002840,0.161950,0.001326,0.233635,0.001458,0.072085,0.001527,0.101191,0.001572,0.511320,0.002647,80
active_inference_query_policy,payload_shift_pick,actuator_model_break,long_horizon_recovery,0.581507,0.004388,0.247314,0.005101,0.153783,0.002137,0.336362,0.001959,0.566337,0.002462,0.441598,0.002564,0.173756,0.001242,0.332514,0.001577,0.070317,0.001642,0.120282,0.001196,0.513043,0.002757,80
active_inference_query_policy,payload_shift_pick,actuator_model_break,new_operator_interventions,0.600926,0.003669,0.327625,0.004565,0.147223,0.002170,0.291076,0.002421,0.563206,0.002862,0.484759,0.002660,0.176197,0.001486,0.274876,0.001731,0.070729,0.001457,0.111206,0.001405,0.511155,0.003072,80
active_inference_query_policy,payload_shift_pick,actuator_model_break,sparse_feedback,0.576949,0.004038,0.221245,0.004988,0.188877,0.002274,0.324863,0.002517,0.552752,0.002477,0.472789,0.002960,0.183173,0.001185,0.341373,0.001599,0.069404,0.001629,0.125948,0.001476,0.510890,0.002797,80
active_inference_query_policy,payload_shift_pick,combined_intervention_stress,combined_stress,0.452394,0.003855,-0.240972,0.004749,0.371146,0.002168,0.459709,0.002332,0.416379,0.002538,0.401373,0.002199,0.215185,0.001429,0.410526,0.001580,0.058801,0.001706,0.211791,0.001374,0.417379,0.002620,80
active_inference_query_policy,payload_shift_pick,combined_intervention_stress,in_distribution,0.538774,0.003517,0.088179,0.004450,0.310603,0.001931,0.299242,0.002227,0.461330,0.002777,0.451095,0.002630,0.185041,0.001146,0.263742,0.001364,0.067119,0.001633,0.176104,0.001144,0.414533,0.002585,80
active_inference_query_policy,payload_shift_pick,combined_intervention_stress,long_horizon_recovery,0.488537,0.003739,-0.109356,0.004259,0.337531,0.002309,0.403687,0.002089,0.440874,0.002528,0.400486,0.002269,0.198197,0.000980,0.361104,0.001406,0.062763,0.001610,0.197034,0.001391,0.417074,0.002604,80
active_inference_query_policy,payload_shift_pick,combined_intervention_stress,new_operator_interventions,0.509764,0.004226,-0.028041,0.005127,0.330961,0.002172,0.359572,0.002129,0.441278,0.002903,0.442215,0.002363,0.200201,0.001345,0.304304,0.001665,0.064416,0.001509,0.189487,0.001381,0.418246,0.002488,80
active_inference_query_policy,payload_shift_pick,combined_intervention_stress,sparse_feedback,0.481287,0.004256,-0.134965,0.005168,0.371639,0.002013,0.393175,0.002159,0.432682,0.003043,0.432614,0.002680,0.205932,0.001220,0.369939,0.001581,0.063295,0.001749,0.201740,0.001518,0.418378,0.002352,80
active_inference_query_policy,payload_shift_pick,contact_precondition_failure,combined_stress,0.552869,0.004090,0.151306,0.005002,0.176302,0.002243,0.376834,0.001853,0.549678,0.002771,0.453762,0.002989,0.186131,0.001250,0.377074,0.001746,0.067876,0.001479,0.131380,0.001559,0.516428,0.002355,80
active_inference_query_policy,payload_shift_pick,contact_precondition_failure,in_distribution,0.653730,0.004740,0.498121,0.005693,0.115897,0.002323,0.213054,0.001941,0.594076,0.002553,0.505860,0.002842,0.155482,0.001256,0.231346,0.001348,0.073531,0.001614,0.096305,0.001377,0.518428,0.002503,80
active_inference_query_policy,payload_shift_pick,contact_precondition_failure,long_horizon_recovery,0.595505,0.003521,0.291813,0.004223,0.143195,0.001906,0.319411,0.002050,0.577644,0.002643,0.453069,0.002885,0.168632,0.001453,0.328611,0.001525,0.069644,0.001521,0.115828,0.001394,0.517068,0.002533,80
active_inference_query_policy,payload_shift_pick,contact_precondition_failure,new_operator_interventions,0.618631,0.003890,0.372626,0.004897,0.137684,0.002320,0.275191,0.002300,0.574345,0.002758,0.492836,0.002418,0.170104,0.001534,0.270955,0.001512,0.074258,0.001477,0.109266,0.001430,0.517649,0.002690,80
active_inference_query_policy,payload_shift_pick,contact_precondition_failure,sparse_feedback,0.587993,0.003992,0.263275,0.004602,0.178212,0.002265,0.307520,0.002034,0.565155,0.002747,0.482805,0.002416,0.177383,0.001322,0.337114,0.001614,0.070113,0.001475,0.122949,0.001228,0.519697,0.002547,80
active_inference_query_policy,payload_shift_pick,environment_change_intervention,combined_stress,0.527202,0.003621,0.054987,0.004253,0.210302,0.002157,0.410654,0.002213,0.529386,0.002312,0.430839,0.002466,0.197004,0.001185,0.382710,0.001558,0.064292,0.001739,0.147027,0.001450,0.502938,0.002606,80
active_inference_query_policy,payload_shift_pick,environment_change_intervention,in_distribution,0.622437,0.004301,0.394300,0.005241,0.148651,0.001991,0.249053,0.002212,0.570301,0.002774,0.484179,0.002791,0.167118,0.001260,0.236171,0.001479,0.072205,0.001509,0.110965,0.001503,0.501971,0.002508,80
active_inference_query_policy,payload_shift_pick,environment_change_intervention,long_horizon_recovery,0.568142,0.004430,0.191919,0.005155,0.176090,0.002621,0.353821,0.002035,0.553790,0.002387,0.433009,0.002221,0.181305,0.001400,0.334938,0.001496,0.068085,0.001462,0.130741,0.001373,0.499703,0.002443,80
active_inference_query_policy,payload_shift_pick,environment_change_intervention,new_operator_interventions,0.588166,0.003834,0.271724,0.004776,0.168960,0.002401,0.309763,0.002147,0.549786,0.002785,0.474496,0.002509,0.182429,0.001187,0.276906,0.001743,0.069987,0.001688,0.123795,0.001548,0.499081,0.002744,80
active_inference_query_policy,payload_shift_pick,environment_change_intervention,sparse_feedback,0.560703,0.003928,0.162332,0.004636,0.210423,0.002114,0.343454,0.002189,0.540359,0.002588,0.461845,0.002430,0.189333,0.001194,0.344866,0.001464,0.067461,0.001615,0.138600,0.001194,0.501198,0.002646,80
active_inference_query_policy,payload_shift_pick,false_human_hint,combined_stress,0.559599,0.003868,0.166732,0.004666,0.270103,0.001973,0.287034,0.002188,0.491339,0.002769,0.510897,0.002675,0.153042,0.001388,0.388078,0.001527,0.069019,0.001614,0.157540,0.001421,0.474551,0.002547,80
active_inference_query_policy,payload_shift_pick,false_human_hint,in_distribution,0.652687,0.003579,0.503518,0.004232,0.208854,0.002062,0.125918,0.002239,0.537852,0.002235,0.566708,0.002768,0.124780,0.001273,0.241434,0.001510,0.076455,0.001595,0.123412,0.001495,0.474948,0.002443,80
active_inference_query_policy,payload_shift_pick,false_human_hint,long_horizon_recovery,0.600372,0.003653,0.308554,0.004819,0.232959,0.001977,0.228801,0.002076,0.518688,0.002670,0.511335,0.002621,0.137004,0.001359,0.339078,0.001761,0.070643,0.001697,0.140300,0.001490,0.476645,0.002926,80
active_inference_query_policy,payload_shift_pick,false_human_hint,new_operator_interventions,0.622569,0.004001,0.391713,0.005002,0.225583,0.002326,0.183950,0.001824,0.518312,0.002989,0.554735,0.002578,0.138408,0.001407,0.282122,0.001516,0.071919,0.001525,0.134552,0.001366,0.476868,0.002303,80
active_inference_query_policy,payload_shift_pick,false_human_hint,sparse_feedback,0.592975,0.003732,0.278685,0.004687,0.268598,0.002355,0.220370,0.002361,0.506098,0.002902,0.545570,0.002762,0.145318,0.001207,0.346651,0.001351,0.069518,0.001735,0.147846,0.001441,0.476277,0.002701,80
active_inference_query_policy,payload_shift_pick,noisy_observation,combined_stress,0.592990,0.004011,0.301982,0.004669,0.194969,0.002320,0.264731,0.002487,0.534838,0.002837,0.524080,0.002449,0.145131,0.001308,0.384287,0.001628,0.071451,0.001531,0.115876,0.001305,0.507527,0.002848,80
active_inference_query_policy,payload_shift_pick,noisy_observation,in_distribution,0.687273,0.003862,0.641746,0.004758,0.132162,0.002071,0.103484,0.002466,0.580330,0.002857,0.577432,0.002779,0.116007,0.001398,0.236045,0.001419,0.077543,0.001606,0.081721,0.001473,0.510128,0.002869,80
active_inference_query_policy,payload_shift_pick,noisy_observation,long_horizon_recovery,0.636253,0.004040,0.442706,0.005072,0.160435,0.002301,0.209433,0.002173,0.561032,0.002796,0.526698,0.002576,0.127921,0.001309,0.334449,0.001434,0.071939,0.001526,0.102665,0.001316,0.512952,0.002565,80
active_inference_query_policy,payload_shift_pick,noisy_observation,new_operator_interventions,0.655788,0.003785,0.522948,0.004839,0.153074,0.002413,0.162828,0.001833,0.559531,0.002561,0.566014,0.002687,0.130887,0.001350,0.276485,0.001393,0.073973,0.001967,0.094038,0.001520,0.507654,0.002788,80
active_inference_query_policy,payload_shift_pick,noisy_observation,sparse_feedback,0.628134,0.003862,0.415936,0.004670,0.194284,0.002281,0.196442,0.002479,0.549882,0.002710,0.556947,0.002609,0.136560,0.001355,0.343105,0.001705,0.072044,0.001656,0.107038,0.001442,0.507257,0.002426,80
active_inference_query_policy,payload_shift_pick,nominal,combined_stress,0.647814,0.003978,0.490708,0.004098,0.119907,0.002159,0.214846,0.001990,0.593722,0.002674,0.558598,0.002926,0.128278,0.001358,0.364559,0.001525,0.073731,0.001616,0.090209,0.001401,0.549793,0.002855,80
active_inference_query_policy,payload_shift_pick,nominal,in_distribution,0.737003,0.003364,0.821613,0.003686,0.060455,0.002083,0.052270,0.002410,0.633939,0.002370,0.610597,0.002513,0.098843,0.001339,0.217975,0.001539,0.081077,0.001647,0.056696,0.001396,0.548122,0.002158,80
active_inference_query_policy,payload_shift_pick,nominal,long_horizon_recovery,0.681934,0.004195,0.619980,0.004724,0.086967,0.002330,0.158671,0.002386,0.617769,0.002563,0.558293,0.002680,0.110967,0.001283,0.316629,0.001711,0.076178,0.001379,0.075720,0.001426,0.548432,0.002397,80
active_inference_query_policy,payload_shift_pick,nominal,new_operator_interventions,0.707700,0.003902,0.706382,0.004802,0.079829,0.001950,0.114699,0.002157,0.616698,0.002773,0.603278,0.002471,0.112567,0.001345,0.259837,0.001595,0.078078,0.001547,0.068962,0.001529,0.550761,0.002288,80
active_inference_query_policy,payload_shift_pick,nominal,sparse_feedback,0.675743,0.003935,0.597363,0.004776,0.118735,0.002018,0.147455,0.001870,0.607730,0.002696,0.591702,0.002553,0.118639,0.001376,0.325333,0.001475,0.075285,0.001565,0.080252,0.001407,0.547100,0.002903,80
active_inference_query_policy,payload_shift_pick,physical_rule_violation,combined_stress,0.557863,0.004013,0.164604,0.005179,0.189556,0.002189,0.359237,0.002282,0.543436,0.002669,0.464358,0.002694,0.179487,0.001492,0.380285,0.001625,0.066100,0.001646,0.132274,0.001321,0.511849,0.002876,80
active_inference_query_policy,payload_shift_pick,physical_rule_violation,in_distribution,0.652738,0.004447,0.500188,0.005027,0.129138,0.002024,0.200119,0.002072,0.586402,0.003017,0.516935,0.002623,0.150798,0.001434,0.233409,0.001414,0.074341,0.001767,0.097186,0.001291,0.511388,0.002474,80
active_inference_query_policy,payload_shift_pick,physical_rule_violation,long_horizon_recovery,0.597760,0.003671,0.302585,0.004497,0.153849,0.002152,0.303391,0.002376,0.568968,0.002442,0.465124,0.002583,0.161686,0.001323,0.331486,0.001286,0.070633,0.001771,0.116866,0.001475,0.514715,0.002326,80
active_inference_query_policy,payload_shift_pick,physical_rule_violation,new_operator_interventions,0.615680,0.003810,0.379889,0.004746,0.147059,0.002288,0.260140,0.002412,0.566009,0.002620,0.506115,0.002706,0.163093,0.001400,0.272660,0.001642,0.072452,0.001717,0.109104,0.001551,0.512421,0.002792,80
active_inference_query_policy,payload_shift_pick,physical_rule_violation,sparse_feedback,0.590640,0.004319,0.275462,0.004665,0.187487,0.001906,0.290222,0.002591,0.555255,0.002658,0.495042,0.002356,0.171768,0.001363,0.339579,0.001417,0.070389,0.001763,0.122511,0.001476,0.513579,0.002542,80
active_inference_query_policy,tool_use_correction,actuator_model_break,combined_stress,0.543689,0.003867,0.102997,0.004645,0.190256,0.002120,0.393707,0.002198,0.540086,0.002896,0.443657,0.002353,0.201664,0.001345,0.380287,0.001496,0.066056,0.001792,0.136380,0.001217,0.510741,0.002654,80
active_inference_query_policy,tool_use_correction,actuator_model_break,in_distribution,0.631017,0.004400,0.433750,0.005124,0.127719,0.002273,0.234282,0.002449,0.586672,0.002642,0.495956,0.002863,0.172506,0.001334,0.234925,0.001627,0.073140,0.001536,0.100978,0.001371,0.509489,0.002717,80
active_inference_query_policy,tool_use_correction,actuator_model_break,long_horizon_recovery,0.580786,0.004188,0.239678,0.004863,0.153461,0.001928,0.336903,0.001787,0.565996,0.002442,0.443474,0.002613,0.184520,0.001273,0.331440,0.001619,0.068645,0.001573,0.120195,0.001163,0.513221,0.002511,80
active_inference_query_policy,tool_use_correction,actuator_model_break,new_operator_interventions,0.601380,0.004005,0.321249,0.004388,0.148843,0.002418,0.289889,0.001864,0.565822,0.002741,0.485240,0.002548,0.185718,0.001481,0.274767,0.001541,0.071070,0.001737,0.112834,0.001427,0.513125,0.002347,80
active_inference_query_policy,tool_use_correction,actuator_model_break,sparse_feedback,0.571639,0.004080,0.209273,0.004629,0.190438,0.002473,0.325472,0.002144,0.554655,0.002677,0.472459,0.002581,0.191520,0.001466,0.339835,0.001649,0.069135,0.001791,0.126474,0.001649,0.511078,0.002904,80
active_inference_query_policy,tool_use_correction,combined_intervention_stress,combined_stress,0.445449,0.003765,-0.256680,0.004561,0.372743,0.001973,0.460509,0.002245,0.415864,0.002711,0.400076,0.002568,0.225173,0.001459,0.408691,0.001338,0.060249,0.001423,0.212014,0.001370,0.418928,0.002357,80
active_inference_query_policy,tool_use_correction,combined_intervention_stress,in_distribution,0.542891,0.004254,0.085661,0.004764,0.308110,0.002089,0.299941,0.002256,0.459203,0.002436,0.453554,0.002391,0.196705,0.001292,0.262642,0.001571,0.067041,0.001884,0.175821,0.001508,0.417923,0.002776,80
active_inference_query_policy,tool_use_correction,combined_intervention_stress,long_horizon_recovery,0.481906,0.004383,-0.123328,0.005005,0.338280,0.002187,0.403131,0.002190,0.441661,0.002590,0.401168,0.002340,0.209261,0.001363,0.360159,0.001779,0.064066,0.001536,0.196567,0.001455,0.417537,0.002796,80
active_inference_query_policy,tool_use_correction,combined_intervention_stress,new_operator_interventions,0.506381,0.004203,-0.037937,0.005141,0.329792,0.002238,0.359518,0.002190,0.438492,0.002394,0.441964,0.002720,0.210379,0.001268,0.302884,0.001316,0.065881,0.001517,0.188009,0.001377,0.418355,0.002573,80
active_inference_query_policy,tool_use_correction,combined_intervention_stress,sparse_feedback,0.477513,0.003680,-0.148387,0.004764,0.371442,0.002268,0.393839,0.002400,0.431978,0.002045,0.429848,0.002428,0.217344,0.001383,0.369287,0.001438,0.062667,0.001348,0.203271,0.001450,0.417991,0.002335,80
active_inference_query_policy,tool_use_correction,contact_precondition_failure,combined_stress,0.551596,0.003770,0.142781,0.005039,0.179116,0.002376,0.376492,0.002425,0.552548,0.002525,0.452112,0.002585,0.195217,0.001187,0.377621,0.001635,0.067341,0.001630,0.130462,0.001402,0.517365,0.002669,80
active_inference_query_policy,tool_use_correction,contact_precondition_failure,in_distribution,0.644205,0.003737,0.477084,0.004088,0.117883,0.002099,0.217487,0.001751,0.594304,0.002479,0.506588,0.002535,0.165686,0.001427,0.230440,0.001567,0.072970,0.001666,0.097551,0.001469,0.517843,0.002412,80
active_inference_query_policy,tool_use_correction,contact_precondition_failure,long_horizon_recovery,0.591547,0.003952,0.279988,0.004862,0.142762,0.002302,0.319877,0.002350,0.574308,0.002464,0.454859,0.002673,0.178651,0.001142,0.328448,0.001320,0.069680,0.001606,0.117155,0.001663,0.519618,0.002636,80
active_inference_query_policy,tool_use_correction,contact_precondition_failure,new_operator_interventions,0.612150,0.003276,0.360676,0.004114,0.136394,0.002081,0.274714,0.002414,0.572047,0.002730,0.494150,0.002513,0.180100,0.001285,0.271241,0.001584,0.071201,0.001531,0.108987,0.001374,0.518386,0.002188,80
active_inference_query_policy,tool_use_correction,contact_precondition_failure,sparse_feedback,0.582366,0.004584,0.249089,0.005276,0.178945,0.002181,0.310063,0.002152,0.561250,0.002557,0.486363,0.002508,0.186433,0.001357,0.337247,0.001519,0.068778,0.001580,0.122364,0.001498,0.517250,0.002737,80
active_inference_query_policy,tool_use_correction,environment_change_intervention,combined_stress,0.527458,0.003773,0.048702,0.004904,0.209042,0.002264,0.410052,0.002240,0.528217,0.002378,0.433645,0.002611,0.207389,0.001236,0.384947,0.001479,0.066894,0.001736,0.146192,0.001489,0.504477,0.002643,80
active_inference_query_policy,tool_use_correction,environment_change_intervention,in_distribution,0.618851,0.003774,0.382982,0.004718,0.149709,0.002077,0.247625,0.002499,0.572765,0.002728,0.483503,0.003025,0.179115,0.001367,0.237037,0.001465,0.070599,0.001882,0.111256,0.001326,0.502696,0.002879,80
active_inference_query_policy,tool_use_correction,environment_change_intervention,long_horizon_recovery,0.565594,0.003880,0.183969,0.004154,0.175455,0.002231,0.352925,0.001944,0.555780,0.002487,0.434444,0.002899,0.191351,0.001325,0.333599,0.001592,0.068337,0.001564,0.131144,0.001250,0.498076,0.002565,80
active_inference_query_policy,tool_use_correction,environment_change_intervention,new_operator_interventions,0.587741,0.004156,0.262565,0.005187,0.169445,0.002377,0.311640,0.002317,0.550473,0.003068,0.472413,0.002491,0.191669,0.001441,0.276787,0.001566,0.069177,0.001637,0.125315,0.001311,0.501728,0.002761,80
active_inference_query_policy,tool_use_correction,environment_change_intervention,sparse_feedback,0.559149,0.004105,0.155951,0.004585,0.211335,0.002397,0.341510,0.002351,0.541021,0.002470,0.463789,0.002748,0.199537,0.001284,0.343583,0.001410,0.068652,0.001583,0.136570,0.001420,0.502788,0.002607,80
active_inference_query_policy,tool_use_correction,false_human_hint,combined_stress,0.563409,0.003915,0.165059,0.005017,0.268200,0.002004,0.287418,0.002306,0.493009,0.002589,0.511024,0.002751,0.163080,0.001291,0.388003,0.001394,0.068545,0.001730,0.156961,0.001358,0.475789,0.002586,80
active_inference_query_policy,tool_use_correction,false_human_hint,in_distribution,0.652579,0.003977,0.497623,0.004656,0.207505,0.002158,0.126177,0.002291,0.537511,0.002542,0.565359,0.002350,0.133876,0.001210,0.241857,0.001463,0.075055,0.001479,0.123193,0.001403,0.477155,0.002697,80
active_inference_query_policy,tool_use_correction,false_human_hint,long_horizon_recovery,0.594763,0.003831,0.293381,0.004935,0.233130,0.002297,0.231181,0.002330,0.519252,0.002611,0.512713,0.002576,0.147107,0.001286,0.338891,0.001704,0.071399,0.001524,0.142810,0.001456,0.477526,0.002829,80
active_inference_query_policy,tool_use_correction,false_human_hint,new_operator_interventions,0.621305,0.003626,0.378598,0.004942,0.226200,0.002086,0.187406,0.002196,0.515748,0.002752,0.550837,0.002667,0.148223,0.001517,0.282727,0.001381,0.072657,0.001599,0.134476,0.001437,0.474246,0.003094,80
active_inference_query_policy,tool_use_correction,false_human_hint,sparse_feedback,0.593663,0.003675,0.272208,0.004108,0.270318,0.002048,0.217986,0.002501,0.507579,0.002595,0.541437,0.002339,0.154882,0.001357,0.347573,0.001672,0.070375,0.001583,0.148035,0.001365,0.478049,0.002547,80
active_inference_query_policy,tool_use_correction,noisy_observation,combined_stress,0.595107,0.004151,0.296988,0.004471,0.195119,0.002218,0.264705,0.001996,0.535489,0.002313,0.528618,0.002478,0.156336,0.001194,0.382919,0.001652,0.070453,0.001551,0.117216,0.001430,0.506799,0.002950,80
active_inference_query_policy,tool_use_correction,noisy_observation,in_distribution,0.688899,0.004142,0.636627,0.004753,0.131037,0.001842,0.103950,0.002209,0.579155,0.003015,0.578300,0.002520,0.126184,0.001046,0.236378,0.001338,0.076650,0.001534,0.080879,0.001515,0.509007,0.002338,80
active_inference_query_policy,tool_use_correction,noisy_observation,long_horizon_recovery,0.633237,0.003682,0.435072,0.004164,0.156694,0.002425,0.207799,0.002190,0.562441,0.002732,0.525184,0.002342,0.138799,0.001289,0.335404,0.001455,0.073707,0.001754,0.100420,0.001419,0.506412,0.002658,80
active_inference_query_policy,tool_use_correction,noisy_observation,new_operator_interventions,0.651868,0.004094,0.511287,0.004723,0.153002,0.002442,0.163549,0.001795,0.560407,0.002499,0.566230,0.002302,0.140715,0.001444,0.277301,0.001565,0.074539,0.001471,0.094935,0.001352,0.509276,0.002436,80
active_inference_query_policy,tool_use_correction,noisy_observation,sparse_feedback,0.624027,0.003756,0.403723,0.004534,0.193180,0.002187,0.196281,0.002199,0.547092,0.002680,0.556503,0.002748,0.146639,0.001482,0.343831,0.001473,0.073462,0.001714,0.107893,0.001386,0.505968,0.002344,80
active_inference_query_policy,tool_use_correction,nominal,combined_stress,0.646165,0.003962,0.481541,0.004380,0.122027,0.002029,0.215069,0.002062,0.595159,0.002576,0.559143,0.002622,0.137032,0.001350,0.365937,0.001740,0.072263,0.001625,0.090702,0.001334,0.550090,0.002638,80
active_inference_query_policy,tool_use_correction,nominal,in_distribution,0.741342,0.003932,0.819969,0.005002,0.060210,0.002153,0.052925,0.002182,0.636300,0.002816,0.611448,0.002592,0.108411,0.001306,0.219392,0.001504,0.080284,0.001678,0.055424,0.001284,0.550342,0.002629,80
active_inference_query_policy,tool_use_correction,nominal,long_horizon_recovery,0.683176,0.003478,0.617146,0.004278,0.084103,0.001874,0.156613,0.002429,0.617899,0.002229,0.558542,0.002694,0.121153,0.001346,0.317403,0.001638,0.077284,0.001736,0.075317,0.001244,0.550774,0.002756,80
active_inference_query_policy,tool_use_correction,nominal,new_operator_interventions,0.702963,0.003947,0.693564,0.005031,0.081072,0.002384,0.114896,0.002071,0.617923,0.002626,0.598875,0.002522,0.122531,0.001253,0.258875,0.001382,0.078001,0.001564,0.067900,0.001330,0.549455,0.002453,80
active_inference_query_policy,tool_use_correction,nominal,sparse_feedback,0.674968,0.003924,0.587584,0.004308,0.121801,0.002288,0.146041,0.002046,0.606350,0.002456,0.591841,0.002823,0.129164,0.001160,0.325202,0.001453,0.075552,0.001407,0.082064,0.001418,0.552589,0.002475,80
active_inference_query_policy,tool_use_correction,physical_rule_violation,combined_stress,0.559116,0.004105,0.158145,0.005065,0.189338,0.001659,0.358842,0.002234,0.543426,0.002898,0.465219,0.003005,0.190123,0.001455,0.380443,0.001593,0.068457,0.001273,0.132508,0.001566,0.511692,0.002700,80
active_inference_query_policy,tool_use_correction,physical_rule_violation,in_distribution,0.651428,0.003971,0.490480,0.004831,0.127832,0.002352,0.200645,0.002277,0.586134,0.002676,0.515011,0.002486,0.161648,0.001239,0.233701,0.001302,0.074163,0.001429,0.098472,0.001430,0.511517,0.002109,80
active_inference_query_policy,tool_use_correction,physical_rule_violation,long_horizon_recovery,0.595055,0.003734,0.291005,0.004861,0.152111,0.002296,0.303483,0.002275,0.565826,0.002392,0.465197,0.002874,0.173412,0.001153,0.331165,0.001546,0.069469,0.001518,0.118671,0.001385,0.511520,0.002929,80
active_inference_query_policy,tool_use_correction,physical_rule_violation,new_operator_interventions,0.615015,0.004199,0.372033,0.004446,0.148106,0.002112,0.257965,0.002381,0.565777,0.002527,0.505491,0.002498,0.174187,0.001398,0.271399,0.001383,0.072119,0.001490,0.109607,0.001295,0.511623,0.002412,80
active_inference_query_policy,tool_use_correction,physical_rule_violation,sparse_feedback,0.586603,0.004265,0.263359,0.004968,0.190609,0.002073,0.290204,0.002121,0.554748,0.002633,0.495404,0.002968,0.179796,0.001278,0.339401,0.001447,0.069887,0.001611,0.123612,0.001385,0.512728,0.002823,80
causal_discovery_revision,bin_packing_recovery,actuator_model_break,combined_stress,0.568853,0.004512,0.270524,0.005049,0.123086,0.001889,0.327962,0.002507,0.632585,0.002424,0.510029,0.002537,0.204252,0.001324,0.396022,0.001393,0.066512,0.001513,0.099749,0.001651,0.601318,0.002293,80
causal_discovery_revision,bin_packing_recovery,actuator_model_break,in_distribution,0.669230,0.003775,0.615379,0.004574,0.059514,0.002286,0.167189,0.002492,0.676182,0.002920,0.563755,0.003027,0.175610,0.001327,0.250706,0.001490,0.072903,0.001703,0.063933,0.001292,0.602105,0.002496,80
causal_discovery_revision,bin_packing_recovery,actuator_model_break,long_horizon_recovery,0.608735,0.003730,0.408762,0.005006,0.088248,0.002189,0.270936,0.002134,0.659109,0.002626,0.510890,0.002717,0.187507,0.001472,0.348496,0.001720,0.068794,0.001419,0.083618,0.001558,0.604815,0.002690,80
causal_discovery_revision,bin_packing_recovery,actuator_model_break,new_operator_interventions,0.633302,0.004376,0.492627,0.005399,0.080406,0.002374,0.226502,0.001773,0.657267,0.003134,0.551627,0.002197,0.190780,0.001127,0.289017,0.001903,0.070582,0.001880,0.076890,0.001416,0.602077,0.002677,80
causal_discovery_revision,bin_packing_recovery,actuator_model_break,sparse_feedback,0.604600,0.003786,0.385527,0.004516,0.123086,0.002297,0.258286,0.001971,0.648869,0.002773,0.542588,0.002723,0.195686,0.001260,0.357165,0.001544,0.068004,0.001345,0.090099,0.001439,0.602339,0.002522,80
causal_discovery_revision,bin_packing_recovery,combined_intervention_stress,combined_stress,0.477122,0.003949,-0.082186,0.005030,0.304308,0.002228,0.394476,0.002385,0.510306,0.002536,0.467406,0.002598,0.229197,0.001211,0.424995,0.001493,0.061199,0.001590,0.175095,0.001371,0.510353,0.002764,80
causal_discovery_revision,bin_packing_recovery,combined_intervention_stress,in_distribution,0.573913,0.004208,0.259788,0.004691,0.242676,0.002539,0.232266,0.002215,0.554827,0.002446,0.518256,0.002694,0.198752,0.001412,0.278407,0.001527,0.067019,0.001713,0.140289,0.001338,0.510367,0.002869,80
causal_discovery_revision,bin_packing_recovery,combined_intervention_stress,long_horizon_recovery,0.515767,0.003928,0.056178,0.005153,0.268558,0.002174,0.336821,0.002311,0.538039,0.002570,0.468140,0.002298,0.212464,0.001394,0.376540,0.001513,0.062339,0.001718,0.159288,0.001501,0.511309,0.002793,80
causal_discovery_revision,bin_packing_recovery,combined_intervention_stress,new_operator_interventions,0.536028,0.004197,0.134936,0.005859,0.261650,0.002229,0.294899,0.002158,0.534453,0.002881,0.508689,0.002717,0.213437,0.001434,0.317269,0.001528,0.063497,0.001457,0.152296,0.001446,0.509275,0.002668,80
causal_discovery_revision,bin_packing_recovery,combined_intervention_stress,sparse_feedback,0.509245,0.003641,0.027328,0.004256,0.304565,0.002292,0.325805,0.002358,0.523397,0.002392,0.497163,0.002207,0.220202,0.001219,0.384430,0.001398,0.061775,0.001387,0.166429,0.001399,0.509230,0.002486,80
causal_discovery_revision,bin_packing_recovery,contact_precondition_failure,combined_stress,0.585198,0.003770,0.317490,0.004633,0.112085,0.001954,0.311199,0.002278,0.643990,0.002796,0.520306,0.003079,0.198743,0.001323,0.391400,0.001385,0.067348,0.001580,0.095535,0.001434,0.607563,0.002494,80
causal_discovery_revision,bin_packing_recovery,contact_precondition_failure,in_distribution,0.675805,0.003802,0.654967,0.004721,0.050504,0.002065,0.147790,0.002560,0.690328,0.002443,0.573195,0.002647,0.169220,0.001438,0.245695,0.001697,0.072090,0.001557,0.060152,0.001425,0.610634,0.002469,80
causal_discovery_revision,bin_packing_recovery,contact_precondition_failure,long_horizon_recovery,0.627319,0.004099,0.459411,0.004748,0.075236,0.001815,0.252973,0.002373,0.668105,0.002850,0.523476,0.002533,0.182306,0.001479,0.342891,0.001489,0.069937,0.001389,0.079962,0.001302,0.608388,0.002675,80
causal_discovery_revision,bin_packing_recovery,contact_precondition_failure,new_operator_interventions,0.642919,0.004550,0.534981,0.004901,0.069566,0.002258,0.208441,0.002258,0.667143,0.002598,0.563139,0.002491,0.183388,0.001388,0.285153,0.001296,0.072743,0.001293,0.071446,0.001590,0.606912,0.002743,80
causal_discovery_revision,bin_packing_recovery,contact_precondition_failure,sparse_feedback,0.618930,0.003382,0.431715,0.004614,0.111475,0.002395,0.241294,0.002085,0.657066,0.002889,0.553082,0.002616,0.188327,0.001464,0.352386,0.001606,0.069048,0.001745,0.085782,0.001489,0.608631,0.002520,80
causal_discovery_revision,bin_packing_recovery,environment_change_intervention,combined_stress,0.560251,0.003987,0.224363,0.004571,0.142198,0.002081,0.343793,0.002203,0.621852,0.002882,0.499711,0.002965,0.210204,0.001388,0.398165,0.001827,0.065539,0.001692,0.109946,0.001261,0.591095,0.002335,80
causal_discovery_revision,bin_packing_recovery,environment_change_intervention,in_distribution,0.655150,0.003797,0.563821,0.004363,0.079092,0.002207,0.184264,0.002110,0.665724,0.002555,0.554605,0.002765,0.180462,0.001387,0.251386,0.001435,0.071435,0.001582,0.075152,0.001352,0.591519,0.002580,80
causal_discovery_revision,bin_packing_recovery,environment_change_intervention,long_horizon_recovery,0.599177,0.003807,0.360709,0.004658,0.107342,0.001907,0.286856,0.002460,0.649238,0.002584,0.500918,0.002292,0.193384,0.001495,0.351378,0.001477,0.066517,0.001578,0.095769,0.001245,0.589690,0.002916,80
causal_discovery_revision,bin_packing_recovery,environment_change_intervention,new_operator_interventions,0.621909,0.003890,0.440336,0.004370,0.102430,0.002011,0.243505,0.002384,0.643202,0.002676,0.540284,0.002647,0.195131,0.001232,0.290928,0.001413,0.070291,0.001457,0.088777,0.001204,0.590746,0.002639,80
causal_discovery_revision,bin_packing_recovery,environment_change_intervention,sparse_feedback,0.588767,0.003908,0.328459,0.004199,0.144690,0.002248,0.275512,0.002499,0.635635,0.002762,0.532307,0.002443,0.202054,0.001318,0.358673,0.001539,0.067451,0.001459,0.101247,0.001447,0.591215,0.002666,80
causal_discovery_revision,bin_packing_recovery,false_human_hint,combined_stress,0.589233,0.003892,0.331592,0.005089,0.202178,0.002229,0.221554,0.002219,0.586119,0.002516,0.578907,0.002701,0.168090,0.001391,0.403024,0.001533,0.066898,0.001482,0.120789,0.001550,0.564762,0.002740,80
causal_discovery_revision,bin_packing_recovery,false_human_hint,in_distribution,0.684828,0.003734,0.673833,0.004799,0.139582,0.002344,0.058836,0.002134,0.630516,0.002785,0.630423,0.002690,0.137059,0.001497,0.255493,0.001675,0.074494,0.001348,0.085649,0.001333,0.563923,0.002436,80
causal_discovery_revision,bin_packing_recovery,false_human_hint,long_horizon_recovery,0.633172,0.004040,0.477155,0.004485,0.163811,0.001920,0.164881,0.001910,0.612230,0.002788,0.578738,0.002547,0.148609,0.001221,0.352915,0.001651,0.069599,0.001539,0.105825,0.001586,0.564907,0.002289,80
causal_discovery_revision,bin_packing_recovery,false_human_hint,new_operator_interventions,0.651205,0.004055,0.551403,0.004320,0.159626,0.001963,0.121999,0.002163,0.609922,0.002571,0.620110,0.002772,0.151141,0.001391,0.297404,0.001531,0.070077,0.001365,0.098868,0.001385,0.564704,0.002638,80
causal_discovery_revision,bin_packing_recovery,false_human_hint,sparse_feedback,0.621001,0.003939,0.440674,0.004768,0.204010,0.002123,0.154682,0.002366,0.600914,0.002071,0.610201,0.002736,0.157024,0.001273,0.362077,0.001461,0.068844,0.001308,0.112406,0.001460,0.565699,0.002275,80
causal_discovery_revision,bin_packing_recovery,noisy_observation,combined_stress,0.628099,0.004111,0.472322,0.004504,0.130036,0.001994,0.196466,0.001981,0.628305,0.002849,0.593167,0.002807,0.159167,0.001474,0.398494,0.001418,0.069686,0.001543,0.081042,0.001441,0.598266,0.002948,80
causal_discovery_revision,bin_packing_recovery,noisy_observation,in_distribution,0.716581,0.003922,0.804882,0.004277,0.065859,0.002253,0.037766,0.002163,0.671411,0.002356,0.646961,0.002650,0.129993,0.001157,0.250990,0.001402,0.075152,0.001622,0.046591,0.001432,0.598829,0.002551,80
causal_discovery_revision,bin_packing_recovery,noisy_observation,long_horizon_recovery,0.663941,0.003684,0.605081,0.004265,0.093480,0.002357,0.141892,0.002493,0.654775,0.002826,0.594158,0.002616,0.142809,0.001316,0.348542,0.001407,0.072141,0.001518,0.066491,0.001532,0.596370,0.002898,80
causal_discovery_revision,bin_packing_recovery,noisy_observation,new_operator_interventions,0.682992,0.003865,0.686954,0.004828,0.085659,0.001721,0.097278,0.002254,0.651831,0.002488,0.637183,0.002709,0.142986,0.001482,0.290558,0.001390,0.073527,0.001414,0.057964,0.001389,0.597506,0.002597,80
causal_discovery_revision,bin_packing_recovery,noisy_observation,sparse_feedback,0.657272,0.004181,0.579976,0.004716,0.126779,0.002298,0.131735,0.002313,0.641547,0.002532,0.626111,0.002838,0.150132,0.001353,0.356582,0.001362,0.072581,0.001479,0.070389,0.001617,0.598371,0.002750,80
causal_discovery_revision,bin_packing_recovery,nominal,combined_stress,0.674148,0.003827,0.651118,0.004556,0.056069,0.002305,0.146555,0.002373,0.685587,0.002849,0.624164,0.002452,0.140394,0.001224,0.380851,0.001645,0.073645,0.001382,0.055129,0.001144,0.639353,0.002112,80
causal_discovery_revision,bin_packing_recovery,nominal,in_distribution,0.767605,0.004830,0.972910,0.004748,0.001124,0.000664,0.000949,0.000526,0.730716,0.002770,0.677929,0.002644,0.112552,0.001228,0.235939,0.001531,0.079548,0.001369,0.020075,0.001339,0.642248,0.002937,80
causal_discovery_revision,bin_packing_recovery,nominal,long_horizon_recovery,0.718366,0.003814,0.795790,0.004874,0.018205,0.002049,0.090892,0.002254,0.712103,0.002801,0.627575,0.002514,0.123082,0.001407,0.332282,0.001528,0.074102,0.001464,0.039019,0.001192,0.639536,0.002919,80
causal_discovery_revision,bin_packing_recovery,nominal,new_operator_interventions,0.733263,0.003608,0.868674,0.004502,0.012855,0.001839,0.045890,0.002005,0.710482,0.003065,0.663233,0.002292,0.125468,0.001304,0.274357,0.001484,0.077362,0.001526,0.031209,0.001616,0.639920,0.002615,80
causal_discovery_revision,bin_packing_recovery,nominal,sparse_feedback,0.706052,0.003501,0.764183,0.003994,0.053321,0.002101,0.078247,0.002517,0.700043,0.002003,0.657299,0.002468,0.131470,0.001387,0.340191,0.001457,0.074659,0.001478,0.043812,0.001624,0.639087,0.002746,80
causal_discovery_revision,bin_packing_recovery,physical_rule_violation,combined_stress,0.592073,0.004107,0.335533,0.005111,0.119832,0.002128,0.293438,0.002065,0.636959,0.002625,0.531543,0.002517,0.192381,0.001511,0.394501,0.001458,0.066530,0.001472,0.096575,0.001546,0.601461,0.002569,80
causal_discovery_revision,bin_packing_recovery,physical_rule_violation,in_distribution,0.682255,0.003790,0.668032,0.004595,0.061536,0.002383,0.133117,0.002196,0.678315,0.002808,0.584227,0.002865,0.161735,0.001296,0.246320,0.001443,0.073269,0.001395,0.060974,0.001433,0.601854,0.002576,80
causal_discovery_revision,bin_packing_recovery,physical_rule_violation,long_horizon_recovery,0.625406,0.004221,0.463668,0.004837,0.087381,0.002375,0.237437,0.001970,0.659983,0.002837,0.531964,0.002413,0.175907,0.001408,0.345448,0.001520,0.070202,0.001396,0.080897,0.001540,0.602104,0.002751,80
causal_discovery_revision,bin_packing_recovery,physical_rule_violation,new_operator_interventions,0.646154,0.003797,0.544129,0.004507,0.080566,0.001997,0.192648,0.002108,0.660477,0.002420,0.572256,0.003067,0.178439,0.001171,0.286804,0.001433,0.071039,0.001412,0.075492,0.001237,0.602522,0.002590,80
causal_discovery_revision,bin_packing_recovery,physical_rule_violation,sparse_feedback,0.617577,0.004089,0.435201,0.004853,0.123089,0.002154,0.226954,0.002085,0.648000,0.002634,0.562398,0.002474,0.183520,0.001245,0.354563,0.001261,0.068019,0.001415,0.087118,0.001514,0.604247,0.002567,80
causal_discovery_revision,deformable_contact_replan,actuator_model_break,combined_stress,0.574983,0.004035,0.283894,0.004822,0.122603,0.002441,0.328376,0.002017,0.634746,0.002787,0.509045,0.002697,0.195565,0.001234,0.396254,0.001274,0.065414,0.001344,0.098727,0.001410,0.603403,0.002805,80
causal_discovery_revision,deformable_contact_replan,actuator_model_break,in_distribution,0.667021,0.003829,0.619800,0.004337,0.060718,0.002190,0.166584,0.002043,0.676939,0.002758,0.561757,0.002752,0.165871,0.001309,0.249463,0.001543,0.072155,0.001484,0.064422,0.001534,0.600976,0.002982,80
causal_discovery_revision,deformable_contact_replan,actuator_model_break,long_horizon_recovery,0.615308,0.003591,0.422970,0.005036,0.090056,0.002031,0.269833,0.002420,0.659755,0.002766,0.512955,0.002782,0.176471,0.001183,0.347247,0.001637,0.068576,0.001730,0.084908,0.001560,0.602149,0.002924,80
causal_discovery_revision,deformable_contact_replan,actuator_model_break,new_operator_interventions,0.636084,0.004171,0.504990,0.005016,0.080028,0.002419,0.224753,0.002152,0.656955,0.002499,0.550227,0.002273,0.179594,0.001567,0.288910,0.001713,0.070290,0.001663,0.076136,0.001440,0.603123,0.002448,80
causal_discovery_revision,deformable_contact_replan,actuator_model_break,sparse_feedback,0.607200,0.003728,0.396007,0.004676,0.122887,0.002212,0.258289,0.002147,0.647649,0.002542,0.542833,0.002094,0.184699,0.001175,0.356426,0.001505,0.067269,0.001496,0.090243,0.001400,0.600941,0.002941,80
causal_discovery_revision,deformable_contact_replan,combined_intervention_stress,combined_stress,0.480639,0.004196,-0.071353,0.004562,0.305474,0.002401,0.394156,0.002167,0.511823,0.002831,0.466381,0.002814,0.218400,0.001236,0.426238,0.001696,0.060394,0.001503,0.174756,0.001327,0.510295,0.002585,80
causal_discovery_revision,deformable_contact_replan,combined_intervention_stress,in_distribution,0.575278,0.004126,0.267751,0.004513,0.242491,0.002168,0.231767,0.002224,0.552588,0.002940,0.519665,0.002690,0.190112,0.001066,0.278042,0.001688,0.067220,0.001462,0.139898,0.001380,0.509860,0.002563,80
causal_discovery_revision,deformable_contact_replan,combined_intervention_stress,long_horizon_recovery,0.522955,0.003885,0.068287,0.005013,0.269143,0.002003,0.338298,0.002483,0.532305,0.002434,0.466067,0.002317,0.201088,0.001378,0.374982,0.001551,0.061781,0.001254,0.159832,0.001382,0.509462,0.003033,80
causal_discovery_revision,deformable_contact_replan,combined_intervention_stress,new_operator_interventions,0.541298,0.004381,0.146495,0.005195,0.263505,0.002275,0.293897,0.002290,0.533214,0.002594,0.509192,0.002695,0.202161,0.001459,0.316997,0.001387,0.064069,0.001623,0.154696,0.001527,0.508916,0.002807,80
causal_discovery_revision,deformable_contact_replan,combined_intervention_stress,sparse_feedback,0.511797,0.004014,0.035644,0.004709,0.306789,0.001998,0.327187,0.002054,0.521288,0.002883,0.499990,0.002542,0.208837,0.000997,0.384573,0.001575,0.061828,0.001373,0.166037,0.001508,0.506686,0.002967,80
causal_discovery_revision,deformable_contact_replan,contact_precondition_failure,combined_stress,0.586850,0.003785,0.325314,0.004766,0.113886,0.002108,0.310388,0.001963,0.643221,0.002719,0.516306,0.002360,0.187836,0.001258,0.392090,0.001454,0.065867,0.001433,0.096661,0.001262,0.610785,0.002677,80
causal_discovery_revision,deformable_contact_replan,contact_precondition_failure,in_distribution,0.679877,0.004027,0.662511,0.004687,0.051855,0.001981,0.149737,0.002092,0.688200,0.002431,0.572976,0.002709,0.159101,0.001315,0.246204,0.001571,0.073626,0.001465,0.061063,0.001401,0.609124,0.002738,80
causal_discovery_revision,deformable_contact_replan,contact_precondition_failure,long_horizon_recovery,0.627539,0.003833,0.465787,0.004901,0.076386,0.002191,0.254424,0.002293,0.671477,0.002260,0.522381,0.002684,0.173107,0.001328,0.343134,0.001649,0.068735,0.001321,0.078989,0.001403,0.609505,0.002445,80
causal_discovery_revision,deformable_contact_replan,contact_precondition_failure,new_operator_interventions,0.645284,0.003845,0.545769,0.004682,0.070392,0.002156,0.207691,0.002308,0.668015,0.002922,0.561492,0.002404,0.171755,0.001357,0.284852,0.001580,0.070753,0.001507,0.072494,0.001561,0.608888,0.002815,80
causal_discovery_revision,deformable_contact_replan,contact_precondition_failure,sparse_feedback,0.617829,0.004118,0.436041,0.004521,0.110664,0.001924,0.241311,0.002156,0.658759,0.002962,0.553306,0.002497,0.180621,0.001360,0.353434,0.001802,0.069564,0.001456,0.086427,0.001228,0.604214,0.002688,80
causal_discovery_revision,deformable_contact_replan,environment_change_intervention,combined_stress,0.563073,0.003957,0.231824,0.004835,0.145082,0.002211,0.343479,0.002155,0.621061,0.002496,0.499746,0.002651,0.201567,0.001199,0.397380,0.001579,0.064383,0.001740,0.110454,0.001284,0.591137,0.002608,80
causal_discovery_revision,deformable_contact_replan,environment_change_intervention,in_distribution,0.650220,0.003884,0.561355,0.004950,0.083889,0.002062,0.184415,0.002321,0.664325,0.002953,0.551443,0.002914,0.171264,0.001350,0.251629,0.001391,0.071218,0.001696,0.075621,0.001626,0.592230,0.002806,80
causal_discovery_revision,deformable_contact_replan,environment_change_intervention,long_horizon_recovery,0.597092,0.004156,0.365461,0.005018,0.106663,0.002399,0.288960,0.002310,0.646948,0.002757,0.501624,0.002977,0.183343,0.001263,0.349935,0.001538,0.066474,0.001334,0.095392,0.001420,0.594384,0.002485,80
causal_discovery_revision,deformable_contact_replan,environment_change_intervention,new_operator_interventions,0.621350,0.004400,0.447597,0.005200,0.102610,0.002045,0.244548,0.002016,0.643208,0.002819,0.540783,0.002526,0.184162,0.001145,0.291511,0.001556,0.067927,0.001575,0.088145,0.001580,0.591298,0.002584,80
causal_discovery_revision,deformable_contact_replan,environment_change_intervention,sparse_feedback,0.593988,0.004240,0.341536,0.005242,0.143551,0.002348,0.275329,0.002060,0.633631,0.002537,0.529116,0.002678,0.191954,0.001291,0.357312,0.001503,0.068544,0.001545,0.099745,0.001281,0.593926,0.002743,80
causal_discovery_revision,deformable_contact_replan,false_human_hint,combined_stress,0.594556,0.004051,0.345272,0.004744,0.202405,0.002227,0.221329,0.002282,0.587010,0.002758,0.578713,0.002534,0.156041,0.001002,0.404146,0.001385,0.066681,0.001505,0.121414,0.001513,0.565859,0.002659,80
causal_discovery_revision,deformable_contact_replan,false_human_hint,in_distribution,0.689093,0.003960,0.684793,0.004317,0.139393,0.002289,0.058752,0.002299,0.631446,0.002570,0.630362,0.002706,0.127594,0.001498,0.257177,0.001506,0.073470,0.001762,0.086364,0.001478,0.565050,0.002369,80
causal_discovery_revision,deformable_contact_replan,false_human_hint,long_horizon_recovery,0.630153,0.003723,0.478261,0.004572,0.164970,0.002066,0.166751,0.001831,0.611923,0.002361,0.578604,0.002393,0.139319,0.001323,0.354424,0.001540,0.069055,0.001486,0.106349,0.001415,0.565010,0.002620,80
causal_discovery_revision,deformable_contact_replan,false_human_hint,new_operator_interventions,0.650577,0.004032,0.562940,0.004657,0.158843,0.002054,0.117409,0.001982,0.609528,0.002628,0.620580,0.002893,0.140294,0.001399,0.295933,0.001448,0.071546,0.001438,0.097625,0.001521,0.564939,0.002591,80
causal_discovery_revision,deformable_contact_replan,false_human_hint,sparse_feedback,0.623012,0.003983,0.449097,0.005040,0.202672,0.002290,0.154637,0.002517,0.600397,0.002491,0.607187,0.002368,0.148147,0.001398,0.363705,0.001549,0.068521,0.001849,0.111137,0.001633,0.563832,0.002685,80
causal_discovery_revision,deformable_contact_replan,noisy_observation,combined_stress,0.626404,0.004017,0.477968,0.004846,0.128178,0.002359,0.197897,0.002195,0.630187,0.002715,0.590084,0.002568,0.149132,0.001278,0.398118,0.001570,0.069534,0.001542,0.080800,0.001512,0.597548,0.002442,80
causal_discovery_revision,deformable_contact_replan,noisy_observation,in_distribution,0.718904,0.004002,0.813911,0.004573,0.065905,0.002217,0.038920,0.002354,0.671658,0.002525,0.646025,0.002565,0.118695,0.001240,0.251694,0.001386,0.075615,0.001473,0.046486,0.001338,0.597150,0.002643,80
causal_discovery_revision,deformable_contact_replan,noisy_observation,long_horizon_recovery,0.669365,0.004225,0.618241,0.004997,0.093181,0.001836,0.142233,0.002148,0.655754,0.002559,0.595294,0.002533,0.133223,0.001344,0.349332,0.001611,0.072112,0.001637,0.065170,0.001424,0.597947,0.002608,80
causal_discovery_revision,deformable_contact_replan,noisy_observation,new_operator_interventions,0.683063,0.003719,0.690493,0.004631,0.087455,0.002458,0.097859,0.002099,0.652213,0.002547,0.633108,0.002287,0.133640,0.001398,0.291822,0.001590,0.073226,0.001446,0.059380,0.001405,0.596793,0.002761,80
causal_discovery_revision,deformable_contact_replan,noisy_observation,sparse_feedback,0.655506,0.003909,0.584198,0.004705,0.127103,0.002269,0.132021,0.002299,0.640886,0.002608,0.624049,0.002772,0.140052,0.001502,0.357507,0.001565,0.070325,0.001471,0.071161,0.001390,0.596592,0.002613,80
causal_discovery_revision,deformable_contact_replan,nominal,combined_stress,0.674692,0.003640,0.659536,0.004009,0.054149,0.001996,0.147899,0.002191,0.688795,0.002631,0.623846,0.002698,0.130517,0.001387,0.381514,0.001470,0.073245,0.001705,0.055042,0.001340,0.638153,0.002311,80
causal_discovery_revision,deformable_contact_replan,nominal,in_distribution,0.773146,0.003964,0.987995,0.004366,0.000916,0.000482,0.000669,0.000446,0.729929,0.002938,0.679506,0.002550,0.100923,0.001318,0.233980,0.001377,0.078179,0.001596,0.019519,0.001381,0.640077,0.002568,80
causal_discovery_revision,deformable_contact_replan,nominal,long_horizon_recovery,0.716771,0.004402,0.799491,0.004924,0.019317,0.002019,0.091262,0.001809,0.710019,0.002593,0.627318,0.002650,0.113287,0.001354,0.331893,0.001575,0.075416,0.001602,0.039672,0.001326,0.641050,0.002751,80
causal_discovery_revision,deformable_contact_replan,nominal,new_operator_interventions,0.739749,0.003731,0.881633,0.005015,0.013737,0.001901,0.045801,0.002373,0.708924,0.002536,0.666314,0.002581,0.115200,0.001321,0.275316,0.001418,0.077110,0.001367,0.031773,0.001487,0.638186,0.002488,80
causal_discovery_revision,deformable_contact_replan,nominal,sparse_feedback,0.712311,0.004841,0.774787,0.005024,0.054259,0.002093,0.080749,0.002331,0.699638,0.003072,0.657150,0.002655,0.122049,0.001232,0.340819,0.001602,0.074834,0.001470,0.043471,0.001089,0.641132,0.002360,80
causal_discovery_revision,deformable_contact_replan,physical_rule_violation,combined_stress,0.590322,0.004392,0.340215,0.004738,0.120557,0.002165,0.294568,0.002174,0.636620,0.003004,0.531200,0.002260,0.182696,0.001292,0.394198,0.001792,0.067196,0.001524,0.095014,0.001533,0.603666,0.002697,80
causal_discovery_revision,deformable_contact_replan,physical_rule_violation,in_distribution,0.687421,0.004025,0.681767,0.004083,0.060123,0.002077,0.131947,0.002561,0.680331,0.002560,0.586651,0.002687,0.152877,0.001369,0.248278,0.001447,0.072730,0.001489,0.060544,0.001336,0.599892,0.002490,80
causal_discovery_revision,deformable_contact_replan,physical_rule_violation,long_horizon_recovery,0.632474,0.004072,0.481727,0.004792,0.084240,0.002365,0.236534,0.001978,0.660759,0.002264,0.533071,0.002809,0.164963,0.001446,0.345517,0.001528,0.067391,0.001750,0.081471,0.001535,0.601512,0.002747,80
causal_discovery_revision,deformable_contact_replan,physical_rule_violation,new_operator_interventions,0.651920,0.003648,0.560458,0.003841,0.080548,0.002017,0.192292,0.002284,0.661576,0.003050,0.575764,0.002718,0.167150,0.001227,0.287623,0.001557,0.069565,0.001370,0.072425,0.001349,0.601354,0.002528,80
causal_discovery_revision,deformable_contact_replan,physical_rule_violation,sparse_feedback,0.623307,0.004423,0.450237,0.005372,0.121428,0.002124,0.225667,0.001986,0.649607,0.002492,0.561369,0.002375,0.172950,0.001407,0.353787,0.001535,0.070786,0.001575,0.086544,0.001396,0.602550,0.002543,80
causal_discovery_revision,mobile_base_intervention,actuator_model_break,combined_stress,0.579441,0.004026,0.309896,0.004342,0.122825,0.002370,0.327800,0.002118,0.631314,0.002415,0.511574,0.002561,0.164745,0.001345,0.396354,0.001446,0.064999,0.001428,0.099865,0.001667,0.602046,0.002391,80
causal_discovery_revision,mobile_base_intervention,actuator_model_break,in_distribution,0.678120,0.003851,0.651311,0.004622,0.062573,0.002544,0.167488,0.002044,0.676312,0.002542,0.563062,0.002469,0.135624,0.001451,0.248951,0.001561,0.071548,0.001552,0.063983,0.001477,0.601598,0.002468,80
causal_discovery_revision,mobile_base_intervention,actuator_model_break,long_horizon_recovery,0.618463,0.003989,0.445776,0.004185,0.089449,0.002138,0.270460,0.002060,0.657557,0.002577,0.510453,0.002524,0.147412,0.001026,0.347656,0.001620,0.068151,0.001642,0.084814,0.001661,0.601297,0.002787,80
causal_discovery_revision,mobile_base_intervention,actuator_model_break,new_operator_interventions,0.643905,0.003897,0.531208,0.004944,0.082559,0.002223,0.227413,0.002274,0.658824,0.002750,0.549114,0.003033,0.148163,0.001297,0.290013,0.001423,0.070150,0.001385,0.077415,0.001339,0.602585,0.002461,80
causal_discovery_revision,mobile_base_intervention,actuator_model_break,sparse_feedback,0.612897,0.004057,0.422441,0.004675,0.123785,0.002389,0.259302,0.002453,0.648716,0.002714,0.542543,0.002600,0.155026,0.001247,0.357527,0.001589,0.067760,0.001524,0.088590,0.001109,0.603454,0.002818,80
causal_discovery_revision,mobile_base_intervention,combined_intervention_stress,combined_stress,0.495060,0.004014,-0.037466,0.004877,0.305436,0.002547,0.395720,0.002396,0.509308,0.002792,0.468156,0.002788,0.188573,0.001123,0.424695,0.001513,0.060971,0.001583,0.175772,0.001437,0.507328,0.002622,80
causal_discovery_revision,mobile_base_intervention,combined_intervention_stress,in_distribution,0.580955,0.004161,0.293753,0.004954,0.243718,0.002260,0.233273,0.002046,0.552442,0.002667,0.519449,0.002777,0.158966,0.001392,0.277444,0.001442,0.067015,0.001473,0.140611,0.001375,0.509990,0.002284,80
causal_discovery_revision,mobile_base_intervention,combined_intervention_stress,long_horizon_recovery,0.525866,0.003863,0.091429,0.004274,0.270820,0.002459,0.339436,0.002155,0.534824,0.002340,0.467689,0.002595,0.171722,0.001310,0.375696,0.001329,0.061762,0.001489,0.158900,0.001503,0.507550,0.002656,80
causal_discovery_revision,mobile_base_intervention,combined_intervention_stress,new_operator_interventions,0.546594,0.004039,0.173993,0.004782,0.261837,0.001904,0.293732,0.002132,0.535834,0.002586,0.508057,0.002680,0.173862,0.001200,0.317686,0.001854,0.063872,0.001569,0.153629,0.001518,0.509867,0.002712,80
causal_discovery_revision,mobile_base_intervention,combined_intervention_stress,sparse_feedback,0.519473,0.003626,0.066670,0.004287,0.305151,0.002010,0.325121,0.002488,0.523216,0.002614,0.497617,0.002740,0.179954,0.001392,0.383901,0.001524,0.061872,0.001437,0.166565,0.001240,0.510304,0.002843,80
causal_discovery_revision,mobile_base_intervention,contact_precondition_failure,combined_stress,0.597967,0.003064,0.356656,0.004643,0.113462,0.002363,0.312236,0.002387,0.646544,0.003038,0.520180,0.002357,0.159365,0.001425,0.392990,0.001479,0.066645,0.001534,0.096849,0.001480,0.608759,0.002502,80
causal_discovery_revision,mobile_base_intervention,contact_precondition_failure,in_distribution,0.688406,0.003456,0.694904,0.004458,0.047955,0.002037,0.150309,0.002045,0.688566,0.002652,0.575272,0.002572,0.129069,0.001323,0.246598,0.001386,0.073709,0.001522,0.061001,0.001210,0.608067,0.002613,80
causal_discovery_revision,mobile_base_intervention,contact_precondition_failure,long_horizon_recovery,0.634474,0.003610,0.495004,0.004472,0.077636,0.002101,0.252043,0.002306,0.668064,0.002801,0.521425,0.002409,0.141176,0.001481,0.343328,0.001657,0.068147,0.001472,0.080400,0.001465,0.610439,0.002754,80
causal_discovery_revision,mobile_base_intervention,contact_precondition_failure,new_operator_interventions,0.660008,0.003423,0.581446,0.004487,0.067351,0.002295,0.209200,0.002418,0.666497,0.002811,0.561570,0.002424,0.143527,0.001258,0.284371,0.001669,0.070848,0.001697,0.071602,0.001666,0.608490,0.002719,80
causal_discovery_revision,mobile_base_intervention,contact_precondition_failure,sparse_feedback,0.625298,0.003986,0.463783,0.004414,0.111608,0.002134,0.242445,0.002097,0.656227,0.002457,0.552828,0.002416,0.150240,0.001119,0.353324,0.001547,0.067988,0.001607,0.086363,0.001323,0.606894,0.002665,80
causal_discovery_revision,mobile_base_intervention,environment_change_intervention,combined_stress,0.571046,0.003912,0.263133,0.004656,0.143609,0.002436,0.343714,0.002434,0.623962,0.002383,0.498891,0.002417,0.170056,0.001395,0.399855,0.001635,0.064245,0.001630,0.110260,0.001333,0.591997,0.002878,80
causal_discovery_revision,mobile_base_intervention,environment_change_intervention,in_distribution,0.660850,0.003741,0.596382,0.004946,0.081834,0.002415,0.183881,0.002217,0.665476,0.003039,0.553007,0.002647,0.140517,0.001448,0.252429,0.001451,0.070892,0.001646,0.074882,0.001569,0.592595,0.002523,80
causal_discovery_revision,mobile_base_intervention,environment_change_intervention,long_horizon_recovery,0.602720,0.003571,0.392365,0.004225,0.107387,0.002194,0.289022,0.002058,0.648783,0.002420,0.501222,0.002775,0.153602,0.001111,0.348974,0.001451,0.067133,0.001323,0.094295,0.001403,0.589755,0.002288,80
causal_discovery_revision,mobile_base_intervention,environment_change_intervention,new_operator_interventions,0.628008,0.004110,0.476387,0.004953,0.100674,0.002005,0.244221,0.002230,0.644553,0.002798,0.538539,0.002946,0.155223,0.001322,0.290959,0.001637,0.068566,0.001413,0.088256,0.001329,0.593318,0.002649,80
causal_discovery_revision,mobile_base_intervention,environment_change_intervention,sparse_feedback,0.600404,0.004151,0.370365,0.004654,0.142601,0.002390,0.275295,0.001931,0.633840,0.002341,0.532147,0.002441,0.162185,0.001065,0.358590,0.001400,0.066446,0.001545,0.100074,0.001455,0.592206,0.002423,80
causal_discovery_revision,mobile_base_intervention,false_human_hint,combined_stress,0.604974,0.003950,0.377824,0.004157,0.201903,0.002050,0.220626,0.001952,0.588606,0.002809,0.577103,0.002343,0.127157,0.001214,0.402529,0.001622,0.066773,0.001587,0.120418,0.001487,0.564797,0.002555,80
causal_discovery_revision,mobile_base_intervention,false_human_hint,in_distribution,0.695942,0.003759,0.714912,0.004430,0.137115,0.002418,0.059878,0.002301,0.630087,0.002541,0.628924,0.002190,0.096307,0.001355,0.255820,0.001483,0.074453,0.001624,0.085041,0.001353,0.566942,0.003039,80
causal_discovery_revision,mobile_base_intervention,false_human_hint,long_horizon_recovery,0.640152,0.003678,0.512285,0.004267,0.165117,0.002080,0.164152,0.002201,0.611310,0.002772,0.582800,0.002869,0.108623,0.001286,0.353836,0.001530,0.070439,0.001480,0.107024,0.001148,0.565287,0.002398,80
causal_discovery_revision,mobile_base_intervention,false_human_hint,new_operator_interventions,0.661103,0.003639,0.590108,0.004580,0.160029,0.002279,0.119745,0.002089,0.608039,0.002813,0.619461,0.002771,0.111874,0.001378,0.295896,0.001548,0.071484,0.001642,0.099176,0.001492,0.564877,0.002627,80
causal_discovery_revision,mobile_base_intervention,false_human_hint,sparse_feedback,0.631644,0.003909,0.482140,0.004721,0.201491,0.002213,0.153357,0.001832,0.601768,0.002521,0.611104,0.002670,0.117453,0.001269,0.363452,0.001325,0.070747,0.001643,0.111714,0.001247,0.566688,0.002547,80
causal_discovery_revision,mobile_base_intervention,noisy_observation,combined_stress,0.632190,0.003694,0.505984,0.004540,0.127659,0.002071,0.199592,0.002124,0.630114,0.002487,0.595082,0.002811,0.118512,0.001405,0.397691,0.001288,0.070032,0.001595,0.080586,0.001462,0.597364,0.002603,80
causal_discovery_revision,mobile_base_intervention,noisy_observation,in_distribution,0.730471,0.004396,0.847002,0.005523,0.067194,0.002274,0.037997,0.002097,0.671807,0.002290,0.644249,0.002872,0.088215,0.001232,0.250434,0.001558,0.075441,0.001513,0.046644,0.001531,0.597362,0.002425,80
causal_discovery_revision,mobile_base_intervention,noisy_observation,long_horizon_recovery,0.673810,0.004331,0.644461,0.005041,0.091972,0.002092,0.142463,0.002249,0.653976,0.002711,0.592739,0.002652,0.102277,0.001277,0.349882,0.001542,0.071560,0.001721,0.065104,0.001474,0.597816,0.002286,80
causal_discovery_revision,mobile_base_intervention,noisy_observation,new_operator_interventions,0.694112,0.004201,0.724556,0.005209,0.086744,0.002238,0.097833,0.002069,0.652533,0.002591,0.635172,0.002632,0.104281,0.001368,0.290405,0.001464,0.072748,0.001503,0.057945,0.001528,0.597182,0.002446,80
causal_discovery_revision,mobile_base_intervention,noisy_observation,sparse_feedback,0.662195,0.003768,0.614187,0.004650,0.126921,0.002303,0.130199,0.002269,0.640686,0.002706,0.627282,0.002575,0.110501,0.001208,0.357508,0.001598,0.071239,0.001648,0.070992,0.001523,0.598766,0.002343,80
causal_discovery_revision,mobile_base_intervention,nominal,combined_stress,0.687312,0.004182,0.691235,0.004871,0.054584,0.002320,0.150121,0.002262,0.686778,0.002774,0.622351,0.002642,0.100521,0.001410,0.380383,0.001509,0.072591,0.001446,0.055286,0.001472,0.638659,0.002273,80
causal_discovery_revision,mobile_base_intervention,nominal,in_distribution,0.779335,0.003969,1.016724,0.004288,0.000941,0.000629,0.000123,0.000125,0.731059,0.002837,0.679429,0.002555,0.070265,0.001299,0.234068,0.001530,0.078870,0.001353,0.019354,0.001322,0.640672,0.002996,80
causal_discovery_revision,mobile_base_intervention,nominal,long_horizon_recovery,0.723630,0.003840,0.827591,0.004206,0.019518,0.002250,0.092015,0.002055,0.712413,0.002630,0.626518,0.002586,0.083586,0.001275,0.331238,0.001512,0.074318,0.001417,0.040105,0.001443,0.641442,0.002384,80
causal_discovery_revision,mobile_base_intervention,nominal,new_operator_interventions,0.746060,0.003551,0.907876,0.004640,0.013689,0.002000,0.046589,0.002243,0.705824,0.002419,0.667463,0.002510,0.086557,0.001366,0.274867,0.001457,0.075761,0.001576,0.031795,0.001454,0.638899,0.002577,80
causal_discovery_revision,mobile_base_intervention,nominal,sparse_feedback,0.716856,0.003640,0.800892,0.004663,0.054201,0.002091,0.079027,0.002066,0.698255,0.002414,0.657518,0.002663,0.092240,0.001290,0.341127,0.001704,0.074550,0.001483,0.045216,0.001482,0.640689,0.002540,80
causal_discovery_revision,mobile_base_intervention,physical_rule_violation,combined_stress,0.596405,0.003649,0.366258,0.004604,0.123035,0.001894,0.294134,0.002221,0.636399,0.002643,0.533142,0.002538,0.152650,0.001306,0.395033,0.001684,0.067032,0.001518,0.095619,0.001523,0.601123,0.002486,80
causal_discovery_revision,mobile_base_intervention,physical_rule_violation,in_distribution,0.694339,0.004134,0.707042,0.004739,0.062044,0.002565,0.133705,0.002101,0.681045,0.002745,0.582565,0.002874,0.122837,0.001318,0.247741,0.001416,0.072575,0.001331,0.061579,0.001352,0.602681,0.002860,80
causal_discovery_revision,mobile_base_intervention,physical_rule_violation,long_horizon_recovery,0.636889,0.004192,0.506771,0.004749,0.087581,0.002013,0.236173,0.002184,0.663363,0.002714,0.532888,0.002175,0.135543,0.001112,0.344624,0.001532,0.069856,0.001373,0.079345,0.001395,0.602874,0.002383,80
causal_discovery_revision,mobile_base_intervention,physical_rule_violation,new_operator_interventions,0.658330,0.004059,0.585983,0.004997,0.081365,0.001919,0.191068,0.001883,0.658593,0.002410,0.570905,0.002431,0.137448,0.001207,0.288617,0.001471,0.070156,0.001651,0.073415,0.001510,0.602216,0.002502,80
causal_discovery_revision,mobile_base_intervention,physical_rule_violation,sparse_feedback,0.630578,0.003893,0.478716,0.004371,0.122416,0.002012,0.224512,0.002185,0.650372,0.002693,0.562620,0.002537,0.144570,0.001249,0.354331,0.001431,0.069805,0.001737,0.085873,0.001353,0.601846,0.002299,80
causal_discovery_revision,occluded_drawer_recovery,actuator_model_break,combined_stress,0.581759,0.003149,0.321182,0.004492,0.123316,0.002537,0.327557,0.001779,0.633375,0.002676,0.509785,0.002935,0.152929,0.001252,0.397440,0.001352,0.063751,0.001677,0.098506,0.001575,0.602073,0.003000,80
causal_discovery_revision,occluded_drawer_recovery,actuator_model_break,in_distribution,0.679641,0.003928,0.663823,0.004358,0.060392,0.002186,0.165145,0.001966,0.679523,0.002236,0.561808,0.002738,0.125197,0.001305,0.248881,0.001537,0.071005,0.001575,0.063870,0.001397,0.600137,0.002548,80
causal_discovery_revision,occluded_drawer_recovery,actuator_model_break,long_horizon_recovery,0.622744,0.004010,0.461807,0.004588,0.086763,0.002225,0.268123,0.002443,0.658467,0.002356,0.509397,0.002858,0.136593,0.001242,0.346815,0.001314,0.067281,0.001382,0.083979,0.001458,0.601446,0.002547,80
causal_discovery_revision,occluded_drawer_recovery,actuator_model_break,new_operator_interventions,0.646192,0.003571,0.543531,0.004713,0.081236,0.002266,0.224112,0.002591,0.659735,0.002809,0.551975,0.002537,0.139842,0.001295,0.289935,0.001478,0.069602,0.001505,0.076838,0.001508,0.599989,0.002754,80
causal_discovery_revision,occluded_drawer_recovery,actuator_model_break,sparse_feedback,0.615129,0.004049,0.429041,0.004895,0.125850,0.001966,0.258743,0.002370,0.644153,0.002605,0.542805,0.002557,0.145347,0.001265,0.356319,0.001662,0.067403,0.001523,0.090797,0.001515,0.602559,0.002733,80
causal_discovery_revision,occluded_drawer_recovery,combined_intervention_stress,combined_stress,0.492970,0.004125,-0.031247,0.004530,0.305092,0.002013,0.394027,0.002132,0.507683,0.002771,0.466550,0.002540,0.178524,0.001332,0.424232,0.001354,0.059373,0.001513,0.176061,0.001492,0.507915,0.002750,80
causal_discovery_revision,occluded_drawer_recovery,combined_intervention_stress,in_distribution,0.585116,0.003242,0.305043,0.004460,0.244600,0.002255,0.232622,0.002160,0.553235,0.002955,0.520103,0.002727,0.148758,0.001193,0.278464,0.001500,0.066493,0.001502,0.141011,0.001430,0.509469,0.002762,80
causal_discovery_revision,occluded_drawer_recovery,combined_intervention_stress,long_horizon_recovery,0.529698,0.004187,0.104884,0.005016,0.269006,0.002412,0.337222,0.002198,0.534246,0.002618,0.467347,0.002459,0.161010,0.001357,0.375666,0.001489,0.062564,0.001758,0.160539,0.001437,0.511236,0.002541,80
causal_discovery_revision,occluded_drawer_recovery,combined_intervention_stress,new_operator_interventions,0.551497,0.004069,0.186515,0.004934,0.262696,0.002097,0.293235,0.001995,0.535307,0.002530,0.509282,0.002194,0.163429,0.001385,0.318652,0.001512,0.063754,0.001539,0.152762,0.001257,0.510974,0.002831,80
causal_discovery_revision,occluded_drawer_recovery,combined_intervention_stress,sparse_feedback,0.524360,0.003761,0.082793,0.004636,0.302649,0.002235,0.322758,0.002338,0.523398,0.002575,0.496520,0.002205,0.169481,0.001297,0.384497,0.001476,0.062436,0.001421,0.163405,0.001523,0.507562,0.002419,80
causal_discovery_revision,occluded_drawer_recovery,contact_precondition_failure,combined_stress,0.596045,0.004031,0.366549,0.005335,0.110846,0.002005,0.310786,0.002136,0.644096,0.002736,0.521299,0.002836,0.147840,0.001537,0.391194,0.001472,0.067016,0.001530,0.094752,0.001493,0.607846,0.002781,80
causal_discovery_revision,occluded_drawer_recovery,contact_precondition_failure,in_distribution,0.689140,0.003598,0.700659,0.004276,0.050384,0.001957,0.150393,0.002129,0.687218,0.002352,0.574090,0.002302,0.119181,0.001322,0.246525,0.001547,0.072567,0.001538,0.061533,0.001463,0.608466,0.002928,80
causal_discovery_revision,occluded_drawer_recovery,contact_precondition_failure,long_horizon_recovery,0.637988,0.004337,0.505349,0.004859,0.077376,0.002146,0.252459,0.002369,0.670214,0.002461,0.523491,0.002438,0.131739,0.001228,0.343988,0.001354,0.069261,0.001328,0.080508,0.001381,0.607507,0.002605,80
causal_discovery_revision,occluded_drawer_recovery,contact_precondition_failure,new_operator_interventions,0.657357,0.003832,0.584014,0.004444,0.070254,0.002517,0.209003,0.002112,0.667046,0.002466,0.561255,0.002814,0.132211,0.001245,0.285513,0.001511,0.071662,0.001515,0.073457,0.001583,0.607059,0.002635,80
causal_discovery_revision,occluded_drawer_recovery,contact_precondition_failure,sparse_feedback,0.627599,0.003786,0.475044,0.004397,0.113361,0.002040,0.238339,0.002070,0.655852,0.002627,0.552930,0.002918,0.139695,0.001386,0.353733,0.001275,0.068867,0.001552,0.087139,0.001521,0.609909,0.002745,80
causal_discovery_revision,occluded_drawer_recovery,environment_change_intervention,combined_stress,0.570003,0.003846,0.269434,0.004512,0.144868,0.002373,0.342184,0.002285,0.622604,0.002187,0.498333,0.002716,0.159561,0.001217,0.398603,0.001625,0.065166,0.001609,0.110747,0.001298,0.591864,0.002642,80
causal_discovery_revision,occluded_drawer_recovery,environment_change_intervention,in_distribution,0.664243,0.004287,0.604828,0.004747,0.083078,0.001750,0.184090,0.002075,0.666142,0.002608,0.551451,0.002212,0.130803,0.001147,0.251728,0.001547,0.072077,0.001447,0.076673,0.001277,0.592934,0.002738,80
causal_discovery_revision,occluded_drawer_recovery,environment_change_intervention,long_horizon_recovery,0.614114,0.004312,0.408391,0.004671,0.109018,0.002157,0.286826,0.002301,0.644400,0.003005,0.498757,0.002502,0.144374,0.001383,0.349168,0.001474,0.066871,0.001836,0.096114,0.001388,0.590215,0.002391,80
causal_discovery_revision,occluded_drawer_recovery,environment_change_intervention,new_operator_interventions,0.629291,0.003730,0.483629,0.004470,0.101865,0.002269,0.243537,0.002080,0.645030,0.002701,0.538169,0.002219,0.145346,0.001432,0.292226,0.001522,0.069412,0.001492,0.088793,0.001432,0.591549,0.002476,80
causal_discovery_revision,occluded_drawer_recovery,environment_change_intervention,sparse_feedback,0.597919,0.004218,0.375435,0.005061,0.142224,0.002174,0.276293,0.002210,0.635832,0.002782,0.533014,0.002506,0.152217,0.001257,0.358065,0.001628,0.066446,0.001436,0.100243,0.001464,0.592799,0.002995,80
causal_discovery_revision,occluded_drawer_recovery,false_human_hint,combined_stress,0.604298,0.003969,0.385293,0.004442,0.201367,0.002079,0.221495,0.002236,0.585747,0.002968,0.581158,0.002501,0.115388,0.001454,0.403957,0.001423,0.068240,0.001308,0.120100,0.001457,0.567390,0.002595,80
causal_discovery_revision,occluded_drawer_recovery,false_human_hint,in_distribution,0.699397,0.003401,0.724138,0.004067,0.139427,0.001960,0.060052,0.002188,0.631836,0.002809,0.629486,0.002559,0.087119,0.001308,0.256447,0.001675,0.072356,0.001708,0.084366,0.001424,0.563895,0.002848,80
causal_discovery_revision,occluded_drawer_recovery,false_human_hint,long_horizon_recovery,0.641109,0.003871,0.517872,0.004633,0.165919,0.001924,0.164672,0.002051,0.611789,0.002629,0.576007,0.002799,0.099626,0.001242,0.354728,0.001831,0.070293,0.001544,0.105920,0.001331,0.566800,0.002390,80
causal_discovery_revision,occluded_drawer_recovery,false_human_hint,new_operator_interventions,0.666239,0.004248,0.605596,0.005096,0.158044,0.002370,0.120135,0.002131,0.610476,0.002691,0.618233,0.002718,0.100271,0.001346,0.296394,0.001440,0.070154,0.001479,0.097828,0.001716,0.566149,0.002307,80
causal_discovery_revision,occluded_drawer_recovery,false_human_hint,sparse_feedback,0.633276,0.004027,0.490227,0.004606,0.201032,0.002159,0.153630,0.002521,0.599379,0.002596,0.610794,0.002641,0.107966,0.001340,0.362884,0.001574,0.069373,0.001457,0.112055,0.001317,0.565946,0.002863,80
causal_discovery_revision,occluded_drawer_recovery,noisy_observation,combined_stress,0.634309,0.003792,0.514456,0.004430,0.129230,0.002114,0.198194,0.002256,0.627471,0.002519,0.594668,0.002939,0.108949,0.001500,0.397045,0.001422,0.069070,0.001530,0.081447,0.001295,0.599678,0.002775,80
causal_discovery_revision,occluded_drawer_recovery,noisy_observation,in_distribution,0.728759,0.003552,0.855581,0.004515,0.064222,0.002578,0.035937,0.002286,0.672954,0.002804,0.645929,0.002737,0.079490,0.001165,0.251255,0.001426,0.075680,0.001198,0.045851,0.001361,0.597102,0.002698,80
causal_discovery_revision,occluded_drawer_recovery,noisy_observation,long_horizon_recovery,0.673053,0.004074,0.651013,0.005197,0.092138,0.002124,0.142004,0.002136,0.654181,0.002680,0.594660,0.002698,0.092890,0.001377,0.349222,0.001551,0.071915,0.001444,0.065589,0.001272,0.597307,0.002931,80
causal_discovery_revision,occluded_drawer_recovery,noisy_observation,new_operator_interventions,0.696180,0.003674,0.735109,0.004803,0.085956,0.002314,0.097173,0.002010,0.651394,0.002612,0.633032,0.002410,0.092408,0.001318,0.291577,0.001384,0.073513,0.001636,0.057623,0.001395,0.598131,0.002607,80
causal_discovery_revision,occluded_drawer_recovery,noisy_observation,sparse_feedback,0.667661,0.003928,0.624660,0.004462,0.130385,0.002492,0.129558,0.002252,0.643895,0.002615,0.625366,0.002478,0.101043,0.001269,0.358446,0.001601,0.072236,0.001344,0.070586,0.001444,0.598064,0.002329,80
causal_discovery_revision,occluded_drawer_recovery,nominal,combined_stress,0.690590,0.004018,0.703657,0.004316,0.054956,0.002319,0.147748,0.002289,0.685378,0.002619,0.624420,0.002815,0.090112,0.001374,0.381962,0.001495,0.072332,0.001420,0.054604,0.001524,0.641032,0.002422,80
causal_discovery_revision,occluded_drawer_recovery,nominal,in_distribution,0.782542,0.003702,1.024313,0.004079,0.001026,0.000559,0.000498,0.000413,0.728318,0.002629,0.676118,0.002585,0.061245,0.001206,0.233336,0.001671,0.077987,0.001465,0.021030,0.001414,0.640585,0.002755,80
causal_discovery_revision,occluded_drawer_recovery,nominal,long_horizon_recovery,0.727217,0.003933,0.837920,0.004707,0.019448,0.002279,0.092959,0.002049,0.711892,0.002926,0.628872,0.002418,0.074212,0.001449,0.332111,0.001478,0.074193,0.001346,0.038985,0.001478,0.641647,0.002498,80
causal_discovery_revision,occluded_drawer_recovery,nominal,new_operator_interventions,0.745434,0.003948,0.916929,0.004369,0.012769,0.002001,0.046531,0.002416,0.708015,0.002651,0.667187,0.002875,0.073601,0.001197,0.275200,0.001422,0.076663,0.001400,0.032890,0.001534,0.638789,0.002493,80
causal_discovery_revision,occluded_drawer_recovery,nominal,sparse_feedback,0.718461,0.003670,0.810387,0.004407,0.053151,0.002163,0.079667,0.002259,0.699274,0.002841,0.656063,0.002893,0.081541,0.001401,0.340564,0.001653,0.075152,0.001435,0.044660,0.001407,0.639013,0.002578,80
causal_discovery_revision,occluded_drawer_recovery,physical_rule_violation,combined_stress,0.602437,0.003881,0.379950,0.004127,0.122040,0.002089,0.294673,0.002206,0.635407,0.002688,0.533259,0.002708,0.142717,0.001365,0.392259,0.001588,0.066518,0.001409,0.095783,0.001438,0.599587,0.002652,80
causal_discovery_revision,occluded_drawer_recovery,physical_rule_violation,in_distribution,0.694029,0.003645,0.714051,0.004354,0.060409,0.002221,0.132992,0.002351,0.678496,0.002762,0.584033,0.002619,0.113927,0.001320,0.248736,0.001612,0.072169,0.001678,0.061953,0.001483,0.602775,0.002161,80
causal_discovery_revision,occluded_drawer_recovery,physical_rule_violation,long_horizon_recovery,0.638019,0.004426,0.512702,0.004923,0.087551,0.002257,0.238088,0.002260,0.662952,0.002317,0.534090,0.002894,0.125615,0.001286,0.345019,0.001586,0.069063,0.001614,0.082120,0.001433,0.602295,0.002664,80
causal_discovery_revision,occluded_drawer_recovery,physical_rule_violation,new_operator_interventions,0.663235,0.004415,0.597538,0.004911,0.080448,0.002211,0.192547,0.002062,0.655422,0.002794,0.573964,0.002616,0.127754,0.001130,0.287419,0.001588,0.070337,0.001566,0.073677,0.001530,0.603787,0.002506,80
causal_discovery_revision,occluded_drawer_recovery,physical_rule_violation,sparse_feedback,0.634963,0.004207,0.491770,0.004988,0.121324,0.002072,0.224501,0.002539,0.648802,0.002500,0.565025,0.002404,0.133370,0.001228,0.354021,0.001554,0.069704,0.001409,0.086503,0.001448,0.602042,0.002690,80
causal_discovery_revision,payload_shift_pick,actuator_model_break,combined_stress,0.585112,0.004131,0.307602,0.004815,0.122896,0.001829,0.327916,0.002352,0.632122,0.002670,0.505401,0.002400,0.175134,0.001332,0.394846,0.001288,0.064772,0.001442,0.098716,0.001470,0.602024,0.002608,80
causal_discovery_revision,payload_shift_pick,actuator_model_break,in_distribution,0.676674,0.004048,0.644842,0.005356,0.060185,0.002356,0.166190,0.002318,0.677425,0.002892,0.559620,0.002967,0.145113,0.001403,0.249107,0.001743,0.072013,0.001726,0.063332,0.001519,0.599022,0.002443,80
causal_discovery_revision,payload_shift_pick,actuator_model_break,long_horizon_recovery,0.617711,0.003929,0.441165,0.004743,0.086446,0.002209,0.269841,0.001908,0.660583,0.002271,0.510225,0.002454,0.157694,0.001390,0.345820,0.001310,0.069675,0.001359,0.083974,0.001446,0.601600,0.002919,80
causal_discovery_revision,payload_shift_pick,actuator_model_break,new_operator_interventions,0.640454,0.004008,0.519953,0.003952,0.082899,0.002294,0.226969,0.001919,0.657457,0.002472,0.549714,0.002774,0.158949,0.001230,0.288993,0.001467,0.070680,0.001513,0.077341,0.001565,0.600575,0.002431,80
causal_discovery_revision,payload_shift_pick,actuator_model_break,sparse_feedback,0.611923,0.003915,0.410646,0.004303,0.123941,0.002504,0.260511,0.001998,0.646889,0.002754,0.539668,0.002358,0.166481,0.001508,0.355335,0.001611,0.068547,0.001328,0.090281,0.001361,0.600630,0.002568,80
causal_discovery_revision,payload_shift_pick,combined_intervention_stress,combined_stress,0.483444,0.003646,-0.053400,0.004275,0.303755,0.002183,0.394629,0.002358,0.511428,0.002844,0.464910,0.002826,0.197219,0.001263,0.424077,0.001613,0.059278,0.001583,0.176678,0.001425,0.506889,0.002452,80
causal_discovery_revision,payload_shift_pick,combined_intervention_stress,in_distribution,0.581023,0.003623,0.286201,0.004264,0.243706,0.002186,0.233171,0.002033,0.552292,0.002580,0.517864,0.002634,0.169361,0.001076,0.278104,0.001566,0.065347,0.001573,0.140487,0.001228,0.509570,0.002702,80
causal_discovery_revision,payload_shift_pick,combined_intervention_stress,long_horizon_recovery,0.524717,0.003759,0.085628,0.004663,0.269589,0.002071,0.336529,0.002317,0.536227,0.002098,0.467937,0.002609,0.182071,0.001351,0.375904,0.001426,0.061761,0.001698,0.160300,0.001398,0.509854,0.002199,80
causal_discovery_revision,payload_shift_pick,combined_intervention_stress,new_operator_interventions,0.543450,0.004329,0.164349,0.004903,0.262699,0.002259,0.291235,0.002501,0.533261,0.002320,0.505769,0.002810,0.183068,0.001468,0.318216,0.001729,0.064607,0.001519,0.152766,0.001276,0.508827,0.002552,80
causal_discovery_revision,payload_shift_pick,combined_intervention_stress,sparse_feedback,0.514679,0.003925,0.054121,0.005189,0.304626,0.002094,0.326849,0.002174,0.523571,0.002775,0.497850,0.002473,0.189925,0.001381,0.385022,0.001179,0.061239,0.001457,0.166009,0.001514,0.510367,0.002823,80
causal_discovery_revision,payload_shift_pick,contact_precondition_failure,combined_stress,0.593985,0.003517,0.348555,0.004154,0.111029,0.001991,0.311918,0.002202,0.646443,0.002525,0.520211,0.002481,0.168258,0.001062,0.392879,0.001643,0.067263,0.001321,0.095591,0.001360,0.609329,0.002745,80
causal_discovery_revision,payload_shift_pick,contact_precondition_failure,in_distribution,0.685225,0.003553,0.687037,0.004457,0.049050,0.001905,0.148994,0.002258,0.689095,0.002467,0.576089,0.002233,0.138584,0.001408,0.244490,0.001562,0.072276,0.001655,0.059388,0.001579,0.608471,0.002780,80
causal_discovery_revision,payload_shift_pick,contact_precondition_failure,long_horizon_recovery,0.632059,0.004201,0.487203,0.005508,0.075008,0.002280,0.252444,0.002171,0.670214,0.002797,0.522667,0.002808,0.151794,0.001292,0.343805,0.001444,0.068717,0.001682,0.079438,0.001329,0.609508,0.002590,80
causal_discovery_revision,payload_shift_pick,contact_precondition_failure,new_operator_interventions,0.653438,0.004237,0.566402,0.005143,0.068684,0.001972,0.209346,0.002250,0.666114,0.002327,0.561752,0.002616,0.152928,0.001430,0.285815,0.001580,0.070213,0.001539,0.072783,0.001432,0.607377,0.003088,80
causal_discovery_revision,payload_shift_pick,contact_precondition_failure,sparse_feedback,0.624532,0.003609,0.457389,0.004100,0.111754,0.002206,0.241427,0.002250,0.658572,0.002654,0.550107,0.002317,0.159263,0.001432,0.352213,0.001666,0.068639,0.001429,0.086601,0.001209,0.608978,0.002156,80
causal_discovery_revision,payload_shift_pick,environment_change_intervention,combined_stress,0.569056,0.003880,0.254150,0.004694,0.142433,0.002284,0.343128,0.001920,0.618361,0.002526,0.498502,0.002620,0.180911,0.001286,0.396836,0.001461,0.064675,0.001643,0.109750,0.001430,0.593600,0.002748,80
causal_discovery_revision,payload_shift_pick,environment_change_intervention,in_distribution,0.657928,0.004206,0.584957,0.004821,0.084263,0.002302,0.183137,0.001965,0.665848,0.002709,0.553237,0.002700,0.150976,0.001481,0.249485,0.001380,0.071211,0.001604,0.076991,0.001415,0.592579,0.002310,80
causal_discovery_revision,payload_shift_pick,environment_change_intervention,long_horizon_recovery,0.605390,0.004256,0.387601,0.004976,0.106630,0.002058,0.287647,0.001890,0.645147,0.002523,0.498837,0.002669,0.164079,0.001202,0.350736,0.001464,0.067106,0.001372,0.093555,0.001414,0.592460,0.002398,80
causal_discovery_revision,payload_shift_pick,environment_change_intervention,new_operator_interventions,0.625790,0.003644,0.467393,0.004735,0.101358,0.002451,0.242396,0.002153,0.643386,0.002432,0.539383,0.002760,0.165731,0.001247,0.292067,0.001552,0.068700,0.001331,0.087878,0.001448,0.594738,0.002317,80
causal_discovery_revision,payload_shift_pick,environment_change_intervention,sparse_feedback,0.595118,0.003467,0.360110,0.004708,0.141671,0.002266,0.274273,0.002138,0.635841,0.002450,0.532608,0.002460,0.170508,0.001083,0.358301,0.001301,0.067801,0.001606,0.101363,0.001571,0.590028,0.002728,80
causal_discovery_revision,payload_shift_pick,false_human_hint,combined_stress,0.598543,0.003345,0.361891,0.004395,0.204550,0.002429,0.220538,0.002137,0.586422,0.002750,0.576348,0.002793,0.136614,0.001305,0.402076,0.001651,0.067246,0.001648,0.122023,0.001254,0.565788,0.002690,80
causal_discovery_revision,payload_shift_pick,false_human_hint,in_distribution,0.694270,0.003674,0.703907,0.004488,0.140615,0.002050,0.059824,0.002660,0.629734,0.002913,0.630664,0.002716,0.106181,0.001279,0.257835,0.001467,0.074151,0.001519,0.084925,0.001424,0.566839,0.002666,80
causal_discovery_revision,payload_shift_pick,false_human_hint,long_horizon_recovery,0.637839,0.003727,0.503095,0.004332,0.164854,0.002378,0.163850,0.001977,0.612342,0.002606,0.579212,0.002542,0.119496,0.001409,0.354368,0.001523,0.069248,0.001619,0.104897,0.001333,0.566079,0.002700,80
causal_discovery_revision,payload_shift_pick,false_human_hint,new_operator_interventions,0.661710,0.003897,0.586421,0.005194,0.158244,0.001969,0.120002,0.002052,0.611829,0.002616,0.620358,0.002504,0.120866,0.001243,0.297079,0.001424,0.071025,0.001698,0.098383,0.001519,0.565302,0.002756,80
causal_discovery_revision,payload_shift_pick,false_human_hint,sparse_feedback,0.630158,0.004513,0.475764,0.005132,0.199369,0.002108,0.151095,0.002034,0.598661,0.002626,0.609146,0.002744,0.127105,0.001186,0.363042,0.001578,0.071801,0.001552,0.111130,0.001502,0.568342,0.002728,80
causal_discovery_revision,payload_shift_pick,noisy_observation,combined_stress,0.633693,0.003289,0.499599,0.004077,0.129094,0.002760,0.198479,0.002275,0.629028,0.002556,0.594199,0.002681,0.128089,0.001157,0.398641,0.001518,0.070933,0.001560,0.080737,0.001364,0.598299,0.002532,80
causal_discovery_revision,payload_shift_pick,noisy_observation,in_distribution,0.728019,0.003566,0.838358,0.004296,0.065276,0.002108,0.037248,0.002240,0.673167,0.003078,0.644320,0.002544,0.099523,0.001269,0.251985,0.001518,0.075640,0.001634,0.046131,0.001367,0.598093,0.002813,80
causal_discovery_revision,payload_shift_pick,noisy_observation,long_horizon_recovery,0.671077,0.003998,0.633387,0.004683,0.093752,0.001994,0.142657,0.002389,0.655304,0.002931,0.593267,0.002656,0.112083,0.001349,0.348919,0.001419,0.071496,0.001324,0.066478,0.001435,0.595651,0.002901,80
causal_discovery_revision,payload_shift_pick,noisy_observation,new_operator_interventions,0.692961,0.003743,0.716111,0.004931,0.088338,0.002120,0.096132,0.002421,0.651326,0.002793,0.633628,0.002328,0.113160,0.001337,0.289743,0.001736,0.074427,0.001560,0.058856,0.001427,0.597673,0.002887,80
causal_discovery_revision,payload_shift_pick,noisy_observation,sparse_feedback,0.663647,0.004079,0.609588,0.004388,0.126741,0.002015,0.129243,0.002182,0.643186,0.002671,0.623181,0.002623,0.119564,0.001289,0.358271,0.001631,0.070705,0.001427,0.070571,0.001504,0.598158,0.002601,80
causal_discovery_revision,payload_shift_pick,nominal,combined_stress,0.682886,0.003796,0.682632,0.004698,0.053499,0.002388,0.148367,0.002348,0.687317,0.002327,0.625445,0.002709,0.110432,0.001548,0.381426,0.001380,0.073132,0.001333,0.054068,0.001477,0.638934,0.002972,80
causal_discovery_revision,payload_shift_pick,nominal,in_distribution,0.775224,0.004320,1.003906,0.004648,0.000818,0.000467,0.000292,0.000327,0.729550,0.002470,0.678786,0.002729,0.081413,0.001189,0.233518,0.001378,0.079019,0.001705,0.019626,0.001528,0.638511,0.002796,80
causal_discovery_revision,payload_shift_pick,nominal,long_horizon_recovery,0.720517,0.003982,0.818260,0.004474,0.017976,0.002147,0.091735,0.001938,0.709154,0.002571,0.626459,0.002797,0.092791,0.001268,0.332112,0.001323,0.074231,0.001500,0.039277,0.001273,0.639955,0.002399,80
causal_discovery_revision,payload_shift_pick,nominal,new_operator_interventions,0.746003,0.003432,0.903477,0.004086,0.010297,0.002052,0.048486,0.002245,0.711417,0.002961,0.666500,0.002328,0.095703,0.001354,0.273191,0.001516,0.076024,0.001653,0.031663,0.001332,0.637873,0.002658,80
causal_discovery_revision,payload_shift_pick,nominal,sparse_feedback,0.714025,0.003782,0.790521,0.004312,0.054186,0.002177,0.081420,0.001950,0.700889,0.002938,0.657547,0.002438,0.100786,0.001336,0.341448,0.001541,0.074101,0.001582,0.046432,0.001460,0.641563,0.002372,80
causal_discovery_revision,payload_shift_pick,physical_rule_violation,combined_stress,0.597952,0.004503,0.361891,0.005454,0.123039,0.002251,0.293361,0.002059,0.638076,0.002618,0.530828,0.002482,0.162043,0.001272,0.394059,0.001676,0.066992,0.001476,0.095548,0.001512,0.602699,0.002686,80
causal_discovery_revision,payload_shift_pick,physical_rule_violation,in_distribution,0.689718,0.003933,0.695880,0.005081,0.060544,0.002186,0.133848,0.002461,0.679747,0.002936,0.584655,0.002470,0.133351,0.001368,0.248979,0.001574,0.072056,0.001378,0.061001,0.001487,0.602020,0.002434,80
causal_discovery_revision,payload_shift_pick,physical_rule_violation,long_horizon_recovery,0.637349,0.003929,0.496787,0.004311,0.088124,0.002450,0.236666,0.002017,0.663275,0.002789,0.530981,0.002935,0.146598,0.001404,0.345643,0.001435,0.070858,0.001448,0.081630,0.001183,0.603595,0.003070,80
causal_discovery_revision,payload_shift_pick,physical_rule_violation,new_operator_interventions,0.657781,0.004031,0.579478,0.004932,0.080564,0.002320,0.191763,0.002245,0.660807,0.002755,0.574103,0.002553,0.148099,0.001353,0.288520,0.001431,0.070074,0.001553,0.072704,0.001374,0.603370,0.002489,80
causal_discovery_revision,payload_shift_pick,physical_rule_violation,sparse_feedback,0.624862,0.003996,0.466640,0.004835,0.122353,0.001989,0.222991,0.002130,0.649339,0.002951,0.561050,0.002549,0.153930,0.001238,0.353304,0.001423,0.069117,0.001416,0.087085,0.001327,0.600428,0.002759,80
causal_discovery_revision,tool_use_correction,actuator_model_break,combined_stress,0.580625,0.004212,0.298351,0.004765,0.122436,0.002217,0.326986,0.002427,0.634475,0.002843,0.508845,0.002736,0.184157,0.001264,0.395624,0.001800,0.065394,0.001601,0.099238,0.001500,0.601337,0.002681,80
causal_discovery_revision,tool_use_correction,actuator_model_break,in_distribution,0.671926,0.004441,0.630182,0.005175,0.061966,0.002120,0.167302,0.002215,0.676983,0.002321,0.560769,0.002599,0.155815,0.001186,0.251279,0.001333,0.071744,0.001589,0.064442,0.001497,0.603131,0.002591,80
causal_discovery_revision,tool_use_correction,actuator_model_break,long_horizon_recovery,0.617167,0.003562,0.433498,0.004309,0.085736,0.002510,0.270522,0.002183,0.660011,0.002535,0.509008,0.002882,0.166549,0.001431,0.347668,0.001390,0.067916,0.001550,0.084262,0.001565,0.600941,0.002735,80
causal_discovery_revision,tool_use_correction,actuator_model_break,new_operator_interventions,0.638531,0.004238,0.514494,0.004915,0.079679,0.002158,0.226725,0.002356,0.655842,0.002662,0.550610,0.002656,0.168248,0.001383,0.288731,0.001558,0.070497,0.001708,0.075320,0.001629,0.602471,0.002701,80
causal_discovery_revision,tool_use_correction,actuator_model_break,sparse_feedback,0.609103,0.003949,0.405065,0.005195,0.124288,0.002065,0.256157,0.002207,0.648767,0.002575,0.542197,0.002323,0.176474,0.001384,0.356038,0.001606,0.066816,0.001598,0.089853,0.001449,0.602579,0.002786,80
causal_discovery_revision,tool_use_correction,combined_intervention_stress,combined_stress,0.483343,0.003860,-0.062835,0.004518,0.307115,0.002163,0.394314,0.002513,0.511042,0.002982,0.465673,0.002024,0.207755,0.001483,0.424045,0.001590,0.061290,0.001357,0.175859,0.001371,0.507757,0.002921,80
causal_discovery_revision,tool_use_correction,combined_intervention_stress,in_distribution,0.578300,0.004160,0.277793,0.004983,0.243350,0.002191,0.232316,0.002472,0.553972,0.002400,0.520145,0.002525,0.179102,0.001410,0.278355,0.001405,0.066906,0.001580,0.140441,0.001496,0.508638,0.002296,80
causal_discovery_revision,tool_use_correction,combined_intervention_stress,long_horizon_recovery,0.526160,0.003841,0.079464,0.004598,0.268173,0.002046,0.339649,0.002154,0.535514,0.002487,0.470081,0.002475,0.191533,0.001214,0.375661,0.001599,0.061376,0.001615,0.159587,0.001123,0.507854,0.002748,80
causal_discovery_revision,tool_use_correction,combined_intervention_stress,new_operator_interventions,0.542683,0.003977,0.156014,0.004646,0.262939,0.002504,0.291984,0.001957,0.532224,0.002749,0.509726,0.002576,0.193558,0.001178,0.319023,0.001594,0.064430,0.001346,0.151817,0.001308,0.506790,0.002573,80
causal_discovery_revision,tool_use_correction,combined_intervention_stress,sparse_feedback,0.518003,0.003960,0.053057,0.004733,0.302909,0.001735,0.324375,0.002059,0.522867,0.002507,0.498231,0.002577,0.199276,0.001329,0.383793,0.001515,0.063071,0.001324,0.165653,0.001291,0.506344,0.002520,80
causal_discovery_revision,tool_use_correction,contact_precondition_failure,combined_stress,0.591889,0.004012,0.339564,0.004918,0.112186,0.002254,0.310155,0.002167,0.645298,0.002518,0.520902,0.002676,0.178896,0.001458,0.393379,0.001520,0.065737,0.001552,0.095562,0.001314,0.610737,0.002808,80
causal_discovery_revision,tool_use_correction,contact_precondition_failure,in_distribution,0.685654,0.003711,0.676656,0.004269,0.050453,0.002382,0.149352,0.002349,0.688966,0.002606,0.573149,0.002592,0.149012,0.001459,0.246454,0.001523,0.073615,0.001451,0.060858,0.001440,0.607467,0.002718,80
causal_discovery_revision,tool_use_correction,contact_precondition_failure,long_horizon_recovery,0.628138,0.003731,0.475983,0.004600,0.075521,0.002310,0.251966,0.001933,0.669465,0.002917,0.521971,0.002716,0.161624,0.001213,0.343326,0.001458,0.069812,0.001618,0.079304,0.001305,0.610054,0.002386,80
causal_discovery_revision,tool_use_correction,contact_precondition_failure,new_operator_interventions,0.652568,0.004225,0.560802,0.004644,0.071324,0.002125,0.206967,0.001998,0.667358,0.002306,0.565207,0.002767,0.161863,0.001249,0.285671,0.001712,0.070205,0.001666,0.071682,0.001319,0.608340,0.002463,80
causal_discovery_revision,tool_use_correction,contact_precondition_failure,sparse_feedback,0.620894,0.003963,0.445357,0.004994,0.111286,0.002219,0.241737,0.002286,0.656322,0.002531,0.552688,0.002702,0.170799,0.001215,0.353546,0.001592,0.069155,0.001725,0.086042,0.001435,0.608510,0.002845,80
causal_discovery_revision,tool_use_correction,environment_change_intervention,combined_stress,0.567864,0.004319,0.243641,0.005190,0.145265,0.002420,0.344321,0.002303,0.621678,0.002589,0.500087,0.002805,0.189967,0.001309,0.398431,0.001498,0.065235,0.001545,0.111337,0.001400,0.591774,0.002652,80
causal_discovery_revision,tool_use_correction,environment_change_intervention,in_distribution,0.661277,0.003541,0.580752,0.003936,0.081382,0.002296,0.183725,0.002012,0.663272,0.002979,0.551382,0.002640,0.161526,0.001345,0.251707,0.001463,0.071687,0.001324,0.075783,0.001581,0.591834,0.002599,80
causal_discovery_revision,tool_use_correction,environment_change_intervention,long_horizon_recovery,0.603248,0.004163,0.378076,0.005047,0.108382,0.002089,0.287462,0.002370,0.646452,0.002696,0.501843,0.002602,0.173953,0.001190,0.349221,0.001479,0.066836,0.001691,0.095111,0.001709,0.591164,0.002676,80
causal_discovery_revision,tool_use_correction,environment_change_intervention,new_operator_interventions,0.626907,0.004593,0.460239,0.005584,0.101397,0.002478,0.243753,0.002189,0.641691,0.002726,0.541761,0.002175,0.175070,0.001486,0.292481,0.001390,0.068387,0.001713,0.088253,0.001238,0.590098,0.002533,80
causal_discovery_revision,tool_use_correction,environment_change_intervention,sparse_feedback,0.593170,0.004396,0.347304,0.005002,0.143297,0.002006,0.276691,0.002129,0.634952,0.002554,0.530377,0.002826,0.181101,0.001265,0.357422,0.001636,0.068869,0.001508,0.101021,0.001312,0.589804,0.002712,80
causal_discovery_revision,tool_use_correction,false_human_hint,combined_stress,0.594811,0.003873,0.355945,0.004636,0.199871,0.002211,0.219420,0.002243,0.586293,0.002632,0.579456,0.002920,0.146503,0.001336,0.403124,0.001593,0.067553,0.001376,0.119672,0.001529,0.564205,0.002302,80
causal_discovery_revision,tool_use_correction,false_human_hint,in_distribution,0.691752,0.003988,0.694304,0.004768,0.140107,0.002044,0.059722,0.002555,0.633932,0.002614,0.631496,0.002648,0.117181,0.001360,0.258409,0.001695,0.073900,0.001528,0.086405,0.001419,0.566120,0.002512,80
causal_discovery_revision,tool_use_correction,false_human_hint,long_horizon_recovery,0.637905,0.003822,0.494222,0.004292,0.166819,0.001879,0.163860,0.001748,0.613598,0.002540,0.578547,0.002357,0.128671,0.001171,0.355141,0.001711,0.069419,0.001672,0.107146,0.001333,0.565258,0.002920,80
causal_discovery_revision,tool_use_correction,false_human_hint,new_operator_interventions,0.656988,0.003603,0.573314,0.004395,0.160787,0.002246,0.118394,0.002465,0.609960,0.002572,0.619588,0.002530,0.130533,0.001339,0.297047,0.001417,0.070625,0.001405,0.099657,0.001447,0.565257,0.002201,80
causal_discovery_revision,tool_use_correction,false_human_hint,sparse_feedback,0.624203,0.003836,0.460186,0.004586,0.202051,0.002195,0.151540,0.001923,0.598045,0.002595,0.609642,0.002499,0.138533,0.001351,0.361857,0.001309,0.067801,0.001614,0.111942,0.001421,0.565659,0.002329,80
causal_discovery_revision,tool_use_correction,noisy_observation,combined_stress,0.626651,0.004106,0.484784,0.005191,0.128611,0.001906,0.199201,0.001883,0.627875,0.002653,0.591677,0.002907,0.138227,0.001416,0.397851,0.001481,0.069097,0.001553,0.081042,0.001377,0.598082,0.002362,80
causal_discovery_revision,tool_use_correction,noisy_observation,in_distribution,0.721329,0.003863,0.823001,0.004514,0.066572,0.001773,0.039514,0.001752,0.673468,0.002697,0.645877,0.003111,0.109311,0.001186,0.252457,0.001387,0.075246,0.001451,0.045157,0.001446,0.596655,0.002673,80
causal_discovery_revision,tool_use_correction,noisy_observation,long_horizon_recovery,0.669798,0.004275,0.626222,0.005339,0.092978,0.002179,0.140164,0.002427,0.652872,0.002563,0.592671,0.002531,0.122284,0.001370,0.349842,0.001565,0.072397,0.001714,0.066201,0.001314,0.597914,0.002397,80
causal_discovery_revision,tool_use_correction,noisy_observation,new_operator_interventions,0.689313,0.004048,0.702807,0.005367,0.088224,0.002356,0.100243,0.002330,0.651469,0.002477,0.635057,0.002533,0.122534,0.001121,0.292715,0.001558,0.072688,0.001584,0.058468,0.001385,0.595082,0.002807,80
causal_discovery_revision,tool_use_correction,noisy_observation,sparse_feedback,0.661129,0.003780,0.595339,0.004788,0.129314,0.002483,0.131069,0.002380,0.641930,0.002486,0.623115,0.002231,0.129812,0.001223,0.359029,0.001505,0.071407,0.001575,0.072510,0.001565,0.597548,0.002669,80
causal_discovery_revision,tool_use_correction,nominal,combined_stress,0.684179,0.004344,0.678124,0.005196,0.051740,0.002102,0.149061,0.001982,0.686176,0.002503,0.624390,0.003050,0.119355,0.001205,0.380132,0.001461,0.072390,0.001432,0.053917,0.001488,0.638954,0.002727,80
causal_discovery_revision,tool_use_correction,nominal,in_distribution,0.772923,0.003321,0.993792,0.003695,0.001837,0.000920,0.000333,0.000311,0.730046,0.002217,0.677567,0.002843,0.090812,0.001445,0.234996,0.001418,0.078910,0.001463,0.020010,0.001526,0.640941,0.002700,80
causal_discovery_revision,tool_use_correction,nominal,long_horizon_recovery,0.721585,0.003836,0.814081,0.004130,0.016123,0.002200,0.092168,0.002287,0.714200,0.002538,0.627814,0.002524,0.102330,0.001227,0.333103,0.001592,0.074214,0.001509,0.040038,0.001353,0.638579,0.002567,80
causal_discovery_revision,tool_use_correction,nominal,new_operator_interventions,0.742807,0.003974,0.894101,0.004996,0.011525,0.001839,0.045692,0.002423,0.710355,0.002445,0.665411,0.002272,0.105419,0.001296,0.273236,0.001393,0.076123,0.001501,0.031745,0.001453,0.639045,0.002656,80
causal_discovery_revision,tool_use_correction,nominal,sparse_feedback,0.710289,0.003978,0.780407,0.004925,0.053863,0.002402,0.079491,0.002346,0.698917,0.002725,0.656862,0.002652,0.111322,0.001291,0.340999,0.001506,0.074941,0.001461,0.045571,0.001279,0.640522,0.002375,80
causal_discovery_revision,tool_use_correction,physical_rule_violation,combined_stress,0.595575,0.003762,0.351667,0.004173,0.123506,0.002278,0.292536,0.001973,0.635892,0.002550,0.528813,0.002654,0.171616,0.001170,0.395008,0.001561,0.066762,0.001869,0.095722,0.001295,0.602209,0.002795,80
causal_discovery_revision,tool_use_correction,physical_rule_violation,in_distribution,0.685782,0.003963,0.687088,0.004534,0.059283,0.002237,0.131336,0.002230,0.680275,0.002695,0.585088,0.002548,0.143480,0.001505,0.249034,0.001560,0.072712,0.001690,0.061752,0.001392,0.602596,0.002872,80
causal_discovery_revision,tool_use_correction,physical_rule_violation,long_horizon_recovery,0.631033,0.003778,0.485171,0.004773,0.087661,0.002354,0.235129,0.002109,0.662857,0.002947,0.530591,0.002473,0.156276,0.001297,0.346077,0.001646,0.069156,0.001564,0.080533,0.001312,0.600367,0.002667,80
causal_discovery_revision,tool_use_correction,physical_rule_violation,new_operator_interventions,0.649555,0.003888,0.560542,0.004809,0.081405,0.002316,0.194124,0.001734,0.659583,0.002575,0.572630,0.002809,0.158314,0.001423,0.288676,0.001407,0.071175,0.001599,0.074068,0.001459,0.604432,0.002495,80
causal_discovery_revision,tool_use_correction,physical_rule_violation,sparse_feedback,0.625211,0.003847,0.460483,0.004312,0.122179,0.001841,0.223705,0.001957,0.651347,0.002677,0.563062,0.002786,0.163998,0.001405,0.353766,0.001573,0.068957,0.001593,0.087187,0.001250,0.603910,0.002437,80
causal_intervention_belief_revision_v5,bin_packing_recovery,actuator_model_break,combined_stress,0.709415,0.004110,0.808768,0.004609,0.000000,0.000000,0.164205,0.002325,0.832238,0.002684,0.711652,0.002523,0.150807,0.001409,0.325678,0.001730,0.052880,0.000994,0.000000,0.000000,0.760179,0.002724,80
causal_intervention_belief_revision_v5,bin_packing_recovery,actuator_model_break,in_distribution,0.804612,0.003935,1.094299,0.004264,0.000000,0.000000,0.005880,0.001512,0.877874,0.002604,0.761801,0.002273,0.120638,0.001317,0.178652,0.001311,0.056630,0.001074,0.000000,0.000000,0.762433,0.002807,80
causal_intervention_belief_revision_v5,bin_packing_recovery,actuator_model_break,long_horizon_recovery,0.751026,0.003984,0.920873,0.004054,0.000000,0.000000,0.106337,0.002299,0.858145,0.002791,0.714075,0.002590,0.134700,0.001222,0.277522,0.001462,0.054911,0.001067,0.000000,0.000000,0.763737,0.002898,80
causal_intervention_belief_revision_v5,bin_packing_recovery,actuator_model_break,new_operator_interventions,0.771672,0.003765,0.993095,0.004394,0.000000,0.000000,0.063617,0.002130,0.853728,0.002868,0.751185,0.002624,0.135034,0.001290,0.218176,0.001602,0.055471,0.001057,0.000000,0.000000,0.762775,0.002343,80
causal_intervention_belief_revision_v5,bin_packing_recovery,actuator_model_break,sparse_feedback,0.738011,0.004370,0.910360,0.004737,0.000000,0.000000,0.097802,0.002060,0.844683,0.002773,0.744960,0.002821,0.141370,0.001247,0.285729,0.001497,0.055072,0.001048,0.000000,0.000000,0.760460,0.002471,80
causal_intervention_belief_revision_v5,bin_packing_recovery,combined_intervention_stress,combined_stress,0.617182,0.004197,0.491276,0.004890,0.136980,0.002294,0.231932,0.002070,0.708377,0.003096,0.668327,0.002619,0.175575,0.001258,0.357577,0.001522,0.048997,0.001069,0.050178,0.001449,0.669340,0.002682,80
causal_intervention_belief_revision_v5,bin_packing_recovery,combined_intervention_stress,in_distribution,0.709044,0.003870,0.829602,0.004681,0.073440,0.001869,0.071236,0.001880,0.750412,0.002329,0.720627,0.002670,0.145400,0.001178,0.206384,0.001465,0.052157,0.001014,0.016190,0.001327,0.670792,0.002571,80
causal_intervention_belief_revision_v5,bin_packing_recovery,combined_intervention_stress,long_horizon_recovery,0.653460,0.003542,0.626751,0.004399,0.101208,0.002241,0.176082,0.002217,0.733436,0.002604,0.669542,0.002926,0.156845,0.001322,0.305900,0.001415,0.050921,0.000954,0.036173,0.001309,0.668805,0.003105,80
causal_intervention_belief_revision_v5,bin_packing_recovery,combined_intervention_stress,new_operator_interventions,0.676451,0.003409,0.711982,0.003976,0.092800,0.002429,0.129693,0.002018,0.729249,0.002630,0.710562,0.002712,0.158809,0.001173,0.247205,0.001512,0.051453,0.001139,0.028145,0.001479,0.667646,0.002693,80
causal_intervention_belief_revision_v5,bin_packing_recovery,combined_intervention_stress,sparse_feedback,0.648258,0.003920,0.599895,0.004720,0.135963,0.002242,0.164498,0.002295,0.721751,0.002541,0.700129,0.002576,0.167156,0.001330,0.315131,0.001380,0.049907,0.001168,0.042307,0.001432,0.668362,0.002884,80
causal_intervention_belief_revision_v5,bin_packing_recovery,contact_precondition_failure,combined_stress,0.725384,0.003682,0.846291,0.003876,0.000000,0.000000,0.147639,0.002329,0.841349,0.002658,0.721223,0.002591,0.145218,0.001464,0.322141,0.001620,0.052944,0.000916,0.000000,0.000000,0.770714,0.002677,80
causal_intervention_belief_revision_v5,bin_packing_recovery,contact_precondition_failure,in_distribution,0.815877,0.004082,1.118644,0.004077,0.000000,0.000000,0.000033,0.000065,0.886342,0.002516,0.775407,0.002494,0.115821,0.001299,0.176282,0.001568,0.058758,0.001048,0.000000,0.000000,0.767727,0.002425,80
causal_intervention_belief_revision_v5,bin_packing_recovery,contact_precondition_failure,long_horizon_recovery,0.759718,0.004178,0.950157,0.005000,0.000000,0.000000,0.091840,0.002011,0.866788,0.002502,0.723494,0.002789,0.128334,0.001218,0.273820,0.001495,0.053506,0.001093,0.000000,0.000000,0.770183,0.002727,80
causal_intervention_belief_revision_v5,bin_packing_recovery,contact_precondition_failure,new_operator_interventions,0.785469,0.003943,1.027741,0.004104,0.000000,0.000000,0.047751,0.001822,0.863834,0.002490,0.761875,0.002621,0.129554,0.001307,0.214923,0.001569,0.056088,0.001115,0.000000,0.000000,0.768507,0.002653,80
causal_intervention_belief_revision_v5,bin_packing_recovery,contact_precondition_failure,sparse_feedback,0.754334,0.003751,0.950143,0.003746,0.000000,0.000000,0.079940,0.002282,0.858114,0.002665,0.755841,0.002680,0.135916,0.001279,0.282334,0.001329,0.055520,0.001251,0.000000,0.000000,0.769913,0.002380,80
causal_intervention_belief_revision_v5,bin_packing_recovery,environment_change_intervention,combined_stress,0.699444,0.003740,0.775482,0.004578,0.000000,0.000000,0.182297,0.002600,0.819034,0.002736,0.703063,0.002353,0.156497,0.001154,0.330540,0.001470,0.051654,0.001136,0.000071,0.000108,0.753709,0.002630,80
causal_intervention_belief_revision_v5,bin_packing_recovery,environment_change_intervention,in_distribution,0.792380,0.003814,1.057647,0.004267,0.000000,0.000000,0.022714,0.002186,0.859859,0.002411,0.753955,0.002868,0.126892,0.001260,0.182378,0.001553,0.056500,0.000992,0.000000,0.000000,0.748593,0.002375,80
causal_intervention_belief_revision_v5,bin_packing_recovery,environment_change_intervention,long_horizon_recovery,0.733499,0.003898,0.878637,0.004387,0.000000,0.000000,0.125040,0.002355,0.841611,0.002976,0.703712,0.002712,0.140421,0.001428,0.280240,0.001603,0.053947,0.001089,0.000000,0.000000,0.752878,0.002387,80
causal_intervention_belief_revision_v5,bin_packing_recovery,environment_change_intervention,new_operator_interventions,0.752676,0.003256,0.951243,0.003511,0.000000,0.000000,0.078875,0.002393,0.839449,0.002761,0.743336,0.002587,0.142225,0.001261,0.222619,0.001513,0.056305,0.001062,0.000000,0.000000,0.753746,0.002557,80
causal_intervention_belief_revision_v5,bin_packing_recovery,environment_change_intervention,sparse_feedback,0.730183,0.003775,0.879328,0.004238,0.000062,0.000093,0.113517,0.002270,0.832784,0.002554,0.730489,0.002773,0.147678,0.001260,0.290226,0.001565,0.053848,0.001021,0.000000,0.000000,0.752291,0.003122,80
causal_intervention_belief_revision_v5,bin_packing_recovery,false_human_hint,combined_stress,0.727898,0.004183,0.902854,0.004845,0.034230,0.001945,0.060530,0.002083,0.784962,0.002409,0.781371,0.002500,0.113300,0.001316,0.333187,0.001530,0.054702,0.001006,0.001153,0.000488,0.724435,0.002749,80
causal_intervention_belief_revision_v5,bin_packing_recovery,false_human_hint,in_distribution,0.818497,0.003592,1.136443,0.003667,0.000000,0.000000,0.000000,0.000000,0.828547,0.002537,0.831515,0.002589,0.082612,0.001174,0.187482,0.001661,0.057816,0.001102,0.000000,0.000000,0.723208,0.002576,80
causal_intervention_belief_revision_v5,bin_packing_recovery,false_human_hint,long_horizon_recovery,0.770040,0.003724,1.033331,0.004168,0.003253,0.001256,0.005020,0.001303,0.807383,0.002603,0.779491,0.002215,0.094635,0.001369,0.284672,0.001895,0.056451,0.001100,0.000000,0.000000,0.724055,0.002712,80
causal_intervention_belief_revision_v5,bin_packing_recovery,false_human_hint,new_operator_interventions,0.789854,0.004039,1.081030,0.003998,0.000307,0.000219,0.000000,0.000000,0.806020,0.002509,0.821454,0.002369,0.096458,0.001105,0.225916,0.001208,0.057166,0.001123,0.000000,0.000000,0.726203,0.002500,80
causal_intervention_belief_revision_v5,bin_packing_recovery,false_human_hint,sparse_feedback,0.760689,0.003482,1.003743,0.004109,0.033787,0.002536,0.000628,0.000347,0.797667,0.002901,0.810417,0.002820,0.104330,0.001394,0.293950,0.001433,0.055593,0.001088,0.000013,0.000025,0.725924,0.002348,80
causal_intervention_belief_revision_v5,bin_packing_recovery,noisy_observation,combined_stress,0.760970,0.003407,0.997712,0.003897,0.000000,0.000000,0.036715,0.002311,0.826276,0.002477,0.795316,0.002685,0.104011,0.001253,0.328558,0.001301,0.055579,0.001032,0.000000,0.000000,0.758148,0.003045,80
causal_intervention_belief_revision_v5,bin_packing_recovery,noisy_observation,in_distribution,0.860161,0.003956,1.201238,0.004268,0.000000,0.000000,0.000000,0.000000,0.871538,0.002707,0.847548,0.002677,0.074887,0.001302,0.181702,0.001629,0.060298,0.001210,0.000000,0.000000,0.758723,0.002629,80
causal_intervention_belief_revision_v5,bin_packing_recovery,noisy_observation,long_horizon_recovery,0.800647,0.004484,1.092983,0.004696,0.000000,0.000000,0.000046,0.000079,0.852259,0.002697,0.795467,0.002270,0.087679,0.001373,0.279042,0.001639,0.057135,0.001057,0.000000,0.000000,0.759440,0.002481,80
causal_intervention_belief_revision_v5,bin_packing_recovery,noisy_observation,new_operator_interventions,0.823082,0.003974,1.137182,0.004174,0.000000,0.000000,0.000000,0.000000,0.849411,0.002647,0.835799,0.002243,0.088402,0.001304,0.222172,0.001571,0.058151,0.000921,0.000000,0.000000,0.758725,0.002803,80
causal_intervention_belief_revision_v5,bin_packing_recovery,noisy_observation,sparse_feedback,0.792853,0.004432,1.081070,0.004710,0.000000,0.000000,0.000000,0.000000,0.839506,0.002844,0.827789,0.002726,0.095873,0.001496,0.288089,0.001408,0.056657,0.000963,0.000000,0.000000,0.757420,0.002475,80
causal_intervention_belief_revision_v5,bin_packing_recovery,nominal,combined_stress,0.811904,0.003697,1.114794,0.003592,0.000000,0.000000,0.000186,0.000212,0.885383,0.002784,0.825005,0.002705,0.086907,0.001281,0.311274,0.001660,0.056819,0.001133,0.000000,0.000000,0.801324,0.002992,80
causal_intervention_belief_revision_v5,bin_packing_recovery,nominal,in_distribution,0.900934,0.004012,1.282113,0.004263,0.000000,0.000000,0.000000,0.000000,0.926783,0.002785,0.877138,0.002671,0.056869,0.001372,0.165798,0.001634,0.060976,0.000921,0.000000,0.000000,0.800474,0.002705,80
causal_intervention_belief_revision_v5,bin_packing_recovery,nominal,long_horizon_recovery,0.853708,0.003649,1.186641,0.003923,0.000000,0.000000,0.000000,0.000000,0.909398,0.002604,0.828972,0.002560,0.070317,0.001341,0.262039,0.001562,0.059026,0.001133,0.000000,0.000000,0.799411,0.002351,80
causal_intervention_belief_revision_v5,bin_packing_recovery,nominal,new_operator_interventions,0.874317,0.004025,1.228715,0.004199,0.000000,0.000000,0.000000,0.000000,0.905934,0.002424,0.868952,0.002467,0.071058,0.001606,0.204866,0.001679,0.060690,0.001150,0.000000,0.000000,0.798552,0.002261,80
causal_intervention_belief_revision_v5,bin_packing_recovery,nominal,sparse_feedback,0.843421,0.004048,1.172763,0.004182,0.000000,0.000000,0.000000,0.000000,0.898182,0.002327,0.857365,0.002338,0.077463,0.001322,0.269980,0.001597,0.059446,0.001083,0.000000,0.000000,0.798829,0.002605,80
causal_intervention_belief_revision_v5,bin_packing_recovery,physical_rule_violation,combined_stress,0.728168,0.004292,0.863923,0.005073,0.000000,0.000000,0.131576,0.002388,0.832453,0.002750,0.732661,0.002759,0.138571,0.001165,0.325133,0.001445,0.053831,0.000989,0.000000,0.000000,0.765190,0.002787,80
causal_intervention_belief_revision_v5,bin_packing_recovery,physical_rule_violation,in_distribution,0.818592,0.003955,1.124244,0.004190,0.000000,0.000000,0.000000,0.000000,0.875786,0.002556,0.785777,0.002433,0.110205,0.001367,0.178392,0.001648,0.058181,0.001231,0.000000,0.000000,0.763305,0.002702,80
causal_intervention_belief_revision_v5,bin_packing_recovery,physical_rule_violation,long_horizon_recovery,0.762923,0.003411,0.966463,0.003849,0.000000,0.000000,0.076399,0.002110,0.856626,0.002599,0.735552,0.002500,0.122845,0.001396,0.276208,0.001615,0.055712,0.001181,0.000000,0.000000,0.762711,0.002129,80
causal_intervention_belief_revision_v5,bin_packing_recovery,physical_rule_violation,new_operator_interventions,0.784040,0.003805,1.043514,0.004272,0.000000,0.000000,0.029206,0.002626,0.855188,0.002355,0.774141,0.002608,0.122503,0.001288,0.218081,0.001556,0.056687,0.001139,0.000000,0.000000,0.762831,0.002875,80
causal_intervention_belief_revision_v5,bin_packing_recovery,physical_rule_violation,sparse_feedback,0.755800,0.004382,0.966542,0.005076,0.000000,0.000000,0.062280,0.002203,0.846908,0.002680,0.765533,0.002518,0.130125,0.001368,0.284395,0.001650,0.055120,0.001074,0.000000,0.000000,0.764356,0.002607,80
causal_intervention_belief_revision_v5,deformable_contact_replan,actuator_model_break,combined_stress,0.717453,0.004106,0.823733,0.004844,0.000000,0.000000,0.163066,0.002428,0.831122,0.002856,0.710354,0.002669,0.140737,0.001338,0.327304,0.001700,0.053435,0.001137,0.000000,0.000000,0.761454,0.002757,80
causal_intervention_belief_revision_v5,deformable_contact_replan,actuator_model_break,in_distribution,0.807058,0.004204,1.101854,0.004494,0.000000,0.000000,0.006327,0.001930,0.873545,0.002489,0.764174,0.002319,0.112211,0.001369,0.178906,0.001422,0.057661,0.001111,0.000000,0.000000,0.764363,0.002382,80
causal_intervention_belief_revision_v5,deformable_contact_replan,actuator_model_break,long_horizon_recovery,0.755916,0.003502,0.930793,0.003976,0.000000,0.000000,0.109865,0.002000,0.857542,0.002779,0.712018,0.002517,0.123397,0.001172,0.276523,0.001313,0.054988,0.001051,0.000000,0.000000,0.761859,0.002498,80
causal_intervention_belief_revision_v5,deformable_contact_replan,actuator_model_break,new_operator_interventions,0.774603,0.003609,1.003540,0.003888,0.000000,0.000000,0.062716,0.002160,0.853884,0.002782,0.755032,0.003071,0.125897,0.001256,0.219833,0.001372,0.055042,0.000894,0.000000,0.000000,0.761014,0.002702,80
causal_intervention_belief_revision_v5,deformable_contact_replan,actuator_model_break,sparse_feedback,0.741274,0.003180,0.922380,0.003915,0.000000,0.000000,0.095678,0.002243,0.844333,0.002327,0.744846,0.002588,0.131478,0.001197,0.286067,0.001562,0.053926,0.001065,0.000000,0.000000,0.762266,0.002075,80
causal_intervention_belief_revision_v5,deformable_contact_replan,combined_intervention_stress,combined_stress,0.622809,0.003802,0.504574,0.004607,0.136859,0.002178,0.232256,0.002104,0.707097,0.002804,0.667743,0.002846,0.164099,0.001408,0.355542,0.001215,0.048558,0.000974,0.050642,0.001381,0.666195,0.002535,80
causal_intervention_belief_revision_v5,deformable_contact_replan,combined_intervention_stress,in_distribution,0.711901,0.004036,0.839857,0.005239,0.074218,0.002440,0.071270,0.002193,0.750450,0.002647,0.721851,0.002770,0.134577,0.001360,0.207220,0.001350,0.053653,0.001046,0.015009,0.001432,0.669899,0.002627,80
causal_intervention_belief_revision_v5,deformable_contact_replan,combined_intervention_stress,long_horizon_recovery,0.656891,0.003809,0.637057,0.004936,0.102018,0.002295,0.175387,0.002294,0.734128,0.002736,0.668882,0.002878,0.147548,0.001234,0.305246,0.001618,0.050592,0.001071,0.035859,0.001249,0.667584,0.001953,80
causal_intervention_belief_revision_v5,deformable_contact_replan,combined_intervention_stress,new_operator_interventions,0.677231,0.003853,0.719317,0.005025,0.094168,0.002564,0.128795,0.001938,0.730763,0.002771,0.711552,0.002702,0.149314,0.001145,0.248780,0.001576,0.052324,0.000999,0.028646,0.001356,0.669312,0.002998,80
causal_intervention_belief_revision_v5,deformable_contact_replan,combined_intervention_stress,sparse_feedback,0.648420,0.003514,0.610464,0.004410,0.136452,0.002384,0.162239,0.002173,0.720531,0.002617,0.700894,0.002484,0.155146,0.001204,0.314345,0.001516,0.051149,0.001141,0.041118,0.001340,0.669896,0.002700,80
causal_intervention_belief_revision_v5,deformable_contact_replan,contact_precondition_failure,combined_stress,0.724586,0.004580,0.851286,0.004582,0.000000,0.000000,0.148784,0.002068,0.839393,0.002551,0.722679,0.002601,0.134936,0.001428,0.323165,0.001408,0.053448,0.001001,0.000000,0.000000,0.767625,0.002683,80
causal_intervention_belief_revision_v5,deformable_contact_replan,contact_precondition_failure,in_distribution,0.816682,0.003500,1.126792,0.003558,0.000000,0.000000,0.000320,0.000358,0.885968,0.002629,0.775101,0.002198,0.106035,0.001226,0.175023,0.001631,0.057604,0.000991,0.000000,0.000000,0.768855,0.002860,80
causal_intervention_belief_revision_v5,deformable_contact_replan,contact_precondition_failure,long_horizon_recovery,0.761510,0.003849,0.959056,0.004811,0.000000,0.000000,0.090935,0.002276,0.865564,0.002363,0.724603,0.002500,0.118305,0.001304,0.274538,0.001718,0.054902,0.000932,0.000000,0.000000,0.768232,0.002547,80
causal_intervention_belief_revision_v5,deformable_contact_replan,contact_precondition_failure,new_operator_interventions,0.784374,0.004514,1.035378,0.005261,0.000000,0.000000,0.045779,0.002247,0.861839,0.002881,0.763800,0.002468,0.119234,0.001401,0.215180,0.001330,0.056295,0.001030,0.000000,0.000000,0.769134,0.002652,80
causal_intervention_belief_revision_v5,deformable_contact_replan,contact_precondition_failure,sparse_feedback,0.756575,0.003964,0.958553,0.004015,0.000000,0.000000,0.078693,0.002471,0.854847,0.002319,0.752702,0.002581,0.126695,0.001440,0.282007,0.001561,0.055589,0.001022,0.000000,0.000000,0.770965,0.002681,80
causal_intervention_belief_revision_v5,deformable_contact_replan,environment_change_intervention,combined_stress,0.701251,0.004489,0.785393,0.005026,0.000013,0.000025,0.179335,0.002168,0.819507,0.002607,0.703052,0.002553,0.148419,0.001353,0.328985,0.001462,0.052063,0.000997,0.000061,0.000077,0.751918,0.002406,80
causal_intervention_belief_revision_v5,deformable_contact_replan,environment_change_intervention,in_distribution,0.792243,0.004335,1.066700,0.004669,0.000000,0.000000,0.021056,0.002105,0.863688,0.002561,0.753389,0.002866,0.117373,0.001342,0.181685,0.001400,0.056273,0.001257,0.000000,0.000000,0.750117,0.002303,80
causal_intervention_belief_revision_v5,deformable_contact_replan,environment_change_intervention,long_horizon_recovery,0.741346,0.004039,0.892977,0.004554,0.000000,0.000000,0.125011,0.002081,0.843455,0.002479,0.699900,0.002526,0.130211,0.001316,0.280442,0.001575,0.054345,0.001131,0.000000,0.000000,0.750935,0.002865,80
causal_intervention_belief_revision_v5,deformable_contact_replan,environment_change_intervention,new_operator_interventions,0.758023,0.004271,0.963263,0.004554,0.000000,0.000000,0.080261,0.002192,0.841006,0.002697,0.741852,0.002403,0.131970,0.001416,0.221449,0.001272,0.055022,0.000979,0.000000,0.000000,0.751335,0.002976,80
causal_intervention_belief_revision_v5,deformable_contact_replan,environment_change_intervention,sparse_feedback,0.729730,0.004046,0.887563,0.004493,0.000054,0.000095,0.111939,0.002151,0.832513,0.002801,0.731995,0.002998,0.138556,0.001327,0.287679,0.001566,0.053920,0.001101,0.000000,0.000000,0.753182,0.002767,80
causal_intervention_belief_revision_v5,deformable_contact_replan,false_human_hint,combined_stress,0.730376,0.003655,0.916409,0.005023,0.033252,0.002683,0.058007,0.002340,0.785690,0.002763,0.778182,0.002826,0.101331,0.001361,0.333465,0.001501,0.053572,0.001258,0.000694,0.000436,0.727606,0.002713,80
causal_intervention_belief_revision_v5,deformable_contact_replan,false_human_hint,in_distribution,0.825753,0.004586,1.151833,0.004776,0.000000,0.000000,0.000000,0.000000,0.829522,0.002402,0.833421,0.002864,0.072643,0.001268,0.185796,0.001489,0.058923,0.001301,0.000000,0.000000,0.725517,0.002703,80
causal_intervention_belief_revision_v5,deformable_contact_replan,false_human_hint,long_horizon_recovery,0.775147,0.003771,1.046686,0.004137,0.002435,0.000994,0.004915,0.001480,0.810109,0.002890,0.781120,0.002795,0.085332,0.001391,0.284668,0.001455,0.056610,0.001097,0.000000,0.000000,0.724939,0.003032,80
causal_intervention_belief_revision_v5,deformable_contact_replan,false_human_hint,new_operator_interventions,0.789036,0.003923,1.088324,0.004069,0.000187,0.000223,0.000000,0.000000,0.807366,0.002379,0.821967,0.002345,0.085199,0.001345,0.227606,0.001618,0.057259,0.001173,0.000000,0.000000,0.725576,0.002664,80
causal_intervention_belief_revision_v5,deformable_contact_replan,false_human_hint,sparse_feedback,0.757225,0.003871,1.009512,0.004300,0.031831,0.002051,0.000495,0.000365,0.797437,0.002379,0.812638,0.002626,0.094390,0.001098,0.292413,0.001520,0.056228,0.001049,0.000004,0.000007,0.725835,0.002520,80
causal_intervention_belief_revision_v5,deformable_contact_replan,noisy_observation,combined_stress,0.768954,0.003782,1.012734,0.004182,0.000000,0.000000,0.036332,0.002192,0.826677,0.002624,0.792328,0.002637,0.093507,0.001331,0.329521,0.001510,0.054819,0.001014,0.000000,0.000000,0.758406,0.002622,80
causal_intervention_belief_revision_v5,deformable_contact_replan,noisy_observation,in_distribution,0.857496,0.003846,1.203608,0.003774,0.000000,0.000000,0.000000,0.000000,0.866641,0.002471,0.847915,0.002670,0.065675,0.001449,0.184190,0.001364,0.059320,0.000982,0.000000,0.000000,0.757656,0.002338,80
causal_intervention_belief_revision_v5,deformable_contact_replan,noisy_observation,long_horizon_recovery,0.804322,0.004188,1.103963,0.004496,0.000000,0.000000,0.000061,0.000120,0.853149,0.002524,0.796258,0.002588,0.077568,0.001343,0.279366,0.001562,0.058127,0.000986,0.000000,0.000000,0.759476,0.002442,80
causal_intervention_belief_revision_v5,deformable_contact_replan,noisy_observation,new_operator_interventions,0.826957,0.004133,1.146474,0.004337,0.000000,0.000000,0.000000,0.000000,0.848439,0.002615,0.835650,0.002473,0.080613,0.001262,0.221911,0.001676,0.057748,0.001212,0.000000,0.000000,0.758761,0.002872,80
causal_intervention_belief_revision_v5,deformable_contact_replan,noisy_observation,sparse_feedback,0.795613,0.004037,1.089996,0.004139,0.000000,0.000000,0.000000,0.000000,0.838954,0.002483,0.821316,0.002745,0.085227,0.001375,0.287704,0.001459,0.056568,0.001034,0.000000,0.000000,0.757368,0.002599,80
causal_intervention_belief_revision_v5,deformable_contact_replan,nominal,combined_stress,0.816634,0.004079,1.126725,0.004139,0.000000,0.000000,0.000270,0.000252,0.882841,0.002453,0.826766,0.002873,0.076144,0.001210,0.311599,0.001582,0.057220,0.000986,0.000000,0.000000,0.801265,0.002372,80
causal_intervention_belief_revision_v5,deformable_contact_replan,nominal,in_distribution,0.911157,0.004344,1.298710,0.004264,0.000000,0.000000,0.000000,0.000000,0.925639,0.002781,0.879600,0.002936,0.048031,0.001482,0.165017,0.001376,0.061935,0.001045,0.000000,0.000000,0.799853,0.002355,80
causal_intervention_belief_revision_v5,deformable_contact_replan,nominal,long_horizon_recovery,0.854654,0.003709,1.193970,0.003779,0.000000,0.000000,0.000000,0.000000,0.908863,0.002683,0.826184,0.002522,0.060615,0.001170,0.262065,0.001649,0.058827,0.000990,0.000000,0.000000,0.800665,0.002516,80
causal_intervention_belief_revision_v5,deformable_contact_replan,nominal,new_operator_interventions,0.877895,0.003920,1.240056,0.004245,0.000000,0.000000,0.000000,0.000000,0.906880,0.002626,0.868519,0.002826,0.060624,0.001329,0.203863,0.001439,0.059751,0.001082,0.000000,0.000000,0.795971,0.003079,80
causal_intervention_belief_revision_v5,deformable_contact_replan,nominal,sparse_feedback,0.846960,0.004139,1.182957,0.004038,0.000000,0.000000,0.000000,0.000000,0.896868,0.002235,0.857146,0.002883,0.067959,0.001366,0.270177,0.001600,0.059298,0.001083,0.000000,0.000000,0.801526,0.002660,80
causal_intervention_belief_revision_v5,deformable_contact_replan,physical_rule_violation,combined_stress,0.730718,0.003750,0.875452,0.004492,0.000000,0.000000,0.131158,0.002346,0.834238,0.002739,0.733298,0.003024,0.127553,0.001339,0.324423,0.001624,0.053162,0.001135,0.000000,0.000000,0.764378,0.002923,80
causal_intervention_belief_revision_v5,deformable_contact_replan,physical_rule_violation,in_distribution,0.820203,0.003576,1.133375,0.003555,0.000000,0.000000,0.000000,0.000000,0.875699,0.002678,0.784390,0.002582,0.099270,0.001274,0.178239,0.001525,0.057983,0.001132,0.000000,0.000000,0.762559,0.002904,80
causal_intervention_belief_revision_v5,deformable_contact_replan,physical_rule_violation,long_horizon_recovery,0.768775,0.003836,0.983219,0.004102,0.000000,0.000000,0.073323,0.002464,0.858173,0.002649,0.734455,0.002450,0.111441,0.001270,0.275858,0.001684,0.054286,0.001162,0.000000,0.000000,0.764221,0.002822,80
causal_intervention_belief_revision_v5,deformable_contact_replan,physical_rule_violation,new_operator_interventions,0.786768,0.003358,1.052907,0.003820,0.000000,0.000000,0.030057,0.001968,0.857932,0.002500,0.774028,0.002615,0.113072,0.001293,0.219106,0.001716,0.056256,0.001159,0.000000,0.000000,0.763542,0.002852,80
causal_intervention_belief_revision_v5,deformable_contact_replan,physical_rule_violation,sparse_feedback,0.760646,0.004248,0.977494,0.004834,0.000000,0.000000,0.061972,0.002606,0.846618,0.002876,0.763440,0.002752,0.120565,0.001235,0.286619,0.001686,0.054437,0.001104,0.000000,0.000000,0.765117,0.002665,80
causal_intervention_belief_revision_v5,mobile_base_intervention,actuator_model_break,combined_stress,0.723567,0.003740,0.851060,0.003729,0.000000,0.000000,0.164623,0.002329,0.833014,0.002538,0.712603,0.002541,0.110985,0.001606,0.326961,0.001431,0.053250,0.000980,0.000000,0.000000,0.760737,0.002781,80
causal_intervention_belief_revision_v5,mobile_base_intervention,actuator_model_break,in_distribution,0.813306,0.004278,1.131678,0.004371,0.000000,0.000000,0.005565,0.001405,0.874377,0.002445,0.766742,0.002750,0.081368,0.001446,0.178384,0.001362,0.056256,0.001046,0.000000,0.000000,0.762163,0.002713,80
causal_intervention_belief_revision_v5,mobile_base_intervention,actuator_model_break,long_horizon_recovery,0.761016,0.003624,0.957914,0.004463,0.000000,0.000000,0.107453,0.002389,0.855166,0.002473,0.712144,0.002485,0.094148,0.001405,0.277599,0.001582,0.055014,0.001113,0.000000,0.000000,0.763885,0.002525,80
causal_intervention_belief_revision_v5,mobile_base_intervention,actuator_model_break,new_operator_interventions,0.780180,0.003830,1.030659,0.004396,0.000000,0.000000,0.063300,0.002047,0.854252,0.002730,0.752799,0.003012,0.095232,0.001334,0.218971,0.001666,0.055173,0.001058,0.000000,0.000000,0.762908,0.002540,80
causal_intervention_belief_revision_v5,mobile_base_intervention,actuator_model_break,sparse_feedback,0.751498,0.003782,0.952970,0.004171,0.000000,0.000000,0.096873,0.002038,0.845205,0.002752,0.743626,0.003071,0.101560,0.001114,0.286361,0.001699,0.054543,0.001214,0.000000,0.000000,0.763512,0.002872,80
causal_intervention_belief_revision_v5,mobile_base_intervention,combined_intervention_stress,combined_stress,0.628192,0.003790,0.530634,0.004030,0.138202,0.001968,0.232709,0.002369,0.705131,0.002436,0.667639,0.002969,0.134544,0.001305,0.352457,0.001629,0.048383,0.001229,0.051318,0.001453,0.672151,0.002543,80
causal_intervention_belief_revision_v5,mobile_base_intervention,combined_intervention_stress,in_distribution,0.716373,0.004294,0.864472,0.004678,0.073575,0.001810,0.070586,0.002163,0.750041,0.002679,0.721961,0.002910,0.106261,0.001371,0.208409,0.001414,0.054301,0.000973,0.016516,0.001312,0.671019,0.002988,80
causal_intervention_belief_revision_v5,mobile_base_intervention,combined_intervention_stress,long_horizon_recovery,0.665520,0.004259,0.667557,0.004776,0.098701,0.002338,0.175463,0.002051,0.730690,0.002298,0.669924,0.002703,0.118843,0.001306,0.305769,0.001655,0.050493,0.001018,0.036506,0.001326,0.671144,0.002775,80
causal_intervention_belief_revision_v5,mobile_base_intervention,combined_intervention_stress,new_operator_interventions,0.686900,0.004070,0.747676,0.004512,0.095382,0.002239,0.130738,0.002130,0.729254,0.002662,0.709619,0.002374,0.119860,0.001274,0.247513,0.001474,0.050985,0.000947,0.028676,0.001351,0.669241,0.002938,80
causal_intervention_belief_revision_v5,mobile_base_intervention,combined_intervention_stress,sparse_feedback,0.658507,0.004143,0.640696,0.004652,0.135793,0.002321,0.163269,0.001963,0.718352,0.002615,0.700614,0.002694,0.125682,0.001255,0.315078,0.001524,0.050695,0.001173,0.040407,0.001196,0.668201,0.002659,80
causal_intervention_belief_revision_v5,mobile_base_intervention,contact_precondition_failure,combined_stress,0.736203,0.003505,0.883548,0.004384,0.000000,0.000000,0.150573,0.002213,0.842349,0.002713,0.721588,0.002175,0.104832,0.001336,0.323697,0.001413,0.053606,0.001234,0.000000,0.000000,0.769185,0.002054,80
causal_intervention_belief_revision_v5,mobile_base_intervention,contact_precondition_failure,in_distribution,0.827780,0.004054,1.159883,0.003892,0.000000,0.000000,0.000367,0.000300,0.885335,0.002561,0.776595,0.002402,0.075810,0.001467,0.174610,0.001528,0.056661,0.000937,0.000000,0.000000,0.768987,0.002633,80
causal_intervention_belief_revision_v5,mobile_base_intervention,contact_precondition_failure,long_horizon_recovery,0.772848,0.003952,0.992009,0.004225,0.000000,0.000000,0.091094,0.001984,0.867143,0.002806,0.724760,0.002646,0.088209,0.001328,0.273955,0.001490,0.055516,0.000960,0.000000,0.000000,0.766640,0.002555,80
causal_intervention_belief_revision_v5,mobile_base_intervention,contact_precondition_failure,new_operator_interventions,0.793000,0.003690,1.064780,0.004426,0.000000,0.000000,0.045925,0.002389,0.862021,0.002199,0.761663,0.002689,0.088961,0.001243,0.216570,0.001699,0.055642,0.000955,0.000000,0.000000,0.768253,0.002389,80
causal_intervention_belief_revision_v5,mobile_base_intervention,contact_precondition_failure,sparse_feedback,0.761951,0.003696,0.984129,0.004208,0.000000,0.000000,0.080700,0.002003,0.855601,0.002750,0.752980,0.003019,0.096644,0.001100,0.282986,0.001509,0.054033,0.000991,0.000000,0.000000,0.768731,0.002670,80
causal_intervention_belief_revision_v5,mobile_base_intervention,environment_change_intervention,combined_stress,0.706456,0.004525,0.812843,0.004804,0.000028,0.000055,0.180420,0.002396,0.820416,0.002683,0.698271,0.002494,0.115884,0.001258,0.328028,0.001439,0.051700,0.001226,0.000000,0.000000,0.753717,0.002754,80
causal_intervention_belief_revision_v5,mobile_base_intervention,environment_change_intervention,in_distribution,0.803013,0.003721,1.099571,0.004084,0.000000,0.000000,0.019651,0.002195,0.860899,0.002921,0.755713,0.002488,0.087832,0.001149,0.182230,0.001548,0.056114,0.000971,0.000000,0.000000,0.753422,0.002643,80
causal_intervention_belief_revision_v5,mobile_base_intervention,environment_change_intervention,long_horizon_recovery,0.741125,0.003931,0.914762,0.004415,0.000000,0.000000,0.126058,0.002220,0.843658,0.002853,0.701677,0.002472,0.099579,0.001306,0.279573,0.001414,0.053856,0.001106,0.000000,0.000000,0.750110,0.002566,80
causal_intervention_belief_revision_v5,mobile_base_intervention,environment_change_intervention,new_operator_interventions,0.763614,0.003538,0.989524,0.004163,0.000000,0.000000,0.081904,0.002242,0.841998,0.002516,0.741183,0.003017,0.101548,0.001240,0.222306,0.001378,0.054795,0.001105,0.000000,0.000000,0.752493,0.002737,80
causal_intervention_belief_revision_v5,mobile_base_intervention,environment_change_intervention,sparse_feedback,0.733938,0.003613,0.914879,0.003671,0.000059,0.000076,0.112271,0.001783,0.833509,0.002418,0.734382,0.002695,0.107447,0.001291,0.286678,0.001426,0.053007,0.001130,0.000000,0.000000,0.751390,0.002473,80
causal_intervention_belief_revision_v5,mobile_base_intervention,false_human_hint,combined_stress,0.742382,0.003912,0.945798,0.004640,0.034686,0.001967,0.059051,0.002043,0.781681,0.002493,0.778745,0.002474,0.072721,0.001251,0.334657,0.001509,0.053350,0.001092,0.001525,0.000626,0.728584,0.002711,80
causal_intervention_belief_revision_v5,mobile_base_intervention,false_human_hint,in_distribution,0.833860,0.003798,1.180804,0.004181,0.000000,0.000000,0.000000,0.000000,0.828416,0.002828,0.835223,0.002689,0.043302,0.001397,0.186873,0.001384,0.058004,0.001202,0.000000,0.000000,0.724180,0.003145,80
causal_intervention_belief_revision_v5,mobile_base_intervention,false_human_hint,long_horizon_recovery,0.775357,0.004621,1.067520,0.004824,0.001761,0.000795,0.005875,0.001415,0.806885,0.002605,0.783282,0.002843,0.056784,0.001557,0.282605,0.001720,0.055812,0.000983,0.000000,0.000000,0.724248,0.002789,80
causal_intervention_belief_revision_v5,mobile_base_intervention,false_human_hint,new_operator_interventions,0.795413,0.003910,1.113702,0.004242,0.000909,0.000583,0.000000,0.000000,0.804852,0.002440,0.821049,0.002460,0.057552,0.001541,0.227244,0.001720,0.056054,0.001084,0.000000,0.000000,0.726972,0.002466,80
causal_intervention_belief_revision_v5,mobile_base_intervention,false_human_hint,sparse_feedback,0.772262,0.004360,1.045158,0.004697,0.031342,0.002457,0.000791,0.000622,0.794992,0.002690,0.812203,0.002443,0.064391,0.001362,0.293257,0.001542,0.055237,0.001237,0.000000,0.000000,0.724995,0.002706,80
causal_intervention_belief_revision_v5,mobile_base_intervention,noisy_observation,combined_stress,0.770261,0.003747,1.034731,0.004216,0.000000,0.000000,0.036573,0.002162,0.827313,0.002536,0.793942,0.002645,0.065210,0.001254,0.328612,0.001512,0.055466,0.001063,0.000000,0.000000,0.757369,0.002765,80
causal_intervention_belief_revision_v5,mobile_base_intervention,noisy_observation,in_distribution,0.866324,0.003974,1.235432,0.004070,0.000000,0.000000,0.000000,0.000000,0.871786,0.002423,0.848145,0.002832,0.036531,0.001188,0.181073,0.001588,0.059224,0.001007,0.000000,0.000000,0.758403,0.002719,80
causal_intervention_belief_revision_v5,mobile_base_intervention,noisy_observation,long_horizon_recovery,0.812721,0.004807,1.132752,0.004801,0.000000,0.000000,0.000156,0.000280,0.849544,0.002486,0.796472,0.002803,0.047854,0.001232,0.279580,0.001532,0.057294,0.000918,0.000000,0.000000,0.758855,0.003014,80
causal_intervention_belief_revision_v5,mobile_base_intervention,noisy_observation,new_operator_interventions,0.830900,0.003770,1.173162,0.004107,0.000000,0.000000,0.000000,0.000000,0.847434,0.002280,0.833800,0.002420,0.047847,0.001366,0.222394,0.001669,0.058438,0.001150,0.000000,0.000000,0.760192,0.002426,80
causal_intervention_belief_revision_v5,mobile_base_intervention,noisy_observation,sparse_feedback,0.802198,0.003967,1.119061,0.004065,0.000000,0.000000,0.000000,0.000000,0.840464,0.002243,0.824834,0.002535,0.055784,0.001523,0.287439,0.001607,0.056597,0.001138,0.000000,0.000000,0.759503,0.002769,80
causal_intervention_belief_revision_v5,mobile_base_intervention,nominal,combined_stress,0.824459,0.004076,1.156701,0.004283,0.000000,0.000000,0.000341,0.000320,0.883669,0.002408,0.828604,0.002546,0.045658,0.001393,0.311958,0.001643,0.056783,0.000964,0.000000,0.000000,0.799360,0.002741,80
causal_intervention_belief_revision_v5,mobile_base_intervention,nominal,in_distribution,0.915022,0.003771,1.324957,0.004026,0.000000,0.000000,0.000000,0.000000,0.927745,0.002093,0.878600,0.002790,0.017744,0.001590,0.163771,0.001516,0.061514,0.001183,0.000000,0.000000,0.799433,0.002698,80
causal_intervention_belief_revision_v5,mobile_base_intervention,nominal,long_horizon_recovery,0.860614,0.004018,1.222076,0.004282,0.000000,0.000000,0.000000,0.000000,0.907828,0.002739,0.827264,0.002821,0.029280,0.001490,0.261699,0.001613,0.059737,0.001171,0.000000,0.000000,0.798692,0.002555,80
causal_intervention_belief_revision_v5,mobile_base_intervention,nominal,new_operator_interventions,0.882996,0.003956,1.264794,0.003975,0.000000,0.000000,0.000000,0.000000,0.904765,0.002668,0.867497,0.003104,0.031964,0.001283,0.205446,0.001453,0.061249,0.001180,0.000000,0.000000,0.801451,0.002712,80
causal_intervention_belief_revision_v5,mobile_base_intervention,nominal,sparse_feedback,0.857157,0.003846,1.214873,0.003982,0.000000,0.000000,0.000000,0.000000,0.896476,0.002808,0.858574,0.002625,0.037212,0.001161,0.272213,0.001256,0.059675,0.001050,0.000000,0.000000,0.803227,0.002416,80
causal_intervention_belief_revision_v5,mobile_base_intervention,physical_rule_violation,combined_stress,0.734894,0.003914,0.898974,0.004174,0.000000,0.000000,0.131953,0.002039,0.832882,0.002932,0.733417,0.002496,0.099158,0.001413,0.324965,0.001814,0.052350,0.001090,0.000000,0.000000,0.762566,0.002867,80
causal_intervention_belief_revision_v5,mobile_base_intervention,physical_rule_violation,in_distribution,0.828271,0.004068,1.164236,0.004347,0.000000,0.000000,0.000000,0.000000,0.874883,0.002859,0.788551,0.002953,0.068560,0.001519,0.178734,0.001718,0.057154,0.001092,0.000000,0.000000,0.763415,0.003107,80
causal_intervention_belief_revision_v5,mobile_base_intervention,physical_rule_violation,long_horizon_recovery,0.777402,0.004315,1.010694,0.004518,0.000000,0.000000,0.076168,0.002052,0.857956,0.002457,0.734183,0.002490,0.080867,0.001284,0.278332,0.001479,0.055110,0.001170,0.000000,0.000000,0.763402,0.002474,80
causal_intervention_belief_revision_v5,mobile_base_intervention,physical_rule_violation,new_operator_interventions,0.797211,0.003464,1.084211,0.004165,0.000000,0.000000,0.029465,0.002481,0.855305,0.002231,0.776224,0.002656,0.084299,0.001339,0.218460,0.001416,0.056387,0.001080,0.000000,0.000000,0.762994,0.002395,80
causal_intervention_belief_revision_v5,mobile_base_intervention,physical_rule_violation,sparse_feedback,0.769115,0.004873,1.006805,0.005043,0.000000,0.000000,0.064447,0.002334,0.847055,0.002573,0.764129,0.002639,0.089535,0.001443,0.284798,0.001641,0.055108,0.001064,0.000000,0.000000,0.763190,0.002468,80
causal_intervention_belief_revision_v5,occluded_drawer_recovery,actuator_model_break,combined_stress,0.725421,0.003890,0.860248,0.004583,0.000000,0.000000,0.163887,0.002240,0.829725,0.002556,0.710241,0.002690,0.100768,0.001317,0.325457,0.001590,0.052630,0.000986,0.000000,0.000000,0.763681,0.002465,80
causal_intervention_belief_revision_v5,occluded_drawer_recovery,actuator_model_break,in_distribution,0.816752,0.004528,1.141647,0.004771,0.000000,0.000000,0.005941,0.001643,0.876376,0.002264,0.764232,0.002913,0.070966,0.001336,0.179578,0.001483,0.057449,0.001071,0.000000,0.000000,0.762037,0.002788,80
causal_intervention_belief_revision_v5,occluded_drawer_recovery,actuator_model_break,long_horizon_recovery,0.760847,0.003901,0.966151,0.004362,0.000000,0.000000,0.107530,0.002210,0.857898,0.002859,0.713145,0.002375,0.083204,0.001245,0.276701,0.001402,0.054920,0.001103,0.000000,0.000000,0.758375,0.002276,80
causal_intervention_belief_revision_v5,occluded_drawer_recovery,actuator_model_break,new_operator_interventions,0.786934,0.004212,1.042477,0.004134,0.000000,0.000000,0.065536,0.002007,0.853909,0.002721,0.752529,0.002743,0.085359,0.001159,0.219207,0.001452,0.055543,0.001143,0.000000,0.000000,0.762237,0.002847,80
causal_intervention_belief_revision_v5,occluded_drawer_recovery,actuator_model_break,sparse_feedback,0.756031,0.003631,0.963681,0.004087,0.000000,0.000000,0.096642,0.002235,0.845119,0.002488,0.743814,0.002576,0.093501,0.001396,0.285231,0.001632,0.053538,0.001090,0.000000,0.000000,0.761400,0.002284,80
causal_intervention_belief_revision_v5,occluded_drawer_recovery,combined_intervention_stress,combined_stress,0.625402,0.004223,0.537484,0.004506,0.134692,0.002196,0.232152,0.002167,0.708258,0.001970,0.667461,0.002653,0.124739,0.001416,0.355453,0.001363,0.048267,0.000988,0.050371,0.001402,0.668215,0.002299,80
causal_intervention_belief_revision_v5,occluded_drawer_recovery,combined_intervention_stress,in_distribution,0.724391,0.003855,0.880725,0.004485,0.072942,0.002236,0.070912,0.002266,0.749677,0.002942,0.719062,0.002894,0.094396,0.001347,0.208205,0.001716,0.052653,0.001238,0.016124,0.001504,0.669693,0.002383,80
causal_intervention_belief_revision_v5,occluded_drawer_recovery,combined_intervention_stress,long_horizon_recovery,0.666545,0.003970,0.676492,0.004904,0.098180,0.002130,0.176968,0.002322,0.732950,0.002463,0.668575,0.002853,0.107779,0.001201,0.305601,0.001440,0.050846,0.001080,0.034771,0.001306,0.668626,0.002568,80
causal_intervention_belief_revision_v5,occluded_drawer_recovery,combined_intervention_stress,new_operator_interventions,0.688712,0.004028,0.758298,0.004544,0.094635,0.002484,0.128617,0.002063,0.729627,0.002503,0.708561,0.002697,0.109699,0.001297,0.248528,0.001743,0.050363,0.000947,0.028755,0.001272,0.668215,0.002918,80
causal_intervention_belief_revision_v5,occluded_drawer_recovery,combined_intervention_stress,sparse_feedback,0.661532,0.003937,0.651397,0.004354,0.135055,0.002133,0.163150,0.002063,0.719515,0.003017,0.699320,0.002727,0.115372,0.001312,0.315881,0.001537,0.050113,0.001036,0.041269,0.001493,0.670531,0.002963,80
causal_intervention_belief_revision_v5,occluded_drawer_recovery,contact_precondition_failure,combined_stress,0.736476,0.003739,0.892590,0.004394,0.000000,0.000000,0.147908,0.002073,0.840207,0.002966,0.722912,0.002589,0.095583,0.001462,0.322732,0.001271,0.052527,0.001121,0.000000,0.000000,0.769232,0.002562,80
causal_intervention_belief_revision_v5,occluded_drawer_recovery,contact_precondition_failure,in_distribution,0.827778,0.004075,1.165386,0.004170,0.000000,0.000000,0.000449,0.000379,0.884749,0.002824,0.773065,0.002544,0.066097,0.001294,0.176432,0.001716,0.057113,0.001022,0.000000,0.000000,0.769481,0.002718,80
causal_intervention_belief_revision_v5,occluded_drawer_recovery,contact_precondition_failure,long_horizon_recovery,0.773973,0.003732,0.999703,0.004253,0.000000,0.000000,0.092876,0.002122,0.867408,0.002306,0.724451,0.002774,0.077914,0.001326,0.274263,0.001330,0.054264,0.001026,0.000000,0.000000,0.769256,0.002827,80
causal_intervention_belief_revision_v5,occluded_drawer_recovery,contact_precondition_failure,new_operator_interventions,0.796807,0.003644,1.076923,0.003998,0.000000,0.000000,0.045048,0.002257,0.863793,0.002723,0.764385,0.002708,0.080194,0.001223,0.214792,0.001510,0.056365,0.001214,0.000000,0.000000,0.769697,0.002530,80
causal_intervention_belief_revision_v5,occluded_drawer_recovery,contact_precondition_failure,sparse_feedback,0.763008,0.003746,0.995503,0.004081,0.000000,0.000000,0.078830,0.001800,0.857364,0.002633,0.755912,0.002485,0.085708,0.001311,0.282328,0.001509,0.054479,0.001232,0.000000,0.000000,0.768792,0.002479,80
causal_intervention_belief_revision_v5,occluded_drawer_recovery,environment_change_intervention,combined_stress,0.710658,0.003731,0.823869,0.004435,0.000000,0.000000,0.181969,0.002254,0.817608,0.002184,0.701955,0.002754,0.104999,0.001472,0.329027,0.001522,0.051422,0.001116,0.000039,0.000076,0.755927,0.002851,80
causal_intervention_belief_revision_v5,occluded_drawer_recovery,environment_change_intervention,in_distribution,0.803045,0.003793,1.106472,0.004195,0.000000,0.000000,0.020893,0.001891,0.863407,0.002741,0.753952,0.002615,0.078105,0.001199,0.181299,0.001539,0.054800,0.001224,0.000000,0.000000,0.753595,0.002546,80
causal_intervention_belief_revision_v5,occluded_drawer_recovery,environment_change_intervention,long_horizon_recovery,0.750186,0.003550,0.930559,0.004333,0.000000,0.000000,0.125218,0.002619,0.843162,0.002555,0.699665,0.002685,0.090128,0.001342,0.280161,0.001564,0.053786,0.001064,0.000000,0.000000,0.752358,0.003130,80
causal_intervention_belief_revision_v5,occluded_drawer_recovery,environment_change_intervention,new_operator_interventions,0.768962,0.003590,1.004113,0.004422,0.000000,0.000000,0.078819,0.002108,0.840699,0.002699,0.742691,0.002794,0.091004,0.001360,0.222321,0.001413,0.055508,0.001194,0.000000,0.000000,0.749717,0.002509,80
causal_intervention_belief_revision_v5,occluded_drawer_recovery,environment_change_intervention,sparse_feedback,0.741836,0.004075,0.926627,0.004717,0.000000,0.000000,0.114720,0.002170,0.831313,0.002689,0.729808,0.002601,0.096541,0.001380,0.288820,0.001520,0.053883,0.001158,0.000000,0.000000,0.752375,0.002511,80
causal_intervention_belief_revision_v5,occluded_drawer_recovery,false_human_hint,combined_stress,0.741141,0.003883,0.955820,0.004420,0.031990,0.002215,0.057973,0.002363,0.784006,0.002913,0.781205,0.002357,0.061848,0.001230,0.333944,0.001358,0.054227,0.001010,0.001045,0.000500,0.725313,0.002566,80
causal_intervention_belief_revision_v5,occluded_drawer_recovery,false_human_hint,in_distribution,0.838584,0.004042,1.191955,0.004196,0.000000,0.000000,0.000000,0.000000,0.827571,0.002784,0.832188,0.002763,0.033282,0.001191,0.186622,0.001336,0.058583,0.001190,0.000000,0.000000,0.726452,0.002750,80
causal_intervention_belief_revision_v5,occluded_drawer_recovery,false_human_hint,long_horizon_recovery,0.779933,0.004342,1.080327,0.004652,0.002110,0.000863,0.005013,0.001502,0.808622,0.002869,0.778891,0.002695,0.044631,0.001403,0.283344,0.001386,0.056070,0.000961,0.000000,0.000001,0.724032,0.002868,80
causal_intervention_belief_revision_v5,occluded_drawer_recovery,false_human_hint,new_operator_interventions,0.801800,0.003640,1.128395,0.003587,0.001043,0.000594,0.000000,0.000000,0.807506,0.002314,0.822373,0.002552,0.046721,0.001555,0.227599,0.001633,0.056728,0.001173,0.000000,0.000000,0.727150,0.002364,80
causal_intervention_belief_revision_v5,occluded_drawer_recovery,false_human_hint,sparse_feedback,0.771111,0.003760,1.049983,0.004085,0.033080,0.002184,0.000951,0.000560,0.795783,0.002970,0.812096,0.002338,0.054475,0.001394,0.293882,0.001656,0.054745,0.001141,0.000076,0.000099,0.724335,0.002640,80
causal_intervention_belief_revision_v5,occluded_drawer_recovery,noisy_observation,combined_stress,0.775623,0.003873,1.044647,0.004089,0.000000,0.000000,0.039590,0.001874,0.825771,0.002344,0.791812,0.002423,0.054197,0.001395,0.329789,0.001520,0.055301,0.001157,0.000000,0.000000,0.756930,0.002247,80
causal_intervention_belief_revision_v5,occluded_drawer_recovery,noisy_observation,in_distribution,0.864961,0.004050,1.241216,0.004108,0.000000,0.000000,0.000000,0.000000,0.870041,0.002685,0.847818,0.002308,0.024905,0.001228,0.183432,0.001347,0.060411,0.000979,0.000000,0.000000,0.759303,0.002796,80
causal_intervention_belief_revision_v5,occluded_drawer_recovery,noisy_observation,long_horizon_recovery,0.811203,0.004152,1.138456,0.004326,0.000000,0.000000,0.000125,0.000166,0.852656,0.002722,0.795189,0.002720,0.037809,0.001371,0.280641,0.001648,0.058046,0.001172,0.000000,0.000000,0.757837,0.002711,80
causal_intervention_belief_revision_v5,occluded_drawer_recovery,noisy_observation,new_operator_interventions,0.834447,0.003645,1.184027,0.003909,0.000000,0.000000,0.000000,0.000000,0.849882,0.002693,0.836693,0.002521,0.038994,0.001264,0.222007,0.001309,0.058639,0.001012,0.000000,0.000000,0.757503,0.002730,80
causal_intervention_belief_revision_v5,occluded_drawer_recovery,noisy_observation,sparse_feedback,0.805044,0.003944,1.128599,0.004137,0.000000,0.000000,0.000000,0.000000,0.840632,0.002262,0.827040,0.002762,0.046858,0.001248,0.287070,0.001299,0.057890,0.001044,0.000000,0.000000,0.759093,0.002607,80
causal_intervention_belief_revision_v5,occluded_drawer_recovery,nominal,combined_stress,0.824393,0.003726,1.161894,0.004071,0.000000,0.000000,0.000064,0.000096,0.881713,0.002608,0.827179,0.002931,0.037381,0.001248,0.310806,0.001405,0.059055,0.001110,0.000000,0.000000,0.799778,0.002516,80
causal_intervention_belief_revision_v5,occluded_drawer_recovery,nominal,in_distribution,0.919004,0.003824,1.335677,0.004103,0.000000,0.000000,0.000000,0.000000,0.927454,0.002144,0.879240,0.002382,0.008022,0.001151,0.164948,0.001489,0.061685,0.001108,0.000000,0.000000,0.800305,0.002315,80
causal_intervention_belief_revision_v5,occluded_drawer_recovery,nominal,long_horizon_recovery,0.866372,0.003472,1.235820,0.003717,0.000000,0.000000,0.000000,0.000000,0.909893,0.002440,0.825971,0.002849,0.018673,0.001474,0.261760,0.001407,0.058769,0.001050,0.000000,0.000000,0.799432,0.002650,80
causal_intervention_belief_revision_v5,occluded_drawer_recovery,nominal,new_operator_interventions,0.883873,0.003752,1.274485,0.003761,0.000000,0.000000,0.000000,0.000000,0.906784,0.002833,0.867680,0.002614,0.020825,0.001357,0.205228,0.001496,0.060028,0.001072,0.000000,0.000000,0.801298,0.002500,80
causal_intervention_belief_revision_v5,occluded_drawer_recovery,nominal,sparse_feedback,0.858011,0.004245,1.223276,0.004458,0.000000,0.000000,0.000000,0.000000,0.895274,0.002750,0.858210,0.002726,0.026899,0.001444,0.269989,0.001335,0.059059,0.001209,0.000000,0.000000,0.801291,0.002449,80
causal_intervention_belief_revision_v5,occluded_drawer_recovery,physical_rule_violation,combined_stress,0.739198,0.003579,0.911939,0.004313,0.000000,0.000000,0.132006,0.002187,0.834449,0.002595,0.733481,0.002408,0.087075,0.001364,0.325004,0.001549,0.054593,0.001153,0.000000,0.000000,0.764092,0.002828,80
causal_intervention_belief_revision_v5,occluded_drawer_recovery,physical_rule_violation,in_distribution,0.832999,0.003700,1.175398,0.003913,0.000000,0.000000,0.000000,0.000000,0.878149,0.002593,0.786071,0.002668,0.060306,0.001171,0.177582,0.001526,0.057816,0.000967,0.000000,0.000000,0.765229,0.002656,80
causal_intervention_belief_revision_v5,occluded_drawer_recovery,physical_rule_violation,long_horizon_recovery,0.778157,0.003960,1.019018,0.004529,0.000000,0.000000,0.074765,0.002219,0.857126,0.002529,0.732586,0.002659,0.071434,0.001288,0.276920,0.001447,0.055471,0.001058,0.000000,0.000000,0.764067,0.002292,80
causal_intervention_belief_revision_v5,occluded_drawer_recovery,physical_rule_violation,new_operator_interventions,0.797818,0.004025,1.090129,0.004624,0.000000,0.000000,0.031194,0.002245,0.854438,0.002985,0.773089,0.002504,0.073692,0.001311,0.218154,0.001441,0.056538,0.001031,0.000000,0.000000,0.760453,0.002686,80
causal_intervention_belief_revision_v5,occluded_drawer_recovery,physical_rule_violation,sparse_feedback,0.766704,0.003622,1.012931,0.004122,0.000000,0.000000,0.062118,0.002236,0.847306,0.002877,0.764758,0.002619,0.079957,0.001389,0.285582,0.001581,0.055121,0.001054,0.000000,0.000000,0.762886,0.002570,80
causal_intervention_belief_revision_v5,payload_shift_pick,actuator_model_break,combined_stress,0.716059,0.003505,0.836611,0.003859,0.000000,0.000000,0.163487,0.002352,0.831504,0.002688,0.709836,0.002437,0.120850,0.001288,0.326671,0.001532,0.053407,0.000992,0.000000,0.000000,0.762169,0.002605,80
causal_intervention_belief_revision_v5,payload_shift_pick,actuator_model_break,in_distribution,0.813560,0.004176,1.124509,0.004738,0.000000,0.000000,0.004780,0.001510,0.876660,0.002248,0.763936,0.002437,0.091313,0.001363,0.180334,0.001565,0.056882,0.001172,0.000000,0.000000,0.761104,0.002397,80
causal_intervention_belief_revision_v5,payload_shift_pick,actuator_model_break,long_horizon_recovery,0.756760,0.003779,0.946492,0.004108,0.000000,0.000000,0.109361,0.001977,0.856881,0.002887,0.712626,0.002590,0.103690,0.001398,0.277257,0.001610,0.053920,0.001093,0.000000,0.000000,0.765181,0.002644,80
causal_intervention_belief_revision_v5,payload_shift_pick,actuator_model_break,new_operator_interventions,0.777971,0.003812,1.022161,0.004287,0.000000,0.000000,0.062236,0.002016,0.852575,0.002872,0.754460,0.002510,0.104852,0.001247,0.219507,0.001445,0.055673,0.001066,0.000000,0.000000,0.764155,0.002656,80
causal_intervention_belief_revision_v5,payload_shift_pick,actuator_model_break,sparse_feedback,0.747116,0.003838,0.942086,0.004609,0.000000,0.000000,0.094746,0.002161,0.843557,0.003303,0.743216,0.002730,0.111384,0.001155,0.286251,0.001480,0.055591,0.001138,0.000000,0.000000,0.760130,0.003138,80
causal_intervention_belief_revision_v5,payload_shift_pick,combined_intervention_stress,combined_stress,0.626373,0.003679,0.525383,0.004350,0.136313,0.002258,0.231278,0.001932,0.709577,0.002633,0.669400,0.002826,0.143976,0.001134,0.353684,0.001693,0.048912,0.001038,0.051278,0.001578,0.673193,0.002608,80
causal_intervention_belief_revision_v5,payload_shift_pick,combined_intervention_stress,in_distribution,0.717528,0.003387,0.860618,0.004408,0.073971,0.002037,0.069809,0.002295,0.750484,0.002382,0.720763,0.003064,0.114051,0.001087,0.208622,0.001570,0.052964,0.001117,0.015774,0.001491,0.670616,0.002438,80
causal_intervention_belief_revision_v5,payload_shift_pick,combined_intervention_stress,long_horizon_recovery,0.662708,0.003688,0.655228,0.003956,0.100786,0.002037,0.176115,0.001970,0.731975,0.002642,0.669244,0.002956,0.129479,0.001369,0.305327,0.001479,0.052095,0.001317,0.036003,0.001374,0.667844,0.002802,80
causal_intervention_belief_revision_v5,payload_shift_pick,combined_intervention_stress,new_operator_interventions,0.685990,0.003332,0.740761,0.004162,0.094311,0.002111,0.130934,0.002330,0.730596,0.002677,0.709663,0.002672,0.128879,0.001125,0.248005,0.001644,0.051698,0.001049,0.028651,0.001415,0.667954,0.002712,80
causal_intervention_belief_revision_v5,payload_shift_pick,combined_intervention_stress,sparse_feedback,0.654211,0.003957,0.627100,0.004814,0.137006,0.002168,0.165036,0.002024,0.720040,0.002513,0.699890,0.002384,0.135470,0.001187,0.315343,0.001593,0.049479,0.001030,0.042114,0.001320,0.667685,0.002640,80
causal_intervention_belief_revision_v5,payload_shift_pick,contact_precondition_failure,combined_stress,0.729234,0.004076,0.871482,0.004847,0.000000,0.000000,0.148600,0.002029,0.842939,0.002891,0.722527,0.002785,0.114943,0.001381,0.322572,0.001556,0.053189,0.001304,0.000000,0.000000,0.768564,0.002715,80
causal_intervention_belief_revision_v5,payload_shift_pick,contact_precondition_failure,in_distribution,0.822605,0.004004,1.146514,0.004270,0.000000,0.000000,0.000526,0.000354,0.883542,0.002959,0.777223,0.002710,0.085612,0.001525,0.176238,0.001405,0.058734,0.001050,0.000000,0.000000,0.768990,0.002532,80
causal_intervention_belief_revision_v5,payload_shift_pick,contact_precondition_failure,long_horizon_recovery,0.771798,0.003973,0.983393,0.004559,0.000000,0.000000,0.092728,0.002339,0.867133,0.002551,0.724273,0.002733,0.098033,0.001215,0.273088,0.001626,0.053834,0.001077,0.000000,0.000000,0.768423,0.002576,80
causal_intervention_belief_revision_v5,payload_shift_pick,contact_precondition_failure,new_operator_interventions,0.790876,0.004139,1.057300,0.004546,0.000000,0.000000,0.045642,0.002114,0.868329,0.003016,0.763833,0.002883,0.099357,0.001195,0.216635,0.001701,0.056086,0.000915,0.000000,0.000000,0.768269,0.002518,80
causal_intervention_belief_revision_v5,payload_shift_pick,contact_precondition_failure,sparse_feedback,0.758861,0.004079,0.973336,0.004750,0.000000,0.000000,0.080468,0.002336,0.855284,0.002764,0.753750,0.002867,0.107374,0.001181,0.282917,0.001436,0.055213,0.001044,0.000000,0.000000,0.767969,0.002485,80
causal_intervention_belief_revision_v5,payload_shift_pick,environment_change_intervention,combined_stress,0.703734,0.003966,0.799506,0.004781,0.000000,0.000000,0.183180,0.002001,0.819076,0.002537,0.699709,0.002889,0.127657,0.001341,0.327584,0.001454,0.052271,0.001333,0.000000,0.000000,0.750979,0.002262,80
causal_intervention_belief_revision_v5,payload_shift_pick,environment_change_intervention,in_distribution,0.798469,0.003587,1.087874,0.004440,0.000000,0.000000,0.019303,0.002100,0.861695,0.002593,0.750303,0.002401,0.097302,0.001387,0.181207,0.001509,0.056388,0.001023,0.000000,0.000000,0.754619,0.003158,80
causal_intervention_belief_revision_v5,payload_shift_pick,environment_change_intervention,long_horizon_recovery,0.740672,0.004406,0.908706,0.004528,0.000000,0.000000,0.125307,0.001921,0.843714,0.002121,0.703293,0.002381,0.108713,0.001293,0.279881,0.001572,0.053331,0.001009,0.000000,0.000000,0.750555,0.002485,80
causal_intervention_belief_revision_v5,payload_shift_pick,environment_change_intervention,new_operator_interventions,0.765238,0.004150,0.985359,0.004224,0.000000,0.000000,0.080725,0.002147,0.838333,0.002878,0.742152,0.002760,0.110110,0.001306,0.220982,0.001445,0.055066,0.001097,0.000000,0.000000,0.752071,0.002791,80
causal_intervention_belief_revision_v5,payload_shift_pick,environment_change_intervention,sparse_feedback,0.734374,0.003110,0.908797,0.003801,0.000042,0.000083,0.110922,0.002466,0.834355,0.002448,0.731976,0.002671,0.117054,0.001175,0.287983,0.001369,0.053714,0.001048,0.000000,0.000000,0.753998,0.002384,80
causal_intervention_belief_revision_v5,payload_shift_pick,false_human_hint,combined_stress,0.738136,0.004025,0.934484,0.004804,0.032664,0.002320,0.060392,0.002298,0.782335,0.002715,0.778936,0.002584,0.083319,0.001216,0.333758,0.001488,0.054637,0.001144,0.001371,0.000583,0.727809,0.002592,80
causal_intervention_belief_revision_v5,payload_shift_pick,false_human_hint,in_distribution,0.832217,0.003659,1.170563,0.003712,0.000000,0.000000,0.000000,0.000000,0.826939,0.002874,0.831865,0.002690,0.053977,0.001317,0.186138,0.001448,0.058008,0.001139,0.000000,0.000000,0.723765,0.002636,80
causal_intervention_belief_revision_v5,payload_shift_pick,false_human_hint,long_horizon_recovery,0.775951,0.003949,1.062043,0.004156,0.002351,0.000883,0.004322,0.001324,0.808710,0.002382,0.779897,0.002380,0.065658,0.001135,0.284307,0.001476,0.055055,0.001055,0.000000,0.000000,0.726319,0.002946,80
causal_intervention_belief_revision_v5,payload_shift_pick,false_human_hint,new_operator_interventions,0.798396,0.004071,1.109549,0.004091,0.000389,0.000268,0.000000,0.000000,0.805767,0.002645,0.819372,0.002723,0.067556,0.001210,0.226698,0.001605,0.057110,0.001037,0.000000,0.000000,0.727193,0.002557,80
causal_intervention_belief_revision_v5,payload_shift_pick,false_human_hint,sparse_feedback,0.772271,0.004161,1.038262,0.004482,0.032141,0.002249,0.000929,0.000633,0.797201,0.002698,0.812315,0.002574,0.073994,0.001426,0.293674,0.001656,0.054880,0.001026,0.000000,0.000000,0.725829,0.002502,80
causal_intervention_belief_revision_v5,payload_shift_pick,noisy_observation,combined_stress,0.769539,0.003997,1.027971,0.004293,0.000000,0.000000,0.035717,0.002123,0.825589,0.002719,0.794245,0.002716,0.074033,0.001222,0.328722,0.001558,0.055905,0.001120,0.000000,0.000000,0.759021,0.002614,80
causal_intervention_belief_revision_v5,payload_shift_pick,noisy_observation,in_distribution,0.866902,0.003812,1.229814,0.004313,0.000000,0.000000,0.000000,0.000000,0.870157,0.002710,0.846451,0.002637,0.043888,0.001342,0.181243,0.001506,0.059186,0.001067,0.000000,0.000000,0.757522,0.002415,80
causal_intervention_belief_revision_v5,payload_shift_pick,noisy_observation,long_horizon_recovery,0.808170,0.003573,1.120098,0.003745,0.000000,0.000000,0.000029,0.000057,0.852711,0.002493,0.791709,0.002531,0.058086,0.001190,0.280978,0.001726,0.057433,0.001126,0.000000,0.000000,0.756481,0.002313,80
causal_intervention_belief_revision_v5,payload_shift_pick,noisy_observation,new_operator_interventions,0.828266,0.004297,1.161946,0.004550,0.000000,0.000000,0.000000,0.000000,0.849001,0.002588,0.833043,0.002481,0.060288,0.001275,0.221964,0.001584,0.058688,0.000993,0.000000,0.000000,0.760722,0.002876,80
causal_intervention_belief_revision_v5,payload_shift_pick,noisy_observation,sparse_feedback,0.801882,0.004048,1.110926,0.003961,0.000000,0.000000,0.000000,0.000000,0.838745,0.002497,0.825889,0.002789,0.065485,0.001177,0.289354,0.001334,0.056374,0.001206,0.000000,0.000000,0.757428,0.002453,80
causal_intervention_belief_revision_v5,payload_shift_pick,nominal,combined_stress,0.820136,0.004040,1.143792,0.004065,0.000000,0.000000,0.000199,0.000241,0.882247,0.002507,0.827118,0.002535,0.057399,0.001477,0.311269,0.001447,0.057621,0.001044,0.000000,0.000000,0.802741,0.002641,80
causal_intervention_belief_revision_v5,payload_shift_pick,nominal,in_distribution,0.911583,0.004266,1.314549,0.004436,0.000000,0.000000,0.000000,0.000000,0.926400,0.002804,0.881169,0.002564,0.027856,0.001269,0.164418,0.001453,0.062183,0.001050,0.000000,0.000000,0.802460,0.002784,80
causal_intervention_belief_revision_v5,payload_shift_pick,nominal,long_horizon_recovery,0.858809,0.003648,1.214046,0.003885,0.000000,0.000000,0.000000,0.000000,0.908351,0.002561,0.829392,0.002540,0.038919,0.001369,0.262881,0.001544,0.059685,0.001079,0.000000,0.000000,0.802502,0.002863,80
causal_intervention_belief_revision_v5,payload_shift_pick,nominal,new_operator_interventions,0.882264,0.004427,1.256679,0.004321,0.000000,0.000000,0.000000,0.000000,0.906421,0.002566,0.866422,0.002597,0.042669,0.001454,0.204099,0.001410,0.060555,0.001031,0.000000,0.000000,0.798045,0.002604,80
causal_intervention_belief_revision_v5,payload_shift_pick,nominal,sparse_feedback,0.850170,0.003823,1.200463,0.004122,0.000000,0.000000,0.000000,0.000000,0.896614,0.002425,0.858847,0.002616,0.047920,0.001190,0.270984,0.001450,0.059144,0.001025,0.000000,0.000000,0.799495,0.002691,80
causal_intervention_belief_revision_v5,payload_shift_pick,physical_rule_violation,combined_stress,0.737375,0.004814,0.893308,0.004765,0.000000,0.000000,0.131891,0.002077,0.832400,0.002537,0.732933,0.002957,0.109628,0.001312,0.325150,0.001533,0.053309,0.001188,0.000000,0.000000,0.761157,0.002448,80
causal_intervention_belief_revision_v5,payload_shift_pick,physical_rule_violation,in_distribution,0.831117,0.004176,1.158605,0.004280,0.000000,0.000000,0.000000,0.000000,0.877946,0.002631,0.783632,0.002764,0.080017,0.001290,0.178965,0.001511,0.056950,0.001211,0.000000,0.000000,0.765376,0.002594,80
causal_intervention_belief_revision_v5,payload_shift_pick,physical_rule_violation,long_horizon_recovery,0.773360,0.004004,0.997727,0.004531,0.000000,0.000000,0.078092,0.002433,0.859946,0.002777,0.734160,0.002546,0.092948,0.001461,0.275534,0.001497,0.055101,0.001120,0.000000,0.000000,0.761775,0.002509,80
causal_intervention_belief_revision_v5,payload_shift_pick,physical_rule_violation,new_operator_interventions,0.792796,0.004081,1.072894,0.004738,0.000000,0.000000,0.029500,0.001959,0.854922,0.002575,0.773876,0.002515,0.093191,0.001326,0.218867,0.001409,0.056056,0.001232,0.000000,0.000000,0.763844,0.002728,80
causal_intervention_belief_revision_v5,payload_shift_pick,physical_rule_violation,sparse_feedback,0.762921,0.003518,0.993058,0.004030,0.000000,0.000000,0.064786,0.002293,0.847959,0.002658,0.764442,0.002822,0.099560,0.001247,0.286721,0.001443,0.055361,0.000959,0.000000,0.000000,0.763614,0.003023,80
causal_intervention_belief_revision_v5,tool_use_correction,actuator_model_break,combined_stress,0.715519,0.003754,0.828988,0.004067,0.000000,0.000000,0.164614,0.002104,0.832443,0.002782,0.709693,0.002782,0.130385,0.001373,0.325413,0.001550,0.053683,0.001007,0.000000,0.000000,0.763120,0.002543,80
causal_intervention_belief_revision_v5,tool_use_correction,actuator_model_break,in_distribution,0.809500,0.003968,1.112429,0.004396,0.000000,0.000000,0.006921,0.001553,0.876630,0.002447,0.763628,0.002647,0.100503,0.001296,0.180173,0.001609,0.057317,0.001051,0.000000,0.000000,0.762447,0.002617,80
causal_intervention_belief_revision_v5,tool_use_correction,actuator_model_break,long_horizon_recovery,0.753584,0.003318,0.934226,0.004118,0.000000,0.000000,0.109501,0.002204,0.856643,0.002866,0.710753,0.002623,0.114740,0.001361,0.278919,0.001371,0.054314,0.001057,0.000000,0.000000,0.763992,0.002928,80
causal_intervention_belief_revision_v5,tool_use_correction,actuator_model_break,new_operator_interventions,0.775857,0.004246,1.012163,0.004344,0.000000,0.000000,0.063092,0.002368,0.855734,0.002786,0.753211,0.002444,0.115271,0.001293,0.219782,0.001691,0.055755,0.001251,0.000000,0.000000,0.761946,0.002772,80
causal_intervention_belief_revision_v5,tool_use_correction,actuator_model_break,sparse_feedback,0.746124,0.003956,0.932842,0.004226,0.000000,0.000000,0.096865,0.002136,0.845096,0.003051,0.744528,0.002963,0.121948,0.001196,0.287743,0.001282,0.054119,0.001137,0.000000,0.000000,0.762665,0.002813,80
causal_intervention_belief_revision_v5,tool_use_correction,combined_intervention_stress,combined_stress,0.623814,0.003892,0.515525,0.004760,0.136992,0.002151,0.231375,0.002128,0.707517,0.003043,0.669250,0.002592,0.153229,0.001467,0.353938,0.001566,0.048518,0.000899,0.049922,0.001334,0.670663,0.002947,80
causal_intervention_belief_revision_v5,tool_use_correction,combined_intervention_stress,in_distribution,0.713916,0.004534,0.845873,0.005768,0.075775,0.002026,0.071184,0.002078,0.749563,0.002546,0.721241,0.002295,0.125768,0.001254,0.208950,0.001330,0.053762,0.001076,0.016007,0.001364,0.668308,0.002765,80
causal_intervention_belief_revision_v5,tool_use_correction,combined_intervention_stress,long_horizon_recovery,0.661960,0.004423,0.649507,0.004901,0.099120,0.002153,0.175616,0.001977,0.732777,0.002240,0.667769,0.002627,0.137435,0.001202,0.307705,0.001540,0.051284,0.001053,0.036027,0.001384,0.667409,0.002394,80
causal_intervention_belief_revision_v5,tool_use_correction,combined_intervention_stress,new_operator_interventions,0.679723,0.004385,0.727236,0.005289,0.094187,0.002003,0.130900,0.002228,0.731080,0.002368,0.709018,0.002816,0.138591,0.001054,0.250281,0.001661,0.052108,0.001057,0.028471,0.001487,0.669275,0.002639,80
causal_intervention_belief_revision_v5,tool_use_correction,combined_intervention_stress,sparse_feedback,0.653566,0.004096,0.621006,0.004547,0.137599,0.002184,0.163935,0.002183,0.721434,0.002834,0.700797,0.002645,0.145872,0.001412,0.313358,0.001570,0.050254,0.001172,0.041657,0.001326,0.673049,0.002503,80
causal_intervention_belief_revision_v5,tool_use_correction,contact_precondition_failure,combined_stress,0.729642,0.003806,0.865298,0.004273,0.000000,0.000000,0.147844,0.002308,0.843287,0.002758,0.720104,0.002436,0.124574,0.001417,0.321383,0.001376,0.054252,0.000855,0.000000,0.000000,0.770309,0.002480,80
causal_intervention_belief_revision_v5,tool_use_correction,contact_precondition_failure,in_distribution,0.820959,0.004153,1.137968,0.004353,0.000000,0.000000,0.000588,0.000527,0.885284,0.002298,0.774286,0.002381,0.094962,0.001251,0.176548,0.001584,0.057840,0.001088,0.000000,0.000000,0.768719,0.002826,80
causal_intervention_belief_revision_v5,tool_use_correction,contact_precondition_failure,long_horizon_recovery,0.766941,0.004114,0.971775,0.004446,0.000000,0.000000,0.091874,0.002300,0.865334,0.002604,0.723325,0.002875,0.107262,0.001341,0.273450,0.001554,0.055044,0.001189,0.000000,0.000000,0.770075,0.002705,80
causal_intervention_belief_revision_v5,tool_use_correction,contact_precondition_failure,new_operator_interventions,0.785751,0.003528,1.043516,0.003611,0.000000,0.000000,0.046960,0.002214,0.864030,0.002308,0.764681,0.002670,0.109078,0.001309,0.216307,0.001531,0.056794,0.001047,0.000000,0.000000,0.768895,0.002400,80
causal_intervention_belief_revision_v5,tool_use_correction,contact_precondition_failure,sparse_feedback,0.763417,0.004430,0.972933,0.005002,0.000000,0.000000,0.078753,0.001972,0.855559,0.002557,0.752057,0.002693,0.116106,0.001479,0.281379,0.001406,0.054579,0.001070,0.000000,0.000000,0.767954,0.002485,80
causal_intervention_belief_revision_v5,tool_use_correction,environment_change_intervention,combined_stress,0.701155,0.003931,0.790885,0.004569,0.000045,0.000088,0.181521,0.002374,0.820072,0.002616,0.700279,0.002756,0.137996,0.001281,0.329472,0.001285,0.052018,0.000962,0.000010,0.000019,0.753938,0.002805,80
causal_intervention_belief_revision_v5,tool_use_correction,environment_change_intervention,in_distribution,0.792801,0.004149,1.074233,0.004575,0.000000,0.000000,0.021524,0.002206,0.860068,0.002851,0.754074,0.002615,0.106892,0.001398,0.180839,0.001657,0.056789,0.000997,0.000000,0.000000,0.753794,0.002449,80
causal_intervention_belief_revision_v5,tool_use_correction,environment_change_intervention,long_horizon_recovery,0.742750,0.004665,0.903394,0.005098,0.000000,0.000000,0.124093,0.002535,0.843617,0.002714,0.701750,0.002476,0.120216,0.001221,0.278902,0.001501,0.053987,0.001062,0.000000,0.000000,0.753783,0.002627,80
causal_intervention_belief_revision_v5,tool_use_correction,environment_change_intervention,new_operator_interventions,0.760509,0.003822,0.975009,0.004196,0.000000,0.000000,0.079224,0.002023,0.843024,0.002504,0.743031,0.002505,0.120724,0.001406,0.221746,0.001349,0.055365,0.001143,0.000000,0.000000,0.750236,0.002602,80
causal_intervention_belief_revision_v5,tool_use_correction,environment_change_intervention,sparse_feedback,0.729034,0.003293,0.893284,0.003769,0.000167,0.000322,0.113053,0.002064,0.832155,0.002653,0.733802,0.002754,0.128783,0.001291,0.288791,0.001500,0.053697,0.001282,0.000000,0.000000,0.754661,0.002487,80
causal_intervention_belief_revision_v5,tool_use_correction,false_human_hint,combined_stress,0.735581,0.004274,0.929114,0.005072,0.032114,0.002303,0.057590,0.001763,0.782909,0.002423,0.781070,0.002713,0.091982,0.001314,0.333232,0.001670,0.053994,0.001290,0.001272,0.000681,0.729358,0.002863,80
causal_intervention_belief_revision_v5,tool_use_correction,false_human_hint,in_distribution,0.829663,0.004297,1.162585,0.004587,0.000000,0.000000,0.000000,0.000000,0.828650,0.002855,0.833373,0.002711,0.062503,0.001508,0.187617,0.001640,0.058610,0.001149,0.000000,0.000000,0.728015,0.002565,80
causal_intervention_belief_revision_v5,tool_use_correction,false_human_hint,long_horizon_recovery,0.774919,0.003316,1.052739,0.003461,0.003017,0.001123,0.005910,0.001383,0.808520,0.002397,0.783212,0.002881,0.075566,0.001314,0.283468,0.001378,0.056729,0.000992,0.000012,0.000023,0.724351,0.002634,80
causal_intervention_belief_revision_v5,tool_use_correction,false_human_hint,new_operator_interventions,0.794421,0.003549,1.098950,0.003726,0.000984,0.000562,0.000000,0.000000,0.806729,0.002477,0.821054,0.002518,0.077643,0.001388,0.226096,0.001709,0.055969,0.001003,0.000000,0.000000,0.726618,0.002848,80
causal_intervention_belief_revision_v5,tool_use_correction,false_human_hint,sparse_feedback,0.765136,0.003206,1.023759,0.003901,0.031579,0.002174,0.000824,0.000568,0.796026,0.002502,0.813376,0.002487,0.084356,0.001327,0.294272,0.001678,0.055780,0.001089,0.000000,0.000000,0.724947,0.002688,80
causal_intervention_belief_revision_v5,tool_use_correction,noisy_observation,combined_stress,0.766654,0.003958,1.017108,0.004254,0.000000,0.000000,0.037325,0.002192,0.826204,0.002243,0.793569,0.002616,0.083981,0.001527,0.327316,0.001452,0.055330,0.001184,0.000000,0.000000,0.756750,0.002483,80
causal_intervention_belief_revision_v5,tool_use_correction,noisy_observation,in_distribution,0.867829,0.003897,1.221057,0.003800,0.000000,0.000000,0.000000,0.000000,0.870016,0.003013,0.844517,0.002834,0.056310,0.001319,0.182554,0.001624,0.059615,0.000985,0.000000,0.000000,0.759169,0.002501,80
causal_intervention_belief_revision_v5,tool_use_correction,noisy_observation,long_horizon_recovery,0.809808,0.003841,1.116004,0.003914,0.000000,0.000000,0.000118,0.000166,0.852587,0.002559,0.795696,0.002405,0.067306,0.001187,0.280314,0.001628,0.057556,0.001122,0.000000,0.000000,0.756526,0.002603,80
causal_intervention_belief_revision_v5,tool_use_correction,noisy_observation,new_operator_interventions,0.828036,0.004061,1.155945,0.004081,0.000000,0.000000,0.000000,0.000000,0.844789,0.002670,0.836357,0.002826,0.067673,0.001294,0.221991,0.001395,0.058678,0.001118,0.000000,0.000000,0.758991,0.002757,80
causal_intervention_belief_revision_v5,tool_use_correction,noisy_observation,sparse_feedback,0.798030,0.004102,1.100272,0.004429,0.000000,0.000000,0.000000,0.000000,0.839599,0.002840,0.825690,0.002386,0.075311,0.001318,0.289688,0.001499,0.056875,0.001145,0.000000,0.000000,0.759644,0.002343,80
causal_intervention_belief_revision_v5,tool_use_correction,nominal,combined_stress,0.819222,0.003633,1.135517,0.003933,0.000000,0.000000,0.000619,0.000539,0.881581,0.002770,0.827247,0.002343,0.067496,0.001407,0.310920,0.001639,0.056511,0.001095,0.000000,0.000000,0.802768,0.002614,80
causal_intervention_belief_revision_v5,tool_use_correction,nominal,in_distribution,0.914197,0.004038,1.309123,0.004118,0.000000,0.000000,0.000000,0.000000,0.925144,0.002629,0.881112,0.002728,0.038266,0.001211,0.164515,0.001415,0.060775,0.001029,0.000000,0.000000,0.798115,0.002921,80
causal_intervention_belief_revision_v5,tool_use_correction,nominal,long_horizon_recovery,0.859802,0.004340,1.207411,0.004515,0.000000,0.000000,0.000000,0.000000,0.911206,0.002736,0.828586,0.002687,0.049999,0.001244,0.263342,0.001583,0.058304,0.001044,0.000000,0.000000,0.799562,0.002600,80
causal_intervention_belief_revision_v5,tool_use_correction,nominal,new_operator_interventions,0.877529,0.004005,1.246189,0.004237,0.000000,0.000000,0.000000,0.000000,0.906484,0.002443,0.866877,0.002620,0.051241,0.001441,0.204670,0.001821,0.060115,0.001172,0.000000,0.000000,0.800710,0.002569,80
causal_intervention_belief_revision_v5,tool_use_correction,nominal,sparse_feedback,0.847972,0.004179,1.190707,0.004135,0.000000,0.000000,0.000000,0.000000,0.896028,0.002560,0.859971,0.002373,0.058367,0.001374,0.271749,0.001512,0.060111,0.001064,0.000000,0.000000,0.801556,0.002805,80
causal_intervention_belief_revision_v5,tool_use_correction,physical_rule_violation,combined_stress,0.730213,0.004175,0.883152,0.004531,0.000000,0.000000,0.129122,0.002091,0.835638,0.002279,0.734880,0.002769,0.118052,0.001280,0.326230,0.001521,0.053936,0.001039,0.000000,0.000000,0.763064,0.002404,80
causal_intervention_belief_revision_v5,tool_use_correction,physical_rule_violation,in_distribution,0.821908,0.003579,1.141986,0.003792,0.000000,0.000000,0.000000,0.000000,0.878876,0.002639,0.786219,0.002272,0.091253,0.001273,0.178616,0.001578,0.058398,0.001323,0.000000,0.000000,0.764396,0.002598,80
causal_intervention_belief_revision_v5,tool_use_correction,physical_rule_violation,long_horizon_recovery,0.768873,0.004149,0.986641,0.004500,0.000000,0.000000,0.076751,0.001931,0.857399,0.002884,0.733302,0.002506,0.102648,0.001343,0.275365,0.001454,0.055803,0.001122,0.000000,0.000000,0.764311,0.002963,80
causal_intervention_belief_revision_v5,tool_use_correction,physical_rule_violation,new_operator_interventions,0.792962,0.003619,1.065872,0.004355,0.000000,0.000000,0.030068,0.002110,0.855113,0.002394,0.774911,0.002476,0.102699,0.001345,0.219674,0.001631,0.055918,0.001131,0.000000,0.000000,0.763497,0.003191,80
causal_intervention_belief_revision_v5,tool_use_correction,physical_rule_violation,sparse_feedback,0.762523,0.003728,0.988667,0.004344,0.000000,0.000000,0.063203,0.002339,0.847647,0.002694,0.766654,0.002429,0.108013,0.001354,0.284752,0.001453,0.054678,0.001048,0.000000,0.000000,0.762775,0.002423,80
conformal_intervention_filter,bin_packing_recovery,actuator_model_break,combined_stress,0.481323,0.004000,-0.064969,0.004640,0.210914,0.002281,0.436843,0.002105,0.484142,0.002759,0.364125,0.002475,0.223932,0.001167,0.419767,0.001526,0.061574,0.001610,0.141626,0.001404,0.457578,0.003059,80
conformal_intervention_filter,bin_packing_recovery,actuator_model_break,in_distribution,0.578715,0.004036,0.277311,0.004889,0.148928,0.002285,0.273103,0.002259,0.527884,0.002756,0.416006,0.002465,0.195090,0.001267,0.273181,0.001280,0.068217,0.001596,0.106936,0.001432,0.455118,0.002589,80
conformal_intervention_filter,bin_packing_recovery,actuator_model_break,long_horizon_recovery,0.520022,0.003553,0.072523,0.004455,0.175685,0.002364,0.378805,0.002272,0.508203,0.002561,0.365284,0.002594,0.207694,0.001311,0.369760,0.001563,0.063708,0.001485,0.125516,0.001425,0.457945,0.002822,80
conformal_intervention_filter,bin_packing_recovery,actuator_model_break,new_operator_interventions,0.546936,0.003714,0.157355,0.004393,0.170413,0.002240,0.335346,0.002100,0.508608,0.002437,0.403552,0.002618,0.209483,0.001272,0.311526,0.001305,0.064678,0.001494,0.118833,0.001482,0.455786,0.002833,80
conformal_intervention_filter,bin_packing_recovery,actuator_model_break,sparse_feedback,0.518611,0.003280,0.050540,0.003980,0.209800,0.002084,0.368517,0.002004,0.498665,0.002773,0.395716,0.002517,0.216419,0.001188,0.379045,0.001383,0.062747,0.001674,0.131875,0.001337,0.459127,0.002736,80
conformal_intervention_filter,bin_packing_recovery,combined_intervention_stress,combined_stress,0.391201,0.003958,-0.415223,0.005180,0.392703,0.002371,0.502680,0.002278,0.362307,0.002701,0.321786,0.002345,0.247952,0.001349,0.447945,0.001628,0.055377,0.001431,0.217786,0.001390,0.365418,0.002582,80
conformal_intervention_filter,bin_packing_recovery,combined_intervention_stress,in_distribution,0.485501,0.003436,-0.079245,0.004586,0.330860,0.002332,0.341970,0.002476,0.405231,0.002869,0.372092,0.002706,0.220004,0.001337,0.301625,0.001843,0.062388,0.001389,0.181979,0.001596,0.360944,0.002234,80
conformal_intervention_filter,bin_packing_recovery,combined_intervention_stress,long_horizon_recovery,0.427541,0.003981,-0.282718,0.004746,0.357547,0.001977,0.446409,0.002051,0.384521,0.002668,0.324173,0.002531,0.232579,0.001386,0.399291,0.001587,0.056858,0.001533,0.202420,0.001198,0.365145,0.002882,80
conformal_intervention_filter,bin_packing_recovery,combined_intervention_stress,new_operator_interventions,0.448591,0.003743,-0.201341,0.004391,0.348988,0.002297,0.402137,0.002096,0.380798,0.002441,0.362818,0.002338,0.233814,0.001176,0.340226,0.001414,0.058468,0.001545,0.195596,0.001567,0.363449,0.002626,80
conformal_intervention_filter,bin_packing_recovery,combined_intervention_stress,sparse_feedback,0.420460,0.003999,-0.310887,0.004544,0.394607,0.001990,0.434055,0.002445,0.371844,0.002581,0.354708,0.002857,0.240621,0.001377,0.408959,0.001477,0.056534,0.001572,0.207526,0.001487,0.363229,0.002823,80
conformal_intervention_filter,bin_packing_recovery,contact_precondition_failure,combined_stress,0.495096,0.004204,-0.020545,0.005000,0.200926,0.002509,0.418295,0.002293,0.494544,0.002637,0.373900,0.003026,0.218601,0.001426,0.416990,0.001709,0.062341,0.001652,0.136703,0.001374,0.463866,0.002643,80
conformal_intervention_filter,bin_packing_recovery,contact_precondition_failure,in_distribution,0.592879,0.004104,0.321781,0.004606,0.137549,0.001989,0.258281,0.002301,0.539608,0.002738,0.428377,0.002670,0.190217,0.001279,0.269777,0.001613,0.068085,0.001402,0.101098,0.001546,0.462634,0.002475,80
conformal_intervention_filter,bin_packing_recovery,contact_precondition_failure,long_horizon_recovery,0.539910,0.003455,0.123875,0.004503,0.163505,0.002351,0.361244,0.002149,0.519536,0.002423,0.375856,0.002957,0.201803,0.001341,0.367416,0.001490,0.064335,0.001439,0.121844,0.001464,0.464983,0.002882,80
conformal_intervention_filter,bin_packing_recovery,contact_precondition_failure,new_operator_interventions,0.553660,0.004160,0.198843,0.004897,0.155601,0.002364,0.316394,0.002307,0.516259,0.002680,0.417343,0.002859,0.204154,0.001290,0.308133,0.001468,0.066727,0.001630,0.113579,0.001576,0.466414,0.002533,80
conformal_intervention_filter,bin_packing_recovery,contact_precondition_failure,sparse_feedback,0.528017,0.004390,0.089990,0.004806,0.200140,0.002051,0.352139,0.002314,0.508625,0.002940,0.404752,0.002390,0.208760,0.001338,0.375012,0.001693,0.062452,0.001703,0.128456,0.001437,0.462545,0.002926,80
conformal_intervention_filter,bin_packing_recovery,environment_change_intervention,combined_stress,0.471565,0.003721,-0.115980,0.004734,0.231908,0.002601,0.452953,0.002302,0.470986,0.002942,0.352621,0.002301,0.231506,0.001488,0.421771,0.001448,0.060505,0.001264,0.152542,0.001289,0.446367,0.002823,80
conformal_intervention_filter,bin_packing_recovery,environment_change_intervention,in_distribution,0.563186,0.004128,0.219738,0.004664,0.169948,0.001783,0.292244,0.002479,0.512671,0.002750,0.406036,0.002543,0.201975,0.001150,0.275313,0.001248,0.065975,0.001490,0.117780,0.001156,0.450506,0.002844,80
conformal_intervention_filter,bin_packing_recovery,environment_change_intervention,long_horizon_recovery,0.511225,0.003532,0.023537,0.004517,0.195901,0.002189,0.395134,0.002448,0.497162,0.002613,0.354481,0.002378,0.213758,0.001403,0.373375,0.001419,0.063044,0.001549,0.137283,0.001527,0.445350,0.002764,80
conformal_intervention_filter,bin_packing_recovery,environment_change_intervention,new_operator_interventions,0.526698,0.004200,0.097093,0.004633,0.191669,0.001822,0.349695,0.001934,0.494045,0.002833,0.393666,0.002838,0.216703,0.001338,0.314802,0.001469,0.063123,0.001369,0.130360,0.001224,0.446228,0.002667,80
conformal_intervention_filter,bin_packing_recovery,environment_change_intervention,sparse_feedback,0.502311,0.004220,-0.006945,0.004708,0.232594,0.002496,0.384338,0.001949,0.484574,0.002656,0.383147,0.002414,0.221914,0.001181,0.381767,0.001364,0.063118,0.001354,0.142152,0.001114,0.448089,0.002603,80
conformal_intervention_filter,bin_packing_recovery,false_human_hint,combined_stress,0.506350,0.003647,0.000969,0.004286,0.291618,0.002093,0.328402,0.002071,0.436062,0.002442,0.431975,0.002642,0.186550,0.001238,0.425981,0.001446,0.063362,0.001614,0.163240,0.001729,0.420450,0.002387,80
conformal_intervention_filter,bin_packing_recovery,false_human_hint,in_distribution,0.596512,0.003837,0.337954,0.005018,0.227176,0.002196,0.167010,0.001998,0.481278,0.002517,0.486395,0.002681,0.157333,0.001397,0.280502,0.001790,0.069379,0.001526,0.127081,0.001476,0.420748,0.002690,80
conformal_intervention_filter,bin_packing_recovery,false_human_hint,long_horizon_recovery,0.544160,0.003945,0.136958,0.004715,0.251363,0.001856,0.275070,0.002303,0.459718,0.002917,0.433247,0.002436,0.170263,0.001381,0.377391,0.001600,0.065303,0.001503,0.146987,0.001397,0.419341,0.002657,80
conformal_intervention_filter,bin_packing_recovery,false_human_hint,new_operator_interventions,0.564022,0.004087,0.219643,0.005414,0.246988,0.002201,0.226400,0.002388,0.462832,0.002818,0.473548,0.002665,0.171660,0.001293,0.320687,0.001503,0.066049,0.001385,0.139840,0.001356,0.421699,0.002942,80
conformal_intervention_filter,bin_packing_recovery,false_human_hint,sparse_feedback,0.533007,0.003981,0.105710,0.004711,0.290299,0.002488,0.261334,0.001829,0.453969,0.002610,0.462451,0.002334,0.178164,0.001196,0.386291,0.001462,0.066407,0.001551,0.154223,0.001299,0.423595,0.002319,80
conformal_intervention_filter,bin_packing_recovery,noisy_observation,combined_stress,0.537807,0.003366,0.135141,0.004492,0.216544,0.002195,0.306762,0.002007,0.479442,0.002578,0.447242,0.002518,0.178045,0.001468,0.420227,0.001615,0.064951,0.001752,0.122037,0.001301,0.453185,0.002719,80
conformal_intervention_filter,bin_packing_recovery,noisy_observation,in_distribution,0.628536,0.004067,0.469379,0.005917,0.152625,0.002145,0.147434,0.002296,0.524723,0.002774,0.500767,0.002368,0.150398,0.001328,0.274773,0.001604,0.071035,0.001330,0.086243,0.001421,0.453001,0.002482,80
conformal_intervention_filter,bin_packing_recovery,noisy_observation,long_horizon_recovery,0.572549,0.004059,0.268113,0.004864,0.181038,0.002352,0.249385,0.002278,0.506598,0.002552,0.446279,0.002624,0.160575,0.001456,0.373121,0.001453,0.066989,0.001337,0.108202,0.001301,0.455310,0.002214,80
conformal_intervention_filter,bin_packing_recovery,noisy_observation,new_operator_interventions,0.595034,0.003893,0.347921,0.004280,0.173488,0.002101,0.207051,0.001896,0.501895,0.002801,0.487175,0.002614,0.162612,0.001322,0.315385,0.001305,0.070433,0.001522,0.101015,0.001392,0.452463,0.002455,80
conformal_intervention_filter,bin_packing_recovery,noisy_observation,sparse_feedback,0.564573,0.004345,0.237723,0.005297,0.215919,0.002026,0.240056,0.002385,0.492673,0.002541,0.477747,0.002543,0.169450,0.001147,0.381608,0.001573,0.068020,0.001524,0.113166,0.001549,0.453606,0.002518,80
conformal_intervention_filter,bin_packing_recovery,nominal,combined_stress,0.586915,0.003466,0.317397,0.004858,0.142235,0.002177,0.255296,0.002122,0.535808,0.002621,0.479289,0.002639,0.160306,0.001459,0.403580,0.001248,0.067251,0.001403,0.096622,0.001470,0.494586,0.002814,80
conformal_intervention_filter,bin_packing_recovery,nominal,in_distribution,0.678619,0.003673,0.651818,0.004553,0.080816,0.002559,0.093683,0.001888,0.580671,0.002737,0.530356,0.002999,0.132476,0.001348,0.256797,0.001540,0.073435,0.001429,0.062486,0.001368,0.494968,0.002566,80
conformal_intervention_filter,bin_packing_recovery,nominal,long_horizon_recovery,0.623084,0.004241,0.450098,0.005165,0.106118,0.002014,0.199830,0.002344,0.561397,0.002621,0.478905,0.002821,0.144340,0.001291,0.353719,0.001464,0.069470,0.001262,0.082733,0.001334,0.495898,0.002873,80
conformal_intervention_filter,bin_packing_recovery,nominal,new_operator_interventions,0.647190,0.003872,0.535306,0.004030,0.099086,0.001997,0.155371,0.002214,0.559412,0.002449,0.520511,0.002398,0.144005,0.001191,0.298151,0.001374,0.070857,0.001478,0.074738,0.001329,0.492451,0.002641,80
conformal_intervention_filter,bin_packing_recovery,nominal,sparse_feedback,0.616663,0.003695,0.424781,0.004882,0.142050,0.002165,0.186615,0.002115,0.550402,0.002509,0.510683,0.002683,0.152255,0.001349,0.363866,0.001474,0.071190,0.001478,0.086329,0.001253,0.494311,0.002527,80
conformal_intervention_filter,bin_packing_recovery,physical_rule_violation,combined_stress,0.498609,0.003642,-0.009335,0.004835,0.211287,0.002031,0.403151,0.002194,0.487596,0.002530,0.387079,0.002388,0.213389,0.001428,0.417290,0.001402,0.062105,0.001284,0.138607,0.001338,0.458222,0.002728,80
conformal_intervention_filter,bin_packing_recovery,physical_rule_violation,in_distribution,0.592201,0.003674,0.329312,0.004337,0.148495,0.002469,0.240549,0.002304,0.526210,0.002536,0.439619,0.002676,0.182744,0.001327,0.270803,0.001332,0.068962,0.001598,0.104317,0.001445,0.459891,0.002389,80
conformal_intervention_filter,bin_packing_recovery,physical_rule_violation,long_horizon_recovery,0.538269,0.004671,0.127648,0.005302,0.175579,0.002398,0.346162,0.001854,0.511875,0.002661,0.386178,0.002590,0.196493,0.001427,0.370013,0.001696,0.064988,0.001369,0.122844,0.001463,0.457795,0.002715,80
conformal_intervention_filter,bin_packing_recovery,physical_rule_violation,new_operator_interventions,0.554755,0.003661,0.206864,0.004781,0.168896,0.002622,0.298893,0.002151,0.510928,0.002757,0.427776,0.002790,0.198118,0.001298,0.311271,0.001830,0.066058,0.001353,0.115421,0.001563,0.456748,0.002509,80
conformal_intervention_filter,bin_packing_recovery,physical_rule_violation,sparse_feedback,0.528650,0.003970,0.097532,0.004534,0.211468,0.002015,0.335556,0.002323,0.502894,0.002526,0.417274,0.002534,0.204680,0.001510,0.378492,0.001559,0.062992,0.001520,0.129593,0.001186,0.457650,0.002626,80
conformal_intervention_filter,deformable_contact_replan,actuator_model_break,combined_stress,0.482953,0.003924,-0.056426,0.004390,0.210292,0.002200,0.436121,0.002065,0.482036,0.002633,0.362886,0.002895,0.214661,0.001256,0.419670,0.001585,0.060763,0.001580,0.141496,0.001364,0.456734,0.002679,80
conformal_intervention_filter,deformable_contact_replan,actuator_model_break,in_distribution,0.580412,0.003973,0.285959,0.004841,0.148644,0.002472,0.274207,0.002305,0.528207,0.002633,0.415757,0.002649,0.185684,0.001228,0.272324,0.001373,0.067227,0.001644,0.106940,0.001555,0.458806,0.002439,80
conformal_intervention_filter,deformable_contact_replan,actuator_model_break,long_horizon_recovery,0.523526,0.004273,0.081223,0.004401,0.174107,0.002432,0.381418,0.002377,0.507425,0.002342,0.364146,0.003022,0.197881,0.001161,0.370153,0.001565,0.064745,0.001751,0.125500,0.001289,0.455859,0.002560,80
conformal_intervention_filter,deformable_contact_replan,actuator_model_break,new_operator_interventions,0.542880,0.003643,0.161633,0.004453,0.169881,0.002318,0.334300,0.002231,0.509440,0.002534,0.405595,0.002642,0.200009,0.001364,0.312686,0.001546,0.065323,0.001510,0.118503,0.001505,0.455913,0.002633,80
conformal_intervention_filter,deformable_contact_replan,actuator_model_break,sparse_feedback,0.519408,0.004047,0.056370,0.004256,0.214023,0.002136,0.367978,0.002306,0.499271,0.002756,0.394371,0.002645,0.205688,0.001234,0.379852,0.001270,0.062857,0.001486,0.131360,0.001511,0.456413,0.002639,80
conformal_intervention_filter,deformable_contact_replan,combined_intervention_stress,combined_stress,0.390763,0.004205,-0.411062,0.004775,0.392101,0.001747,0.504453,0.002018,0.359154,0.002945,0.319064,0.002860,0.238882,0.001412,0.448572,0.001603,0.056164,0.001417,0.216488,0.001419,0.366001,0.002699,80
conformal_intervention_filter,deformable_contact_replan,combined_intervention_stress,in_distribution,0.483345,0.004422,-0.072620,0.004905,0.328862,0.001952,0.342737,0.002122,0.403856,0.002515,0.372985,0.002767,0.209357,0.001163,0.300264,0.001497,0.061484,0.001556,0.182892,0.001549,0.364473,0.002722,80
conformal_intervention_filter,deformable_contact_replan,combined_intervention_stress,long_horizon_recovery,0.431494,0.004051,-0.271760,0.004730,0.358096,0.002150,0.445047,0.001942,0.386585,0.002450,0.322555,0.002756,0.222859,0.001279,0.400119,0.001374,0.057588,0.001214,0.203208,0.001359,0.365408,0.002725,80
conformal_intervention_filter,deformable_contact_replan,combined_intervention_stress,new_operator_interventions,0.452756,0.003842,-0.190388,0.004935,0.350476,0.002153,0.401209,0.002081,0.383620,0.002563,0.360762,0.002960,0.224514,0.001433,0.340640,0.001724,0.057924,0.001425,0.194827,0.001362,0.362456,0.002980,80
conformal_intervention_filter,deformable_contact_replan,combined_intervention_stress,sparse_feedback,0.422801,0.004222,-0.301957,0.004701,0.392869,0.002160,0.436795,0.002181,0.373957,0.002673,0.354267,0.002682,0.230634,0.001102,0.407646,0.001603,0.056655,0.001545,0.208211,0.001504,0.361683,0.002789,80
conformal_intervention_filter,deformable_contact_replan,contact_precondition_failure,combined_stress,0.499531,0.003999,-0.010092,0.005451,0.201140,0.002387,0.417766,0.002352,0.493329,0.002486,0.371982,0.002462,0.209458,0.001262,0.415082,0.001603,0.063002,0.001492,0.137208,0.001335,0.462340,0.002677,80
conformal_intervention_filter,deformable_contact_replan,contact_precondition_failure,in_distribution,0.592896,0.003739,0.327906,0.004356,0.137073,0.002342,0.259924,0.002099,0.538864,0.002428,0.426702,0.002925,0.179425,0.001149,0.269481,0.001741,0.067364,0.001589,0.103002,0.001465,0.465823,0.002396,80
conformal_intervention_filter,deformable_contact_replan,contact_precondition_failure,long_horizon_recovery,0.540248,0.004024,0.130069,0.005364,0.164275,0.002199,0.363445,0.002272,0.517693,0.002383,0.377717,0.002456,0.191618,0.001304,0.365796,0.001329,0.064608,0.001615,0.121175,0.001216,0.464307,0.002681,80
conformal_intervention_filter,deformable_contact_replan,contact_precondition_failure,new_operator_interventions,0.558841,0.003416,0.209443,0.004289,0.157077,0.002093,0.318401,0.002284,0.520167,0.002529,0.416417,0.002709,0.193374,0.001467,0.308915,0.001460,0.065364,0.001512,0.115029,0.001283,0.465272,0.002880,80
conformal_intervention_filter,deformable_contact_replan,contact_precondition_failure,sparse_feedback,0.528525,0.003640,0.096144,0.004510,0.198582,0.002035,0.352719,0.001995,0.506627,0.002439,0.404268,0.002514,0.200171,0.001207,0.374005,0.001359,0.065240,0.001443,0.129495,0.001440,0.464847,0.002397,80
conformal_intervention_filter,deformable_contact_replan,environment_change_intervention,combined_stress,0.472545,0.004235,-0.107033,0.004937,0.232356,0.002468,0.451532,0.002043,0.474351,0.003039,0.350994,0.002460,0.221964,0.001385,0.422423,0.001393,0.060481,0.001461,0.152985,0.001442,0.449365,0.002888,80
conformal_intervention_filter,deformable_contact_replan,environment_change_intervention,in_distribution,0.566117,0.003830,0.231922,0.004408,0.168848,0.002004,0.290943,0.002396,0.514176,0.002804,0.406811,0.002796,0.191751,0.001371,0.275578,0.001799,0.066637,0.001389,0.117203,0.001411,0.448363,0.002657,80
conformal_intervention_filter,deformable_contact_replan,environment_change_intervention,long_horizon_recovery,0.509008,0.003858,0.027279,0.004317,0.195610,0.002183,0.397317,0.002081,0.495483,0.002358,0.353736,0.002781,0.203917,0.001383,0.372656,0.001527,0.061759,0.001385,0.137120,0.001503,0.447663,0.002470,80
conformal_intervention_filter,deformable_contact_replan,environment_change_intervention,new_operator_interventions,0.534457,0.004129,0.112277,0.004773,0.189380,0.002503,0.351659,0.002125,0.494635,0.002594,0.392668,0.002412,0.206668,0.001239,0.314902,0.001339,0.064361,0.001645,0.128732,0.001353,0.446026,0.002425,80
conformal_intervention_filter,deformable_contact_replan,environment_change_intervention,sparse_feedback,0.501234,0.004297,0.000046,0.004986,0.231815,0.001932,0.385065,0.002285,0.487081,0.002937,0.382533,0.002176,0.211822,0.001207,0.380476,0.001677,0.060657,0.001547,0.143124,0.001331,0.447291,0.002582,80
conformal_intervention_filter,deformable_contact_replan,false_human_hint,combined_stress,0.506328,0.004545,0.008689,0.005355,0.290640,0.002324,0.330050,0.002279,0.438222,0.002690,0.433293,0.002748,0.175856,0.001436,0.426922,0.001355,0.062955,0.001419,0.163641,0.001266,0.421578,0.003062,80
conformal_intervention_filter,deformable_contact_replan,false_human_hint,in_distribution,0.600809,0.003896,0.349448,0.004683,0.227704,0.002170,0.166601,0.002259,0.483923,0.002861,0.483545,0.002570,0.146883,0.001273,0.278939,0.001396,0.069731,0.001391,0.127906,0.001226,0.418781,0.002765,80
conformal_intervention_filter,deformable_contact_replan,false_human_hint,long_horizon_recovery,0.544054,0.003758,0.145887,0.004552,0.253490,0.001921,0.272137,0.002056,0.461810,0.002458,0.430793,0.002800,0.159269,0.001432,0.377626,0.001564,0.064815,0.001463,0.146147,0.001360,0.419664,0.002435,80
conformal_intervention_filter,deformable_contact_replan,false_human_hint,new_operator_interventions,0.564409,0.004225,0.222854,0.004623,0.249289,0.001875,0.228538,0.001959,0.460353,0.002477,0.472812,0.002401,0.162004,0.001313,0.319892,0.001544,0.066211,0.001483,0.141180,0.001296,0.421179,0.003323,80
conformal_intervention_filter,deformable_contact_replan,false_human_hint,sparse_feedback,0.533818,0.003654,0.115842,0.004208,0.288093,0.002162,0.260375,0.001944,0.451461,0.002121,0.462684,0.002521,0.168717,0.001261,0.385500,0.001656,0.065227,0.001444,0.151632,0.001388,0.418763,0.002365,80
conformal_intervention_filter,deformable_contact_replan,noisy_observation,combined_stress,0.538357,0.003846,0.142423,0.004335,0.215672,0.002443,0.306850,0.002085,0.480423,0.002615,0.445897,0.002425,0.168697,0.001369,0.421865,0.001580,0.064790,0.001506,0.122158,0.001435,0.453556,0.002277,80
conformal_intervention_filter,deformable_contact_replan,noisy_observation,in_distribution,0.629563,0.003766,0.478928,0.004689,0.153926,0.002191,0.143457,0.002226,0.524345,0.002358,0.498167,0.002913,0.139815,0.001289,0.274806,0.001498,0.071116,0.001671,0.086671,0.001490,0.451127,0.002550,80
conformal_intervention_filter,deformable_contact_replan,noisy_observation,long_horizon_recovery,0.581205,0.003663,0.281632,0.004894,0.180149,0.002014,0.250139,0.002031,0.502922,0.002647,0.446298,0.002600,0.152494,0.001194,0.370937,0.001390,0.068882,0.001497,0.108186,0.001470,0.454078,0.002553,80
conformal_intervention_filter,deformable_contact_replan,noisy_observation,new_operator_interventions,0.594136,0.003751,0.357599,0.004641,0.173422,0.001824,0.204363,0.002083,0.504525,0.002716,0.488748,0.002649,0.154665,0.001214,0.313239,0.001358,0.069255,0.001523,0.098952,0.001323,0.455231,0.002532,80
conformal_intervention_filter,deformable_contact_replan,noisy_observation,sparse_feedback,0.568425,0.004142,0.247983,0.004898,0.215580,0.002033,0.239964,0.002124,0.491116,0.002432,0.475856,0.002461,0.160236,0.001225,0.381206,0.001643,0.067846,0.001353,0.112460,0.001395,0.452909,0.002376,80
conformal_intervention_filter,deformable_contact_replan,nominal,combined_stress,0.589079,0.003755,0.325708,0.004486,0.143833,0.002313,0.255560,0.001916,0.537324,0.002486,0.479486,0.002633,0.150703,0.001354,0.404590,0.001622,0.067919,0.001437,0.096219,0.001458,0.497299,0.002809,80
conformal_intervention_filter,deformable_contact_replan,nominal,in_distribution,0.680884,0.003786,0.658670,0.004575,0.080415,0.002063,0.098012,0.002527,0.579751,0.002709,0.531056,0.002457,0.121346,0.001293,0.258254,0.001567,0.075210,0.001435,0.061801,0.001417,0.494104,0.002515,80
conformal_intervention_filter,deformable_contact_replan,nominal,long_horizon_recovery,0.628947,0.003931,0.462210,0.004900,0.107495,0.002069,0.199654,0.002175,0.564117,0.002794,0.478593,0.002720,0.134793,0.001353,0.354919,0.001664,0.071233,0.001659,0.081498,0.001348,0.493735,0.002516,80
conformal_intervention_filter,deformable_contact_replan,nominal,new_operator_interventions,0.648338,0.003455,0.542879,0.004615,0.100014,0.002004,0.153965,0.002354,0.558205,0.002816,0.520112,0.002728,0.136092,0.001297,0.296110,0.001394,0.072861,0.001483,0.073637,0.001385,0.493718,0.002979,80
conformal_intervention_filter,deformable_contact_replan,nominal,sparse_feedback,0.618323,0.003661,0.434773,0.004315,0.141582,0.002268,0.186187,0.002146,0.549795,0.002571,0.513024,0.002701,0.142374,0.001304,0.363670,0.001547,0.070346,0.001612,0.086563,0.001357,0.496023,0.002487,80
conformal_intervention_filter,deformable_contact_replan,physical_rule_violation,combined_stress,0.498933,0.004142,0.000813,0.005056,0.212112,0.002325,0.400127,0.002195,0.486853,0.002546,0.386392,0.002727,0.201876,0.001252,0.417622,0.001514,0.061434,0.001437,0.137599,0.001342,0.456170,0.002667,80
conformal_intervention_filter,deformable_contact_replan,physical_rule_violation,in_distribution,0.594770,0.003693,0.336984,0.004628,0.148265,0.002204,0.242458,0.002082,0.529149,0.002514,0.436809,0.002732,0.174193,0.001169,0.271781,0.001335,0.068031,0.001352,0.103686,0.001211,0.458969,0.002539,80
conformal_intervention_filter,deformable_contact_replan,physical_rule_violation,long_horizon_recovery,0.538876,0.003903,0.138978,0.004498,0.173385,0.001937,0.344271,0.001935,0.512195,0.002305,0.386419,0.002474,0.186744,0.001222,0.368494,0.001372,0.064773,0.001487,0.121380,0.001358,0.456265,0.002449,80
conformal_intervention_filter,deformable_contact_replan,physical_rule_violation,new_operator_interventions,0.562734,0.004324,0.220522,0.005028,0.170346,0.001901,0.300275,0.002185,0.509514,0.002748,0.427680,0.002551,0.188021,0.001345,0.310552,0.001496,0.065948,0.001533,0.114403,0.001423,0.458334,0.002869,80
conformal_intervention_filter,deformable_contact_replan,physical_rule_violation,sparse_feedback,0.533866,0.003738,0.111627,0.004272,0.211175,0.002329,0.333737,0.002258,0.500201,0.002494,0.417119,0.002652,0.193743,0.001254,0.378015,0.001546,0.064290,0.001349,0.128472,0.001414,0.457638,0.002576,80
conformal_intervention_filter,mobile_base_intervention,actuator_model_break,combined_stress,0.495897,0.003787,-0.021744,0.004475,0.211198,0.002205,0.435624,0.002355,0.485055,0.002643,0.363852,0.002815,0.184520,0.001268,0.418958,0.001466,0.062615,0.001489,0.142171,0.001464,0.457139,0.002633,80
conformal_intervention_filter,mobile_base_intervention,actuator_model_break,in_distribution,0.590221,0.004367,0.315401,0.004838,0.149579,0.001961,0.275749,0.002162,0.530061,0.002538,0.416671,0.003053,0.156556,0.001378,0.272597,0.001745,0.067423,0.001589,0.106766,0.001446,0.457871,0.002639,80
conformal_intervention_filter,mobile_base_intervention,actuator_model_break,long_horizon_recovery,0.531261,0.004264,0.111692,0.004981,0.175909,0.002001,0.377646,0.002232,0.509453,0.002820,0.362691,0.002591,0.167849,0.001531,0.370286,0.001396,0.064371,0.001607,0.126605,0.001181,0.455853,0.002780,80
conformal_intervention_filter,mobile_base_intervention,actuator_model_break,new_operator_interventions,0.555931,0.004165,0.198104,0.005035,0.167672,0.002255,0.334101,0.001924,0.508132,0.002729,0.405290,0.003047,0.169733,0.001450,0.311448,0.001506,0.065552,0.001627,0.117640,0.001355,0.457074,0.002885,80
conformal_intervention_filter,mobile_base_intervention,actuator_model_break,sparse_feedback,0.523433,0.004031,0.080489,0.004675,0.213311,0.002117,0.368272,0.002204,0.496457,0.002682,0.396692,0.003084,0.177455,0.001218,0.379500,0.001439,0.063796,0.001591,0.132051,0.001367,0.458045,0.002714,80
conformal_intervention_filter,mobile_base_intervention,combined_intervention_stress,combined_stress,0.398313,0.004014,-0.380229,0.005134,0.390758,0.002135,0.502829,0.002095,0.360036,0.002820,0.318937,0.002473,0.208956,0.001451,0.447529,0.001722,0.055728,0.001551,0.216954,0.001421,0.361711,0.002507,80
conformal_intervention_filter,mobile_base_intervention,combined_intervention_stress,in_distribution,0.494702,0.003846,-0.039963,0.004358,0.330160,0.002118,0.340999,0.002202,0.404659,0.002695,0.372462,0.002310,0.179840,0.001397,0.301202,0.001426,0.061371,0.001506,0.182425,0.001392,0.362579,0.002768,80
conformal_intervention_filter,mobile_base_intervention,combined_intervention_stress,long_horizon_recovery,0.436061,0.003849,-0.243988,0.005032,0.356354,0.002270,0.445215,0.002093,0.385282,0.002653,0.320519,0.002314,0.191889,0.001158,0.398261,0.001424,0.058973,0.001514,0.201254,0.001520,0.363098,0.002917,80
conformal_intervention_filter,mobile_base_intervention,combined_intervention_stress,new_operator_interventions,0.458363,0.004094,-0.162066,0.005001,0.350251,0.002345,0.400447,0.002192,0.382357,0.003128,0.361687,0.002246,0.193509,0.001217,0.340629,0.001532,0.058962,0.001467,0.194615,0.001226,0.362910,0.002464,80
conformal_intervention_filter,mobile_base_intervention,combined_intervention_stress,sparse_feedback,0.431412,0.003984,-0.270124,0.004743,0.392519,0.002588,0.435602,0.002055,0.373191,0.002781,0.352950,0.002621,0.200308,0.001360,0.407302,0.001468,0.056346,0.001360,0.206619,0.001545,0.363303,0.002642,80
conformal_intervention_filter,mobile_base_intervention,contact_precondition_failure,combined_stress,0.509973,0.004325,0.023188,0.004930,0.198787,0.002076,0.420174,0.001981,0.493771,0.002836,0.373056,0.002569,0.178560,0.001527,0.415028,0.001621,0.060605,0.001278,0.137645,0.001347,0.466102,0.002273,80
conformal_intervention_filter,mobile_base_intervention,contact_precondition_failure,in_distribution,0.598567,0.003955,0.357965,0.004759,0.137049,0.002408,0.257239,0.002239,0.539341,0.002601,0.427207,0.002461,0.149640,0.001341,0.268042,0.001733,0.067861,0.001642,0.101449,0.001440,0.465918,0.002565,80
conformal_intervention_filter,mobile_base_intervention,contact_precondition_failure,long_horizon_recovery,0.547076,0.003973,0.156681,0.005017,0.165802,0.002173,0.362172,0.002117,0.521490,0.002838,0.374881,0.002585,0.162923,0.001414,0.368456,0.001630,0.064442,0.001449,0.122317,0.001434,0.465974,0.002543,80
conformal_intervention_filter,mobile_base_intervention,contact_precondition_failure,new_operator_interventions,0.567237,0.003748,0.239943,0.004289,0.157431,0.001941,0.318210,0.002410,0.518399,0.002436,0.414528,0.003025,0.161607,0.001296,0.309441,0.001446,0.065012,0.001333,0.113821,0.001224,0.464113,0.002498,80
conformal_intervention_filter,mobile_base_intervention,contact_precondition_failure,sparse_feedback,0.538453,0.004079,0.129128,0.004962,0.199576,0.002037,0.351518,0.002359,0.507887,0.002294,0.406838,0.002404,0.169403,0.001380,0.376616,0.001517,0.063184,0.001698,0.128191,0.001310,0.462134,0.002639,80
conformal_intervention_filter,mobile_base_intervention,environment_change_intervention,combined_stress,0.480582,0.003965,-0.077892,0.004951,0.229509,0.002350,0.454821,0.002475,0.471806,0.002457,0.351476,0.002691,0.190274,0.001328,0.421189,0.001587,0.061981,0.001612,0.153651,0.001578,0.446853,0.002420,80
conformal_intervention_filter,mobile_base_intervention,environment_change_intervention,in_distribution,0.574677,0.003956,0.260346,0.005272,0.169505,0.002140,0.293064,0.002178,0.514217,0.002724,0.404247,0.002946,0.161317,0.001328,0.273930,0.001528,0.066099,0.001596,0.116769,0.001365,0.446871,0.002494,80
conformal_intervention_filter,mobile_base_intervention,environment_change_intervention,long_horizon_recovery,0.521164,0.003752,0.061994,0.004450,0.197245,0.002141,0.396907,0.002168,0.500182,0.002675,0.353688,0.002808,0.173165,0.001330,0.371665,0.001492,0.062407,0.001350,0.136964,0.001419,0.448428,0.002313,80
conformal_intervention_filter,mobile_base_intervention,environment_change_intervention,new_operator_interventions,0.536702,0.003868,0.136623,0.004840,0.190623,0.002309,0.352463,0.002292,0.497137,0.002759,0.395747,0.002084,0.175385,0.001371,0.315962,0.001500,0.064514,0.001305,0.129079,0.001372,0.447317,0.002936,80
conformal_intervention_filter,mobile_base_intervention,environment_change_intervention,sparse_feedback,0.510919,0.003357,0.030641,0.004298,0.229927,0.002226,0.385280,0.002274,0.484619,0.002619,0.383082,0.002527,0.182665,0.001307,0.381139,0.001468,0.062276,0.001482,0.142874,0.001437,0.446814,0.002493,80
conformal_intervention_filter,mobile_base_intervention,false_human_hint,combined_stress,0.514267,0.003824,0.039301,0.004598,0.288186,0.002357,0.329428,0.002372,0.439034,0.002578,0.429975,0.002383,0.146601,0.001178,0.426198,0.001404,0.062515,0.001453,0.163154,0.001456,0.420229,0.002683,80
conformal_intervention_filter,mobile_base_intervention,false_human_hint,in_distribution,0.609028,0.003390,0.375399,0.004357,0.227625,0.002051,0.170129,0.002085,0.478896,0.002707,0.485573,0.002819,0.118291,0.001208,0.278363,0.001350,0.069636,0.001603,0.127649,0.001385,0.420927,0.002681,80
conformal_intervention_filter,mobile_base_intervention,false_human_hint,long_horizon_recovery,0.550616,0.003952,0.173583,0.004161,0.253353,0.002005,0.274126,0.002056,0.461240,0.002534,0.435527,0.002556,0.129404,0.001443,0.376203,0.001542,0.063930,0.001599,0.147982,0.001310,0.423541,0.002565,80
conformal_intervention_filter,mobile_base_intervention,false_human_hint,new_operator_interventions,0.571371,0.003370,0.251724,0.004455,0.248642,0.002236,0.228618,0.002298,0.460310,0.003051,0.471803,0.003098,0.132062,0.001207,0.319078,0.001353,0.067453,0.001489,0.140409,0.001459,0.422070,0.002612,80
conformal_intervention_filter,mobile_base_intervention,false_human_hint,sparse_feedback,0.544353,0.003822,0.147559,0.004603,0.287682,0.002422,0.261077,0.002195,0.451966,0.002778,0.461710,0.002489,0.137874,0.001171,0.386806,0.001577,0.066167,0.001333,0.152256,0.001212,0.421813,0.002694,80
conformal_intervention_filter,mobile_base_intervention,noisy_observation,combined_stress,0.546633,0.004333,0.172093,0.004924,0.215620,0.002240,0.307263,0.001908,0.478942,0.002742,0.443946,0.002396,0.138374,0.001313,0.420056,0.001380,0.064584,0.001445,0.121989,0.001371,0.455433,0.002759,80
conformal_intervention_filter,mobile_base_intervention,noisy_observation,in_distribution,0.639906,0.003984,0.506578,0.005060,0.155697,0.002055,0.145518,0.002337,0.521975,0.002384,0.496957,0.002289,0.110072,0.001268,0.275408,0.001609,0.070437,0.001694,0.087764,0.001421,0.450667,0.002537,80
conformal_intervention_filter,mobile_base_intervention,noisy_observation,long_horizon_recovery,0.585526,0.003816,0.305915,0.004703,0.180618,0.002149,0.252080,0.002076,0.504910,0.002939,0.446537,0.002572,0.122685,0.001381,0.373247,0.001402,0.067215,0.001600,0.107829,0.001363,0.452302,0.002216,80
conformal_intervention_filter,mobile_base_intervention,noisy_observation,new_operator_interventions,0.605631,0.003522,0.387879,0.004005,0.173561,0.001973,0.205793,0.002256,0.501658,0.002502,0.487046,0.002573,0.124123,0.001364,0.314358,0.001575,0.069035,0.001851,0.099519,0.001330,0.451830,0.002456,80
conformal_intervention_filter,mobile_base_intervention,noisy_observation,sparse_feedback,0.577876,0.004051,0.281842,0.004268,0.215708,0.002179,0.239631,0.002278,0.491845,0.002718,0.479419,0.002619,0.128640,0.001266,0.380492,0.001719,0.065733,0.001356,0.112608,0.001526,0.454796,0.002426,80
conformal_intervention_filter,mobile_base_intervention,nominal,combined_stress,0.595323,0.004126,0.350478,0.004658,0.144905,0.002177,0.256979,0.001996,0.535052,0.002675,0.478254,0.002360,0.120200,0.001271,0.403751,0.001511,0.067487,0.001650,0.098435,0.001209,0.495192,0.002485,80
conformal_intervention_filter,mobile_base_intervention,nominal,in_distribution,0.689850,0.004183,0.691021,0.005190,0.079986,0.002261,0.095410,0.002120,0.579876,0.002434,0.529318,0.002905,0.092329,0.001286,0.257345,0.001509,0.073020,0.001485,0.061867,0.001389,0.497014,0.002584,80
conformal_intervention_filter,mobile_base_intervention,nominal,long_horizon_recovery,0.633273,0.003685,0.486111,0.004894,0.108282,0.002007,0.202357,0.002421,0.562635,0.002768,0.479251,0.002689,0.104036,0.001183,0.354518,0.001864,0.069235,0.001407,0.082853,0.001522,0.495469,0.002635,80
conformal_intervention_filter,mobile_base_intervention,nominal,new_operator_interventions,0.655080,0.003538,0.570813,0.003963,0.099429,0.001846,0.153735,0.002247,0.557507,0.002836,0.519786,0.002419,0.106733,0.001240,0.297422,0.001495,0.071603,0.001267,0.073760,0.001479,0.494171,0.002605,80
conformal_intervention_filter,mobile_base_intervention,nominal,sparse_feedback,0.626734,0.004554,0.464033,0.005235,0.140586,0.002235,0.186997,0.002033,0.550012,0.002652,0.510737,0.002818,0.112330,0.001247,0.364567,0.001510,0.070781,0.001497,0.086598,0.001558,0.497224,0.002826,80
conformal_intervention_filter,mobile_base_intervention,physical_rule_violation,combined_stress,0.508209,0.003964,0.028284,0.003899,0.212281,0.002296,0.402416,0.002340,0.485585,0.002382,0.386275,0.002525,0.173880,0.001262,0.417485,0.001624,0.062168,0.001447,0.137409,0.001430,0.459084,0.002404,80
conformal_intervention_filter,mobile_base_intervention,physical_rule_violation,in_distribution,0.606293,0.004085,0.370472,0.005005,0.147798,0.002504,0.242187,0.002292,0.528391,0.002648,0.438002,0.002710,0.144316,0.001361,0.271513,0.001551,0.066842,0.001585,0.103364,0.001524,0.455789,0.002740,80
conformal_intervention_filter,mobile_base_intervention,physical_rule_violation,long_horizon_recovery,0.549454,0.003916,0.167906,0.004883,0.176351,0.002253,0.344806,0.002177,0.512341,0.002699,0.385690,0.002671,0.157105,0.001328,0.369252,0.001596,0.064702,0.001601,0.122515,0.001437,0.458466,0.003100,80
conformal_intervention_filter,mobile_base_intervention,physical_rule_violation,new_operator_interventions,0.570849,0.003691,0.250974,0.004842,0.169299,0.002117,0.300338,0.002015,0.509592,0.002666,0.427492,0.002961,0.156180,0.001549,0.312301,0.001414,0.066809,0.001649,0.114817,0.001296,0.456268,0.002595,80
conformal_intervention_filter,mobile_base_intervention,physical_rule_violation,sparse_feedback,0.540361,0.003621,0.138798,0.004720,0.211952,0.002072,0.333294,0.002386,0.498170,0.002885,0.415526,0.002526,0.164195,0.001430,0.376101,0.001448,0.063852,0.001533,0.129498,0.001544,0.461492,0.002622,80
conformal_intervention_filter,occluded_drawer_recovery,actuator_model_break,combined_stress,0.499361,0.004302,-0.010886,0.004729,0.209742,0.002105,0.437130,0.002257,0.486456,0.002836,0.361848,0.002469,0.174558,0.001272,0.419848,0.001563,0.060406,0.001321,0.141815,0.001434,0.459004,0.002569,80
conformal_intervention_filter,occluded_drawer_recovery,actuator_model_break,in_distribution,0.589330,0.003917,0.321144,0.004835,0.149753,0.002217,0.275974,0.001847,0.527984,0.002286,0.415066,0.002600,0.145884,0.001434,0.271978,0.001322,0.068456,0.001516,0.106262,0.001390,0.456708,0.002749,80
conformal_intervention_filter,occluded_drawer_recovery,actuator_model_break,long_horizon_recovery,0.537192,0.003719,0.124352,0.004266,0.175250,0.001670,0.380618,0.002068,0.510356,0.002310,0.364508,0.002405,0.158114,0.001223,0.369820,0.001328,0.064217,0.001354,0.125095,0.001339,0.456929,0.002905,80
conformal_intervention_filter,occluded_drawer_recovery,actuator_model_break,new_operator_interventions,0.558977,0.004038,0.207697,0.004569,0.168902,0.001864,0.333767,0.002201,0.507411,0.002948,0.404332,0.002289,0.158737,0.001422,0.313719,0.001659,0.064133,0.001503,0.117575,0.001319,0.455898,0.002696,80
conformal_intervention_filter,occluded_drawer_recovery,actuator_model_break,sparse_feedback,0.529940,0.003898,0.100637,0.004527,0.209778,0.001854,0.366426,0.002093,0.501131,0.002499,0.398420,0.003212,0.166042,0.001408,0.378571,0.001556,0.062042,0.001303,0.131765,0.001404,0.456609,0.002270,80
conformal_intervention_filter,occluded_drawer_recovery,combined_intervention_stress,combined_stress,0.404007,0.003722,-0.366946,0.004495,0.391864,0.002313,0.503271,0.001904,0.362167,0.002508,0.320013,0.002501,0.197950,0.001265,0.448843,0.001298,0.055148,0.001838,0.216836,0.001510,0.363729,0.002679,80
conformal_intervention_filter,occluded_drawer_recovery,combined_intervention_stress,in_distribution,0.496946,0.003934,-0.029325,0.004413,0.330048,0.002120,0.340920,0.002079,0.404585,0.002661,0.374466,0.002596,0.169238,0.001441,0.300959,0.001555,0.061033,0.001717,0.182413,0.001229,0.363796,0.003178,80
conformal_intervention_filter,occluded_drawer_recovery,combined_intervention_stress,long_horizon_recovery,0.440677,0.003964,-0.234121,0.004091,0.358239,0.002113,0.446845,0.002095,0.387022,0.002502,0.321641,0.002407,0.181853,0.001406,0.399528,0.001502,0.057504,0.001516,0.202102,0.001387,0.364648,0.002837,80
conformal_intervention_filter,occluded_drawer_recovery,combined_intervention_stress,new_operator_interventions,0.463776,0.003650,-0.150639,0.004562,0.349949,0.002222,0.402247,0.002316,0.382382,0.002395,0.360823,0.002943,0.183198,0.001417,0.339476,0.001421,0.059858,0.001710,0.195470,0.001479,0.364851,0.002440,80
conformal_intervention_filter,occluded_drawer_recovery,combined_intervention_stress,sparse_feedback,0.432345,0.003472,-0.263623,0.004541,0.393119,0.002025,0.433361,0.002431,0.371339,0.002621,0.350144,0.002914,0.190848,0.001353,0.409152,0.001688,0.056939,0.001631,0.208648,0.001609,0.364225,0.002322,80
conformal_intervention_filter,occluded_drawer_recovery,contact_precondition_failure,combined_stress,0.509082,0.003665,0.030233,0.004770,0.199285,0.001972,0.419315,0.002168,0.494618,0.002660,0.374918,0.002608,0.167873,0.001173,0.415608,0.001391,0.062206,0.001484,0.137979,0.001360,0.465384,0.003053,80
conformal_intervention_filter,occluded_drawer_recovery,contact_precondition_failure,in_distribution,0.604883,0.003517,0.367905,0.004326,0.137919,0.002247,0.259721,0.002051,0.539461,0.002498,0.428176,0.002584,0.140170,0.001311,0.268620,0.001541,0.067866,0.001519,0.102857,0.001380,0.463018,0.002126,80
conformal_intervention_filter,occluded_drawer_recovery,contact_precondition_failure,long_horizon_recovery,0.544602,0.003924,0.163587,0.004515,0.163405,0.001988,0.360511,0.002325,0.519060,0.002479,0.375250,0.002541,0.153157,0.001399,0.366260,0.001395,0.064431,0.001341,0.122494,0.001408,0.462501,0.002666,80
conformal_intervention_filter,occluded_drawer_recovery,contact_precondition_failure,new_operator_interventions,0.567540,0.003468,0.244902,0.004206,0.158277,0.002230,0.318539,0.002182,0.517136,0.002435,0.416776,0.002872,0.153085,0.001323,0.308722,0.001610,0.066577,0.001401,0.115493,0.001462,0.463298,0.002877,80
conformal_intervention_filter,occluded_drawer_recovery,contact_precondition_failure,sparse_feedback,0.537820,0.003932,0.135192,0.004207,0.200533,0.002118,0.350772,0.001949,0.507222,0.002219,0.407685,0.002875,0.159963,0.001350,0.376463,0.001519,0.064020,0.001567,0.128623,0.001340,0.464544,0.002280,80
conformal_intervention_filter,occluded_drawer_recovery,environment_change_intervention,combined_stress,0.483207,0.004019,-0.067629,0.004524,0.232981,0.001717,0.452037,0.002205,0.469437,0.002451,0.355460,0.002789,0.180506,0.001438,0.421761,0.001571,0.059650,0.001606,0.153120,0.001369,0.446993,0.002619,80
conformal_intervention_filter,occluded_drawer_recovery,environment_change_intervention,in_distribution,0.573512,0.004062,0.268170,0.004382,0.169768,0.002156,0.290594,0.002110,0.515213,0.002548,0.406481,0.002556,0.151508,0.001205,0.274400,0.001364,0.066812,0.001276,0.117728,0.001204,0.449606,0.002945,80
conformal_intervention_filter,occluded_drawer_recovery,environment_change_intervention,long_horizon_recovery,0.521340,0.003755,0.068441,0.004832,0.195704,0.002349,0.397192,0.002219,0.496417,0.002904,0.354605,0.002524,0.163654,0.001346,0.373087,0.001460,0.061216,0.001488,0.137616,0.001402,0.446214,0.002413,80
conformal_intervention_filter,occluded_drawer_recovery,environment_change_intervention,new_operator_interventions,0.544284,0.003888,0.153306,0.004661,0.188065,0.002417,0.351304,0.002210,0.495433,0.002273,0.396319,0.003040,0.165964,0.001162,0.313740,0.001644,0.064248,0.001424,0.129777,0.001343,0.447491,0.003273,80
conformal_intervention_filter,occluded_drawer_recovery,environment_change_intervention,sparse_feedback,0.515031,0.004046,0.042939,0.004170,0.232558,0.001938,0.383148,0.002109,0.483254,0.002537,0.384838,0.002768,0.171679,0.001307,0.380929,0.001846,0.062997,0.001502,0.141775,0.001155,0.447481,0.002329,80
conformal_intervention_filter,occluded_drawer_recovery,false_human_hint,combined_stress,0.518286,0.003811,0.048958,0.004748,0.290981,0.001747,0.328947,0.002267,0.438779,0.002774,0.432400,0.002349,0.137347,0.001267,0.426028,0.001375,0.061868,0.001649,0.163869,0.001347,0.421296,0.002744,80
conformal_intervention_filter,occluded_drawer_recovery,false_human_hint,in_distribution,0.607702,0.004289,0.381670,0.004911,0.227431,0.002474,0.169859,0.002296,0.482639,0.002431,0.484151,0.002509,0.107492,0.001107,0.280460,0.001199,0.069183,0.001582,0.128873,0.001507,0.419613,0.002926,80
conformal_intervention_filter,occluded_drawer_recovery,false_human_hint,long_horizon_recovery,0.554583,0.003795,0.181868,0.004442,0.256461,0.002149,0.273779,0.002324,0.462325,0.002115,0.434330,0.002767,0.119532,0.001298,0.377195,0.001628,0.065182,0.001567,0.148175,0.001538,0.419205,0.002798,80
conformal_intervention_filter,occluded_drawer_recovery,false_human_hint,new_operator_interventions,0.573433,0.003491,0.262198,0.003873,0.247047,0.002038,0.229530,0.002241,0.460901,0.002541,0.473394,0.002528,0.121121,0.001359,0.320340,0.001379,0.067362,0.001450,0.139834,0.001329,0.420088,0.002575,80
conformal_intervention_filter,occluded_drawer_recovery,false_human_hint,sparse_feedback,0.544545,0.003810,0.153575,0.004334,0.289372,0.002251,0.260615,0.002126,0.450596,0.002910,0.463678,0.002458,0.128715,0.001198,0.386460,0.001427,0.064727,0.001650,0.152732,0.001224,0.418569,0.002499,80
conformal_intervention_filter,occluded_drawer_recovery,noisy_observation,combined_stress,0.544230,0.003886,0.173895,0.004776,0.216923,0.001937,0.308348,0.002284,0.477535,0.002545,0.448006,0.002511,0.128608,0.001277,0.422165,0.001480,0.066500,0.001617,0.123267,0.001475,0.451482,0.002452,80
conformal_intervention_filter,occluded_drawer_recovery,noisy_observation,in_distribution,0.644359,0.004028,0.518473,0.004790,0.155164,0.002036,0.146002,0.002201,0.520608,0.002801,0.498230,0.002575,0.099454,0.001169,0.274388,0.001462,0.071487,0.001724,0.088821,0.001338,0.453983,0.002657,80
conformal_intervention_filter,occluded_drawer_recovery,noisy_observation,long_horizon_recovery,0.590656,0.003850,0.322591,0.004805,0.179649,0.002073,0.248800,0.002150,0.504277,0.002341,0.447057,0.002572,0.110777,0.001170,0.374416,0.001444,0.067527,0.001496,0.106749,0.001346,0.453581,0.002962,80
conformal_intervention_filter,occluded_drawer_recovery,noisy_observation,new_operator_interventions,0.609665,0.003575,0.399718,0.004391,0.173995,0.002178,0.203855,0.002334,0.502658,0.002504,0.487171,0.003155,0.114776,0.001286,0.316822,0.001536,0.069651,0.001552,0.098666,0.001270,0.453876,0.002788,80
conformal_intervention_filter,occluded_drawer_recovery,noisy_observation,sparse_feedback,0.579096,0.003796,0.288115,0.004539,0.215797,0.002115,0.237749,0.002445,0.491573,0.002529,0.476631,0.002227,0.120623,0.001360,0.382771,0.001422,0.067170,0.001546,0.113073,0.001482,0.452766,0.003031,80
conformal_intervention_filter,occluded_drawer_recovery,nominal,combined_stress,0.601927,0.003878,0.367283,0.004654,0.142024,0.002389,0.255797,0.002135,0.537272,0.002454,0.479008,0.003068,0.110843,0.001363,0.404505,0.001361,0.068631,0.001489,0.096502,0.001479,0.494152,0.002770,80
conformal_intervention_filter,occluded_drawer_recovery,nominal,in_distribution,0.693221,0.003915,0.701076,0.004569,0.082284,0.002084,0.094990,0.002236,0.579566,0.002352,0.531402,0.002580,0.081839,0.001493,0.257868,0.001548,0.073294,0.001547,0.061046,0.001337,0.494920,0.002443,80
conformal_intervention_filter,occluded_drawer_recovery,nominal,long_horizon_recovery,0.638343,0.003688,0.500327,0.004557,0.106483,0.002295,0.201360,0.002095,0.562112,0.002344,0.481823,0.002457,0.094015,0.001424,0.353992,0.001536,0.070029,0.001402,0.082872,0.001573,0.493558,0.002516,80
conformal_intervention_filter,occluded_drawer_recovery,nominal,new_operator_interventions,0.657923,0.004085,0.581651,0.004708,0.099676,0.002054,0.155076,0.002116,0.559041,0.002680,0.519902,0.002782,0.094697,0.001271,0.296916,0.001256,0.072863,0.001581,0.073799,0.001190,0.496385,0.002779,80
conformal_intervention_filter,occluded_drawer_recovery,nominal,sparse_feedback,0.629718,0.003766,0.470846,0.004658,0.141567,0.002078,0.189142,0.002262,0.545901,0.002948,0.510803,0.002731,0.102119,0.001262,0.364387,0.001590,0.070914,0.001215,0.087365,0.001449,0.496426,0.002823,80
conformal_intervention_filter,occluded_drawer_recovery,physical_rule_violation,combined_stress,0.511737,0.003558,0.037686,0.004875,0.212175,0.002298,0.402371,0.001877,0.486577,0.002591,0.382114,0.002399,0.163583,0.001234,0.418288,0.001425,0.063446,0.001743,0.138533,0.001256,0.459569,0.002366,80
conformal_intervention_filter,occluded_drawer_recovery,physical_rule_violation,in_distribution,0.607551,0.004376,0.381746,0.004833,0.149110,0.002257,0.239929,0.002302,0.531568,0.002623,0.439159,0.002502,0.133787,0.001234,0.271898,0.001584,0.067881,0.001766,0.101912,0.001354,0.459527,0.002959,80
conformal_intervention_filter,occluded_drawer_recovery,physical_rule_violation,long_horizon_recovery,0.553158,0.003592,0.180861,0.004681,0.173094,0.002157,0.345454,0.002474,0.508670,0.002708,0.387555,0.003002,0.145180,0.001312,0.369367,0.001461,0.065599,0.001526,0.123048,0.001593,0.459242,0.002552,80
conformal_intervention_filter,occluded_drawer_recovery,physical_rule_violation,new_operator_interventions,0.569262,0.004005,0.255503,0.004887,0.169514,0.002213,0.301067,0.002142,0.507114,0.002386,0.430064,0.002715,0.147492,0.001337,0.309999,0.001715,0.066018,0.001611,0.116263,0.001288,0.459777,0.002759,80
conformal_intervention_filter,occluded_drawer_recovery,physical_rule_violation,sparse_feedback,0.544991,0.003950,0.151962,0.004655,0.209289,0.002159,0.335150,0.002450,0.500257,0.002552,0.417932,0.002420,0.153234,0.001287,0.378938,0.001559,0.063224,0.001509,0.128628,0.001322,0.457485,0.002690,80
conformal_intervention_filter,payload_shift_pick,actuator_model_break,combined_stress,0.493301,0.003982,-0.033164,0.004723,0.212181,0.002144,0.436128,0.002328,0.484430,0.002916,0.365069,0.002686,0.195411,0.001229,0.419709,0.001448,0.062196,0.001550,0.141988,0.001494,0.455591,0.002618,80
conformal_intervention_filter,payload_shift_pick,actuator_model_break,in_distribution,0.588060,0.004161,0.306375,0.004659,0.150440,0.002341,0.274722,0.002101,0.528475,0.002890,0.413753,0.002961,0.165206,0.001281,0.272100,0.001649,0.066550,0.001349,0.106953,0.001546,0.457178,0.002545,80
conformal_intervention_filter,payload_shift_pick,actuator_model_break,long_horizon_recovery,0.528213,0.003436,0.102305,0.004191,0.175598,0.001887,0.379101,0.002282,0.507233,0.002295,0.364983,0.002932,0.177077,0.001151,0.369659,0.001570,0.062784,0.001388,0.125536,0.001523,0.457541,0.002423,80
conformal_intervention_filter,payload_shift_pick,actuator_model_break,new_operator_interventions,0.551510,0.003412,0.182753,0.003979,0.170917,0.002237,0.334219,0.001931,0.508337,0.002484,0.404019,0.002732,0.180304,0.001258,0.312804,0.001471,0.064222,0.001533,0.120166,0.001227,0.457729,0.002350,80
conformal_intervention_filter,payload_shift_pick,actuator_model_break,sparse_feedback,0.522950,0.004248,0.079530,0.005197,0.208912,0.002251,0.365414,0.002446,0.498936,0.002652,0.394775,0.003142,0.186054,0.001218,0.379239,0.001744,0.062396,0.001581,0.130787,0.001401,0.457298,0.002654,80
conformal_intervention_filter,payload_shift_pick,combined_intervention_stress,combined_stress,0.399813,0.003186,-0.388008,0.004191,0.392532,0.001919,0.503651,0.001801,0.358694,0.002486,0.320586,0.003087,0.218838,0.001423,0.448014,0.001566,0.055874,0.001377,0.218496,0.001374,0.364747,0.002476,80
conformal_intervention_filter,payload_shift_pick,combined_intervention_stress,in_distribution,0.490962,0.003345,-0.052609,0.004221,0.331122,0.002251,0.341160,0.002184,0.401916,0.002498,0.373619,0.002699,0.189007,0.001471,0.302761,0.001494,0.063021,0.001513,0.183532,0.001474,0.361910,0.003176,80
conformal_intervention_filter,payload_shift_pick,combined_intervention_stress,long_horizon_recovery,0.432229,0.003910,-0.255326,0.004823,0.356173,0.002398,0.446346,0.002058,0.386451,0.002265,0.321988,0.002418,0.202429,0.001329,0.397426,0.001438,0.059145,0.001814,0.201993,0.001230,0.365185,0.002642,80
conformal_intervention_filter,payload_shift_pick,combined_intervention_stress,new_operator_interventions,0.459312,0.003669,-0.168348,0.004211,0.351980,0.002177,0.401428,0.002040,0.385303,0.002663,0.363170,0.002548,0.202913,0.001243,0.340167,0.001424,0.058304,0.001493,0.195072,0.001337,0.365157,0.002639,80
conformal_intervention_filter,payload_shift_pick,combined_intervention_stress,sparse_feedback,0.428191,0.003811,-0.281231,0.004366,0.392055,0.002145,0.434422,0.001983,0.374373,0.003205,0.348994,0.002459,0.209642,0.001443,0.408800,0.001653,0.058567,0.001648,0.209000,0.001360,0.364065,0.002573,80
conformal_intervention_filter,payload_shift_pick,contact_precondition_failure,combined_stress,0.508797,0.004589,0.015343,0.005545,0.198028,0.002031,0.419440,0.002741,0.493288,0.002778,0.374882,0.002623,0.189014,0.001422,0.415507,0.001682,0.062965,0.001648,0.136838,0.001338,0.464312,0.002570,80
conformal_intervention_filter,payload_shift_pick,contact_precondition_failure,in_distribution,0.596076,0.003667,0.347029,0.005129,0.137112,0.002069,0.257383,0.002525,0.536812,0.002852,0.428087,0.002363,0.159829,0.001301,0.268162,0.001480,0.067714,0.001520,0.102756,0.001397,0.465365,0.002834,80
conformal_intervention_filter,payload_shift_pick,contact_precondition_failure,long_horizon_recovery,0.543510,0.004402,0.145437,0.005036,0.167217,0.001973,0.363135,0.001988,0.521013,0.002623,0.376333,0.002778,0.172595,0.001262,0.367356,0.001586,0.064546,0.001395,0.120711,0.001413,0.462180,0.002404,80
conformal_intervention_filter,payload_shift_pick,contact_precondition_failure,new_operator_interventions,0.565532,0.004246,0.227310,0.004785,0.157564,0.002017,0.317613,0.002356,0.514510,0.002501,0.412884,0.002416,0.174413,0.001271,0.309767,0.001587,0.065338,0.001533,0.115042,0.001386,0.462926,0.002779,80
conformal_intervention_filter,payload_shift_pick,contact_precondition_failure,sparse_feedback,0.533346,0.003812,0.117403,0.004783,0.199948,0.002091,0.350174,0.002105,0.507402,0.002768,0.406247,0.002527,0.180324,0.001364,0.373114,0.001621,0.066163,0.001674,0.128055,0.001312,0.465206,0.003367,80
conformal_intervention_filter,payload_shift_pick,environment_change_intervention,combined_stress,0.477628,0.004003,-0.088992,0.004797,0.233122,0.002267,0.452678,0.002042,0.470569,0.002447,0.352075,0.002726,0.201374,0.001317,0.420827,0.001584,0.060397,0.001409,0.152962,0.001330,0.446781,0.002690,80
conformal_intervention_filter,payload_shift_pick,environment_change_intervention,in_distribution,0.573123,0.004615,0.254551,0.005104,0.168936,0.002144,0.291460,0.002222,0.515949,0.003085,0.407094,0.002569,0.171047,0.001064,0.272638,0.001530,0.067206,0.001752,0.116776,0.001377,0.447922,0.002735,80
conformal_intervention_filter,payload_shift_pick,environment_change_intervention,long_horizon_recovery,0.514939,0.003840,0.048704,0.004544,0.196568,0.002204,0.396049,0.002295,0.499378,0.002582,0.354644,0.002376,0.183554,0.001158,0.372159,0.001501,0.063089,0.001220,0.137654,0.001407,0.446508,0.002394,80
conformal_intervention_filter,payload_shift_pick,environment_change_intervention,new_operator_interventions,0.540094,0.003566,0.134153,0.004847,0.189896,0.002255,0.349697,0.002258,0.494538,0.002443,0.394295,0.002666,0.185530,0.001365,0.314332,0.001571,0.064427,0.001397,0.129939,0.001542,0.447176,0.002509,80
conformal_intervention_filter,payload_shift_pick,environment_change_intervention,sparse_feedback,0.509247,0.003924,0.022413,0.004168,0.231891,0.002014,0.384475,0.002063,0.485012,0.002714,0.384600,0.002698,0.191701,0.001409,0.383139,0.001447,0.061056,0.001609,0.142173,0.001357,0.448064,0.002819,80
conformal_intervention_filter,payload_shift_pick,false_human_hint,combined_stress,0.511195,0.003890,0.026088,0.004471,0.290099,0.002177,0.330043,0.002559,0.434932,0.002470,0.431310,0.002714,0.156797,0.001379,0.426394,0.001645,0.064009,0.001335,0.163237,0.001437,0.418537,0.002712,80
conformal_intervention_filter,payload_shift_pick,false_human_hint,in_distribution,0.603713,0.003825,0.362364,0.004642,0.229773,0.002241,0.169605,0.001766,0.481965,0.002323,0.486281,0.002752,0.127883,0.001358,0.279248,0.001451,0.070123,0.001647,0.129228,0.001403,0.422352,0.002442,80
conformal_intervention_filter,payload_shift_pick,false_human_hint,long_horizon_recovery,0.547588,0.004118,0.159959,0.004424,0.255211,0.002266,0.275425,0.002003,0.463985,0.002833,0.432207,0.002721,0.139267,0.001205,0.377346,0.001687,0.065233,0.001555,0.149519,0.001264,0.421363,0.002421,80
conformal_intervention_filter,payload_shift_pick,false_human_hint,new_operator_interventions,0.571016,0.004105,0.243823,0.004557,0.247352,0.001967,0.229249,0.002040,0.462001,0.002386,0.472514,0.002659,0.143021,0.001380,0.320158,0.001542,0.067313,0.001430,0.140808,0.001112,0.420448,0.002327,80
conformal_intervention_filter,payload_shift_pick,false_human_hint,sparse_feedback,0.540769,0.003915,0.135535,0.004707,0.290203,0.002372,0.261258,0.002087,0.451344,0.002296,0.463992,0.002120,0.147864,0.001224,0.385769,0.001370,0.066285,0.001534,0.152517,0.001273,0.420631,0.002399,80
conformal_intervention_filter,payload_shift_pick,noisy_observation,combined_stress,0.544467,0.004484,0.162322,0.005402,0.214262,0.001971,0.308265,0.002049,0.480152,0.002286,0.445678,0.002722,0.148144,0.001306,0.422374,0.001661,0.067406,0.001529,0.122251,0.001476,0.453938,0.002603,80
conformal_intervention_filter,payload_shift_pick,noisy_observation,in_distribution,0.634804,0.004094,0.497097,0.005209,0.154953,0.002469,0.143930,0.002089,0.521044,0.002550,0.498273,0.002873,0.120256,0.001477,0.274801,0.001505,0.070557,0.001498,0.086175,0.001332,0.454772,0.002475,80
conformal_intervention_filter,payload_shift_pick,noisy_observation,long_horizon_recovery,0.584280,0.003898,0.298257,0.004471,0.181385,0.002130,0.251387,0.002176,0.505286,0.002665,0.447084,0.003133,0.132096,0.001219,0.372943,0.001419,0.067926,0.001664,0.107729,0.001442,0.453707,0.002642,80
conformal_intervention_filter,payload_shift_pick,noisy_observation,new_operator_interventions,0.600037,0.004199,0.376388,0.005118,0.173646,0.002073,0.204636,0.002176,0.501837,0.002749,0.485595,0.002540,0.132500,0.001302,0.315439,0.001726,0.068879,0.001499,0.100638,0.001563,0.454427,0.003080,80
conformal_intervention_filter,payload_shift_pick,noisy_observation,sparse_feedback,0.575190,0.003852,0.268810,0.005277,0.217925,0.002069,0.240029,0.002565,0.492438,0.002294,0.478374,0.002282,0.139417,0.001217,0.382219,0.001671,0.067430,0.001581,0.112936,0.001586,0.455072,0.002731,80
conformal_intervention_filter,payload_shift_pick,nominal,combined_stress,0.594911,0.004752,0.348554,0.005387,0.140808,0.001877,0.255028,0.002080,0.535035,0.002992,0.479723,0.002515,0.129341,0.001272,0.404258,0.001714,0.068276,0.001402,0.095695,0.001383,0.494931,0.002656,80
conformal_intervention_filter,payload_shift_pick,nominal,in_distribution,0.687070,0.004051,0.682305,0.004795,0.081459,0.001879,0.093986,0.002263,0.581287,0.002394,0.531388,0.002301,0.101020,0.001266,0.256473,0.001420,0.074963,0.001512,0.062155,0.001251,0.493714,0.002381,80
conformal_intervention_filter,payload_shift_pick,nominal,long_horizon_recovery,0.632644,0.003962,0.480977,0.005305,0.106393,0.002496,0.200498,0.002277,0.562428,0.002768,0.479350,0.002927,0.113860,0.001368,0.355055,0.001691,0.070289,0.001632,0.082099,0.001433,0.496922,0.002682,80
conformal_intervention_filter,payload_shift_pick,nominal,new_operator_interventions,0.651071,0.004138,0.559632,0.004731,0.100121,0.001950,0.154823,0.002227,0.558883,0.002714,0.518582,0.003049,0.115042,0.001227,0.297312,0.001454,0.073385,0.001445,0.073897,0.001451,0.496585,0.002564,80
conformal_intervention_filter,payload_shift_pick,nominal,sparse_feedback,0.621830,0.003651,0.448525,0.004511,0.143197,0.002327,0.188666,0.002001,0.547199,0.002702,0.510613,0.002709,0.121394,0.001267,0.365813,0.001609,0.068759,0.001594,0.087883,0.001359,0.494951,0.002333,80
conformal_intervention_filter,payload_shift_pick,physical_rule_violation,combined_stress,0.506591,0.004464,0.020361,0.005120,0.211783,0.002164,0.401964,0.002335,0.485393,0.003053,0.383098,0.002672,0.181737,0.001327,0.418059,0.001514,0.062175,0.001596,0.138464,0.001387,0.459422,0.002974,80
conformal_intervention_filter,payload_shift_pick,physical_rule_violation,in_distribution,0.600410,0.003740,0.359227,0.004337,0.148136,0.002266,0.241153,0.002109,0.530815,0.002496,0.436853,0.002741,0.153993,0.001108,0.270103,0.001518,0.068099,0.001558,0.102554,0.001355,0.457686,0.002445,80
conformal_intervention_filter,payload_shift_pick,physical_rule_violation,long_horizon_recovery,0.548638,0.003906,0.162745,0.004667,0.173270,0.002020,0.345623,0.002081,0.512144,0.002585,0.386466,0.002536,0.165785,0.001458,0.368400,0.001673,0.063681,0.001394,0.122835,0.001359,0.459819,0.003112,80
conformal_intervention_filter,payload_shift_pick,physical_rule_violation,new_operator_interventions,0.570531,0.004073,0.242945,0.005062,0.167237,0.002135,0.301201,0.002469,0.508752,0.002530,0.427345,0.002495,0.168517,0.001252,0.311467,0.001319,0.066712,0.001561,0.114277,0.001484,0.458882,0.002872,80
conformal_intervention_filter,payload_shift_pick,physical_rule_violation,sparse_feedback,0.537345,0.003710,0.128147,0.004573,0.212385,0.002095,0.333976,0.002111,0.499148,0.002625,0.417909,0.002323,0.174753,0.001450,0.376897,0.001630,0.063023,0.001585,0.128650,0.001335,0.457285,0.003003,80
conformal_intervention_filter,tool_use_correction,actuator_model_break,combined_stress,0.487442,0.004297,-0.043778,0.004982,0.211658,0.002125,0.435646,0.002103,0.487018,0.002592,0.364979,0.002531,0.204862,0.001350,0.419416,0.001438,0.060023,0.001366,0.141807,0.001545,0.456416,0.002606,80
conformal_intervention_filter,tool_use_correction,actuator_model_break,in_distribution,0.583686,0.003792,0.295871,0.004965,0.147986,0.002135,0.275571,0.002061,0.530673,0.003237,0.414611,0.002418,0.176286,0.001399,0.271395,0.001705,0.067399,0.001526,0.106503,0.001499,0.456330,0.002929,80
conformal_intervention_filter,tool_use_correction,actuator_model_break,long_horizon_recovery,0.530504,0.003792,0.096662,0.004652,0.174053,0.001974,0.379994,0.002242,0.511155,0.002384,0.361926,0.002523,0.188293,0.001367,0.369033,0.001390,0.062497,0.001528,0.126614,0.001416,0.455730,0.002888,80
conformal_intervention_filter,tool_use_correction,actuator_model_break,new_operator_interventions,0.545959,0.004141,0.173169,0.004512,0.167063,0.001954,0.335842,0.002458,0.507529,0.002763,0.403935,0.002609,0.188908,0.001346,0.312367,0.001721,0.064208,0.001522,0.117849,0.001361,0.456930,0.002849,80
conformal_intervention_filter,tool_use_correction,actuator_model_break,sparse_feedback,0.517263,0.003808,0.062958,0.005144,0.211683,0.002468,0.367719,0.002283,0.497734,0.002740,0.396413,0.002745,0.195483,0.001330,0.379552,0.001483,0.062601,0.001488,0.132221,0.001426,0.455040,0.002792,80
conformal_intervention_filter,tool_use_correction,combined_intervention_stress,combined_stress,0.396923,0.003500,-0.397804,0.004836,0.392932,0.001800,0.504968,0.002169,0.359978,0.002370,0.319402,0.003155,0.227870,0.001358,0.446856,0.001531,0.055511,0.001448,0.217861,0.001431,0.364978,0.002812,80
conformal_intervention_filter,tool_use_correction,combined_intervention_stress,in_distribution,0.488844,0.003780,-0.060834,0.004528,0.330898,0.002581,0.341756,0.001943,0.405712,0.002831,0.373031,0.002638,0.199469,0.001309,0.301648,0.001566,0.062098,0.001521,0.182831,0.001310,0.363017,0.002688,80
conformal_intervention_filter,tool_use_correction,combined_intervention_stress,long_horizon_recovery,0.433897,0.004023,-0.262550,0.004778,0.356950,0.002147,0.446807,0.002170,0.384997,0.002355,0.320942,0.002378,0.212162,0.001239,0.398636,0.001731,0.059273,0.001465,0.201855,0.001464,0.363339,0.002813,80
conformal_intervention_filter,tool_use_correction,combined_intervention_stress,new_operator_interventions,0.454856,0.003818,-0.182429,0.004501,0.350166,0.002066,0.403652,0.001965,0.381253,0.002179,0.362915,0.002676,0.214179,0.001105,0.341775,0.001720,0.059286,0.001462,0.193920,0.001667,0.365032,0.003116,80
conformal_intervention_filter,tool_use_correction,combined_intervention_stress,sparse_feedback,0.424268,0.003416,-0.290640,0.004354,0.392198,0.002368,0.435212,0.002289,0.373291,0.002750,0.353330,0.002016,0.218672,0.001454,0.407630,0.001788,0.058673,0.001684,0.207555,0.001196,0.364011,0.002702,80
conformal_intervention_filter,tool_use_correction,contact_precondition_failure,combined_stress,0.501180,0.003517,0.000150,0.003855,0.199140,0.002402,0.419057,0.001750,0.494734,0.002485,0.375967,0.002501,0.199716,0.001322,0.415461,0.001249,0.061750,0.001681,0.137648,0.001550,0.463292,0.002655,80
conformal_intervention_filter,tool_use_correction,contact_precondition_failure,in_distribution,0.594840,0.004223,0.337534,0.004870,0.138957,0.002147,0.259392,0.002161,0.538360,0.002477,0.429387,0.002866,0.168898,0.001381,0.268106,0.001626,0.066873,0.001597,0.102588,0.001409,0.464225,0.002045,80
conformal_intervention_filter,tool_use_correction,contact_precondition_failure,long_horizon_recovery,0.543212,0.004023,0.140104,0.004419,0.163636,0.002096,0.362847,0.001929,0.518924,0.002658,0.375001,0.002675,0.182070,0.001290,0.366712,0.001527,0.063965,0.001568,0.121898,0.001347,0.465877,0.002473,80
conformal_intervention_filter,tool_use_correction,contact_precondition_failure,new_operator_interventions,0.562622,0.003656,0.220285,0.004539,0.156788,0.002089,0.317553,0.002014,0.517589,0.002936,0.414846,0.002526,0.183911,0.001269,0.308215,0.001691,0.065886,0.001803,0.113542,0.001434,0.463409,0.002687,80
conformal_intervention_filter,tool_use_correction,contact_precondition_failure,sparse_feedback,0.528411,0.003258,0.106412,0.004399,0.199287,0.002528,0.349100,0.002149,0.507117,0.002776,0.406267,0.002444,0.191251,0.001472,0.373417,0.001518,0.062685,0.001516,0.127989,0.001722,0.464931,0.002650,80
conformal_intervention_filter,tool_use_correction,environment_change_intervention,combined_stress,0.474176,0.003686,-0.100181,0.004878,0.233326,0.002388,0.452199,0.001854,0.470161,0.002852,0.354666,0.002935,0.211732,0.001434,0.422072,0.001391,0.060623,0.001658,0.154370,0.001482,0.446082,0.002497,80
conformal_intervention_filter,tool_use_correction,environment_change_intervention,in_distribution,0.566386,0.003695,0.238891,0.004541,0.170280,0.002103,0.290933,0.002118,0.516142,0.002767,0.406720,0.002866,0.181964,0.001330,0.274789,0.001355,0.066514,0.001506,0.117331,0.001423,0.447484,0.002537,80
conformal_intervention_filter,tool_use_correction,environment_change_intervention,long_horizon_recovery,0.514875,0.004364,0.039324,0.005394,0.196881,0.002179,0.396546,0.002091,0.498047,0.002695,0.351524,0.002670,0.194437,0.001365,0.371530,0.001453,0.063108,0.001382,0.138178,0.001355,0.447772,0.002527,80
conformal_intervention_filter,tool_use_correction,environment_change_intervention,new_operator_interventions,0.533408,0.003795,0.118433,0.004733,0.191080,0.002086,0.350541,0.002459,0.492897,0.002820,0.394200,0.002643,0.195339,0.001432,0.314571,0.001539,0.064111,0.001573,0.130447,0.001556,0.445646,0.002719,80
conformal_intervention_filter,tool_use_correction,environment_change_intervention,sparse_feedback,0.508276,0.003747,0.014161,0.004171,0.232468,0.002076,0.382956,0.002178,0.486211,0.002499,0.384263,0.002901,0.202323,0.001379,0.382072,0.001677,0.062657,0.001455,0.143333,0.001313,0.447635,0.002652,80
conformal_intervention_filter,tool_use_correction,false_human_hint,combined_stress,0.508015,0.004284,0.019580,0.005186,0.290034,0.002237,0.327124,0.002278,0.438156,0.002639,0.431047,0.002120,0.166340,0.001148,0.427080,0.001507,0.062520,0.001435,0.162821,0.001407,0.422404,0.002545,80
conformal_intervention_filter,tool_use_correction,false_human_hint,in_distribution,0.600662,0.004001,0.354096,0.004846,0.229125,0.002097,0.167125,0.001927,0.480087,0.002700,0.484034,0.002568,0.137835,0.001128,0.279889,0.001467,0.069845,0.001341,0.127415,0.001402,0.422799,0.002630,80
conformal_intervention_filter,tool_use_correction,false_human_hint,long_horizon_recovery,0.546546,0.003995,0.153201,0.004919,0.255402,0.002435,0.273841,0.001957,0.462611,0.002413,0.433422,0.003133,0.149059,0.001425,0.378301,0.001454,0.065832,0.001241,0.147174,0.001450,0.419054,0.002575,80
conformal_intervention_filter,tool_use_correction,false_human_hint,new_operator_interventions,0.569241,0.004543,0.237935,0.005344,0.246517,0.002155,0.227584,0.001938,0.461598,0.002344,0.471877,0.002895,0.151696,0.001230,0.318621,0.001695,0.066681,0.001474,0.140097,0.001350,0.418717,0.002808,80
conformal_intervention_filter,tool_use_correction,false_human_hint,sparse_feedback,0.538912,0.003951,0.126799,0.005150,0.289155,0.002145,0.261193,0.002059,0.449800,0.002991,0.464524,0.002884,0.156996,0.001425,0.387573,0.001485,0.065182,0.001496,0.153853,0.001411,0.420899,0.002405,80
conformal_intervention_filter,tool_use_correction,noisy_observation,combined_stress,0.541009,0.003679,0.152393,0.004336,0.214982,0.002461,0.306595,0.002149,0.478298,0.002478,0.446563,0.002415,0.158495,0.001282,0.422359,0.001432,0.065414,0.001587,0.122112,0.001463,0.453740,0.002639,80
conformal_intervention_filter,tool_use_correction,noisy_observation,in_distribution,0.634779,0.003965,0.491268,0.004645,0.152209,0.002270,0.146100,0.002111,0.522339,0.002606,0.500815,0.002882,0.129525,0.001419,0.275131,0.001353,0.070007,0.001599,0.086374,0.001679,0.453537,0.002835,80
conformal_intervention_filter,tool_use_correction,noisy_observation,long_horizon_recovery,0.579257,0.004042,0.287481,0.005276,0.179280,0.002346,0.252008,0.002534,0.506343,0.002658,0.446245,0.002598,0.141627,0.001289,0.372187,0.001513,0.066913,0.001539,0.108316,0.001370,0.452877,0.002736,80
conformal_intervention_filter,tool_use_correction,noisy_observation,new_operator_interventions,0.602397,0.003964,0.369437,0.004731,0.175288,0.002059,0.206162,0.002376,0.502915,0.002699,0.485125,0.002580,0.143356,0.001612,0.315267,0.001406,0.068714,0.001796,0.099661,0.001499,0.454386,0.002374,80
conformal_intervention_filter,tool_use_correction,noisy_observation,sparse_feedback,0.572633,0.004360,0.259624,0.005115,0.217133,0.002498,0.239596,0.002077,0.493930,0.002540,0.477930,0.002828,0.150186,0.001118,0.381823,0.001661,0.066738,0.001452,0.113024,0.001412,0.453217,0.002355,80
conformal_intervention_filter,tool_use_correction,nominal,combined_stress,0.593818,0.003966,0.335183,0.004845,0.143419,0.002534,0.256521,0.001961,0.536280,0.002813,0.476474,0.002929,0.141245,0.001235,0.403574,0.001348,0.067563,0.001564,0.097767,0.001473,0.493935,0.002626,80
conformal_intervention_filter,tool_use_correction,nominal,in_distribution,0.687627,0.003642,0.674187,0.004377,0.080618,0.002059,0.095243,0.002298,0.577455,0.002460,0.533173,0.002632,0.111760,0.001259,0.257849,0.001563,0.076078,0.001552,0.060747,0.001498,0.493158,0.002399,80
conformal_intervention_filter,tool_use_correction,nominal,long_horizon_recovery,0.629005,0.003527,0.473884,0.004372,0.104915,0.002173,0.199426,0.002261,0.561349,0.002485,0.481141,0.002589,0.122757,0.001148,0.353518,0.001359,0.069722,0.001551,0.080211,0.001510,0.494616,0.002443,80
conformal_intervention_filter,tool_use_correction,nominal,new_operator_interventions,0.650708,0.003919,0.553868,0.004609,0.099425,0.002258,0.153729,0.002041,0.560281,0.002885,0.520903,0.002818,0.125263,0.001396,0.297990,0.001637,0.072234,0.001525,0.074365,0.001371,0.497087,0.002441,80
conformal_intervention_filter,tool_use_correction,nominal,sparse_feedback,0.623248,0.004475,0.445215,0.005260,0.140849,0.002624,0.188336,0.002408,0.548519,0.002780,0.509807,0.002699,0.131929,0.001217,0.363517,0.001519,0.069015,0.001433,0.086570,0.001522,0.494575,0.002772,80
conformal_intervention_filter,tool_use_correction,physical_rule_violation,combined_stress,0.503645,0.004133,0.012492,0.005077,0.209894,0.001988,0.401436,0.002212,0.487027,0.002656,0.382849,0.002655,0.192699,0.001209,0.416901,0.001559,0.062359,0.001378,0.137029,0.001520,0.461079,0.002480,80
conformal_intervention_filter,tool_use_correction,physical_rule_violation,in_distribution,0.598128,0.004019,0.347780,0.005645,0.148714,0.002411,0.242385,0.002353,0.530448,0.002426,0.437645,0.002618,0.164027,0.001314,0.271156,0.001425,0.068546,0.001457,0.103351,0.001621,0.456135,0.002333,80
conformal_intervention_filter,tool_use_correction,physical_rule_violation,long_horizon_recovery,0.542366,0.004179,0.149760,0.005323,0.174214,0.002499,0.345187,0.002172,0.512309,0.002491,0.387338,0.002710,0.175094,0.001442,0.367993,0.001276,0.064601,0.001621,0.122676,0.001452,0.459062,0.002592,80
conformal_intervention_filter,tool_use_correction,physical_rule_violation,new_operator_interventions,0.562539,0.003546,0.225651,0.004732,0.168369,0.002610,0.303677,0.002037,0.508452,0.002965,0.427033,0.002586,0.177670,0.001469,0.311078,0.001532,0.066348,0.001509,0.115277,0.001417,0.458385,0.002894,80
conformal_intervention_filter,tool_use_correction,physical_rule_violation,sparse_feedback,0.532845,0.004152,0.116662,0.005225,0.211244,0.002026,0.333315,0.002136,0.497131,0.003017,0.416776,0.002794,0.184329,0.001261,0.378996,0.001332,0.065418,0.001535,0.127736,0.001630,0.457515,0.002419,80
ensemble_disagreement_revision,bin_packing_recovery,actuator_model_break,combined_stress,0.458667,0.003903,-0.181304,0.004842,0.250298,0.002112,0.472457,0.002433,0.445480,0.002909,0.340150,0.002997,0.243709,0.001291,0.414524,0.001547,0.065083,0.001577,0.174397,0.001393,0.428676,0.003020,80
ensemble_disagreement_revision,bin_packing_recovery,actuator_model_break,in_distribution,0.550897,0.003962,0.153563,0.004888,0.191023,0.002128,0.309179,0.002023,0.489564,0.002689,0.395164,0.002445,0.214830,0.001263,0.268585,0.001384,0.071770,0.001747,0.141856,0.001390,0.425546,0.002659,80
ensemble_disagreement_revision,bin_packing_recovery,actuator_model_break,long_horizon_recovery,0.498022,0.003670,-0.046247,0.004448,0.215926,0.001967,0.417186,0.002171,0.470976,0.002789,0.346383,0.002902,0.227863,0.001340,0.366832,0.001449,0.067400,0.001563,0.160925,0.001485,0.428627,0.002669,80
ensemble_disagreement_revision,bin_packing_recovery,actuator_model_break,new_operator_interventions,0.519864,0.003826,0.038162,0.004480,0.209226,0.002192,0.370286,0.001973,0.470581,0.002619,0.385912,0.002492,0.229311,0.001288,0.309019,0.001405,0.069600,0.001714,0.151724,0.001499,0.428676,0.002677,80
ensemble_disagreement_revision,bin_packing_recovery,actuator_model_break,sparse_feedback,0.490582,0.003955,-0.071139,0.004945,0.250749,0.001996,0.401843,0.002383,0.457972,0.002939,0.374058,0.002698,0.235987,0.001390,0.374387,0.001548,0.066828,0.001633,0.165481,0.001388,0.427581,0.002616,80
ensemble_disagreement_revision,bin_packing_recovery,combined_intervention_stress,combined_stress,0.364082,0.004069,-0.538431,0.004463,0.433092,0.002161,0.536712,0.002204,0.320884,0.002669,0.298993,0.002627,0.269207,0.001377,0.442900,0.001385,0.061525,0.001015,0.252450,0.001423,0.335108,0.002351,80
ensemble_disagreement_revision,bin_packing_recovery,combined_intervention_stress,in_distribution,0.454584,0.004383,-0.201446,0.005289,0.369482,0.002113,0.377138,0.002212,0.364600,0.002681,0.352366,0.002440,0.238578,0.001304,0.295627,0.001502,0.065471,0.001554,0.216424,0.001568,0.337435,0.002351,80
ensemble_disagreement_revision,bin_packing_recovery,combined_intervention_stress,long_horizon_recovery,0.404612,0.003580,-0.400094,0.004141,0.396905,0.002076,0.481251,0.002181,0.346754,0.002450,0.299403,0.002196,0.252172,0.001409,0.394692,0.001685,0.062852,0.001272,0.237193,0.001309,0.336290,0.002809,80
ensemble_disagreement_revision,bin_packing_recovery,combined_intervention_stress,new_operator_interventions,0.422847,0.003424,-0.323446,0.004020,0.391818,0.002307,0.438684,0.001802,0.345247,0.002469,0.341821,0.002291,0.253966,0.001483,0.336575,0.001680,0.063585,0.001386,0.229652,0.001479,0.336459,0.002696,80
ensemble_disagreement_revision,bin_packing_recovery,combined_intervention_stress,sparse_feedback,0.392938,0.003656,-0.430853,0.004932,0.432176,0.001915,0.469742,0.001905,0.335532,0.002558,0.331992,0.002462,0.260334,0.001304,0.402747,0.001502,0.062902,0.001164,0.241906,0.001319,0.336066,0.002658,80
ensemble_disagreement_revision,bin_packing_recovery,contact_precondition_failure,combined_stress,0.473897,0.004564,-0.134649,0.005477,0.240307,0.002637,0.453882,0.002007,0.457606,0.002883,0.355553,0.002808,0.238821,0.001325,0.411612,0.001539,0.066136,0.001487,0.170756,0.001349,0.435079,0.002759,80
ensemble_disagreement_revision,bin_packing_recovery,contact_precondition_failure,in_distribution,0.562030,0.003826,0.195963,0.004316,0.178300,0.002196,0.294082,0.002062,0.500560,0.002495,0.407599,0.002475,0.209327,0.001260,0.265445,0.001557,0.073565,0.001772,0.136498,0.001471,0.435436,0.002796,80
ensemble_disagreement_revision,bin_packing_recovery,contact_precondition_failure,long_horizon_recovery,0.511150,0.003595,-0.000223,0.004853,0.203489,0.002269,0.397977,0.002226,0.482833,0.002693,0.354139,0.002425,0.221901,0.001519,0.363321,0.001366,0.068113,0.001643,0.156476,0.001613,0.433818,0.002534,80
ensemble_disagreement_revision,bin_packing_recovery,contact_precondition_failure,new_operator_interventions,0.529431,0.004089,0.078967,0.004586,0.196894,0.002363,0.353471,0.002058,0.479145,0.003380,0.397147,0.002552,0.222493,0.001068,0.305188,0.001640,0.069471,0.001727,0.149187,0.001324,0.433581,0.002410,80
ensemble_disagreement_revision,bin_packing_recovery,contact_precondition_failure,sparse_feedback,0.501128,0.003480,-0.031613,0.004731,0.240597,0.002116,0.387133,0.002190,0.467292,0.002758,0.386336,0.002843,0.229298,0.001435,0.370623,0.001535,0.068071,0.001581,0.162253,0.001620,0.435166,0.002440,80
ensemble_disagreement_revision,bin_packing_recovery,environment_change_intervention,combined_stress,0.449292,0.003585,-0.231809,0.004331,0.273322,0.001933,0.487202,0.002014,0.429330,0.002708,0.332544,0.002547,0.250038,0.001379,0.416203,0.001393,0.065442,0.001335,0.186761,0.001479,0.419558,0.002985,80
ensemble_disagreement_revision,bin_packing_recovery,environment_change_intervention,in_distribution,0.537944,0.004600,0.099596,0.004921,0.210837,0.001979,0.327210,0.002085,0.476241,0.002651,0.385250,0.002859,0.221781,0.001456,0.270944,0.001542,0.071752,0.001829,0.152827,0.001497,0.417898,0.002876,80
ensemble_disagreement_revision,bin_packing_recovery,environment_change_intervention,long_horizon_recovery,0.480447,0.004101,-0.101947,0.005345,0.236555,0.002295,0.431944,0.002379,0.458519,0.002683,0.334262,0.002873,0.234051,0.001373,0.367089,0.001565,0.067034,0.001391,0.171529,0.001643,0.420653,0.002491,80
ensemble_disagreement_revision,bin_packing_recovery,environment_change_intervention,new_operator_interventions,0.505814,0.003995,-0.016164,0.004714,0.230747,0.002026,0.384026,0.001972,0.454562,0.002880,0.374503,0.002634,0.236230,0.001453,0.310921,0.001418,0.068435,0.001698,0.163592,0.001241,0.418537,0.002753,80
ensemble_disagreement_revision,bin_packing_recovery,environment_change_intervention,sparse_feedback,0.475502,0.003866,-0.129687,0.004594,0.274260,0.002264,0.420640,0.001981,0.445624,0.002772,0.362431,0.002623,0.241643,0.001315,0.376604,0.001532,0.066359,0.001521,0.177640,0.001350,0.419057,0.002575,80
ensemble_disagreement_revision,bin_packing_recovery,false_human_hint,combined_stress,0.477219,0.003486,-0.122641,0.004382,0.330651,0.002091,0.365610,0.002125,0.396700,0.002294,0.412331,0.002817,0.206555,0.001216,0.422350,0.001479,0.065201,0.001515,0.197988,0.001181,0.394196,0.002338,80
ensemble_disagreement_revision,bin_packing_recovery,false_human_hint,in_distribution,0.572482,0.003701,0.216708,0.004943,0.267880,0.002267,0.204018,0.002141,0.443050,0.002519,0.462487,0.002384,0.177951,0.001393,0.275073,0.001608,0.074072,0.001928,0.162430,0.001427,0.391737,0.002565,80
ensemble_disagreement_revision,bin_packing_recovery,false_human_hint,long_horizon_recovery,0.518472,0.003479,0.017022,0.004442,0.294088,0.002165,0.308346,0.002015,0.420566,0.002383,0.413329,0.002702,0.190182,0.001332,0.371637,0.001486,0.069410,0.001666,0.182212,0.001527,0.391949,0.003063,80
ensemble_disagreement_revision,bin_packing_recovery,false_human_hint,new_operator_interventions,0.537425,0.004169,0.097159,0.004873,0.288205,0.002472,0.262538,0.002211,0.424050,0.002729,0.452299,0.002912,0.191323,0.001424,0.315411,0.001658,0.071497,0.001644,0.174841,0.001459,0.391594,0.002605,80
ensemble_disagreement_revision,bin_packing_recovery,false_human_hint,sparse_feedback,0.511533,0.003934,-0.008865,0.004842,0.329513,0.002320,0.296053,0.002137,0.411768,0.002582,0.443071,0.002743,0.198086,0.001236,0.381059,0.001262,0.069464,0.001586,0.186868,0.001427,0.391412,0.002650,80
ensemble_disagreement_revision,bin_packing_recovery,noisy_observation,combined_stress,0.512178,0.003804,0.014287,0.004128,0.255637,0.002146,0.342925,0.002523,0.442643,0.002793,0.425681,0.002614,0.199018,0.001189,0.415976,0.001609,0.070088,0.001569,0.157308,0.001439,0.425459,0.002606,80
ensemble_disagreement_revision,bin_packing_recovery,noisy_observation,in_distribution,0.602666,0.003877,0.348941,0.004761,0.194244,0.002168,0.181068,0.002235,0.485358,0.002471,0.477817,0.002227,0.168806,0.001220,0.271686,0.001542,0.076379,0.001804,0.121848,0.001382,0.425324,0.002810,80
ensemble_disagreement_revision,bin_packing_recovery,noisy_observation,long_horizon_recovery,0.552607,0.003701,0.152536,0.005080,0.220331,0.002448,0.285729,0.002103,0.467527,0.002262,0.426137,0.002256,0.182919,0.001271,0.368834,0.001563,0.071195,0.001718,0.140706,0.001566,0.425732,0.002747,80
ensemble_disagreement_revision,bin_packing_recovery,noisy_observation,new_operator_interventions,0.571771,0.003897,0.230293,0.004579,0.214904,0.001961,0.241084,0.001943,0.461410,0.002740,0.467171,0.002519,0.183105,0.001202,0.310839,0.001610,0.072632,0.001741,0.135276,0.001303,0.424364,0.002574,80
ensemble_disagreement_revision,bin_packing_recovery,noisy_observation,sparse_feedback,0.542633,0.003923,0.123060,0.004779,0.254622,0.001794,0.274387,0.002158,0.453438,0.002504,0.458313,0.002789,0.190226,0.001249,0.377320,0.001364,0.071553,0.001367,0.146650,0.001562,0.425316,0.002728,80
ensemble_disagreement_revision,bin_packing_recovery,nominal,combined_stress,0.558885,0.004024,0.192711,0.004982,0.184005,0.002111,0.292558,0.002205,0.497850,0.002377,0.458874,0.002366,0.180238,0.001207,0.398608,0.001611,0.071037,0.001711,0.132475,0.001195,0.466976,0.002711,80
ensemble_disagreement_revision,bin_packing_recovery,nominal,in_distribution,0.653061,0.004142,0.527154,0.004538,0.124042,0.002163,0.132341,0.002248,0.541922,0.002902,0.510474,0.002455,0.152011,0.001460,0.253388,0.001452,0.078925,0.001605,0.098376,0.001457,0.467651,0.003199,80
ensemble_disagreement_revision,bin_packing_recovery,nominal,long_horizon_recovery,0.599544,0.003970,0.331724,0.004608,0.147486,0.002288,0.236430,0.002261,0.522925,0.002839,0.460310,0.002865,0.162537,0.001500,0.351051,0.001527,0.075473,0.001753,0.116371,0.001674,0.466127,0.002341,80
ensemble_disagreement_revision,bin_packing_recovery,nominal,new_operator_interventions,0.618215,0.003821,0.409249,0.004758,0.141337,0.002057,0.189948,0.002038,0.520533,0.002784,0.499406,0.002204,0.166129,0.001315,0.293507,0.001735,0.077857,0.001972,0.109682,0.001553,0.467561,0.002606,80
ensemble_disagreement_revision,bin_packing_recovery,nominal,sparse_feedback,0.588387,0.004110,0.300624,0.004788,0.183538,0.002507,0.222338,0.002346,0.510395,0.002749,0.487171,0.002439,0.172267,0.001480,0.360053,0.001568,0.074308,0.001598,0.120501,0.001456,0.468797,0.002492,80
ensemble_disagreement_revision,bin_packing_recovery,physical_rule_violation,combined_stress,0.476673,0.004104,-0.124625,0.004336,0.251101,0.002028,0.437742,0.001965,0.449266,0.002816,0.365349,0.002584,0.232147,0.001591,0.414158,0.001501,0.066135,0.001601,0.173180,0.001590,0.429256,0.002483,80
ensemble_disagreement_revision,bin_packing_recovery,physical_rule_violation,in_distribution,0.567346,0.003579,0.211099,0.004563,0.188958,0.002249,0.275148,0.002119,0.489718,0.002811,0.417481,0.002748,0.203110,0.001166,0.266449,0.001538,0.073503,0.001837,0.136516,0.001456,0.430320,0.002883,80
ensemble_disagreement_revision,bin_packing_recovery,physical_rule_violation,long_horizon_recovery,0.512927,0.004610,0.008113,0.005056,0.214548,0.002258,0.382105,0.001965,0.472270,0.002157,0.364265,0.002471,0.215516,0.001315,0.364170,0.001508,0.069532,0.001700,0.159173,0.001432,0.430692,0.002755,80
ensemble_disagreement_revision,bin_packing_recovery,physical_rule_violation,new_operator_interventions,0.536272,0.003762,0.092261,0.004705,0.207510,0.001960,0.337112,0.001985,0.470345,0.002552,0.405784,0.002624,0.217727,0.001427,0.307555,0.001481,0.070181,0.001785,0.149541,0.001446,0.427650,0.002665,80
ensemble_disagreement_revision,bin_packing_recovery,physical_rule_violation,sparse_feedback,0.504251,0.004199,-0.020605,0.004480,0.252356,0.001950,0.371076,0.002485,0.460690,0.002439,0.398756,0.003280,0.222787,0.001272,0.372428,0.001630,0.069013,0.001700,0.163164,0.001356,0.427199,0.002737,80
ensemble_disagreement_revision,deformable_contact_replan,actuator_model_break,combined_stress,0.461370,0.003927,-0.174131,0.004510,0.252787,0.002155,0.472895,0.002248,0.446502,0.002402,0.343545,0.002996,0.234976,0.001403,0.415843,0.001469,0.065653,0.001460,0.175787,0.001180,0.430037,0.002454,80
ensemble_disagreement_revision,deformable_contact_replan,actuator_model_break,in_distribution,0.553618,0.003834,0.165629,0.004773,0.189610,0.002297,0.308264,0.002259,0.491244,0.002453,0.396029,0.002646,0.205589,0.001253,0.267649,0.001499,0.071281,0.001589,0.142070,0.001592,0.429400,0.002974,80
ensemble_disagreement_revision,deformable_contact_replan,actuator_model_break,long_horizon_recovery,0.499060,0.003964,-0.035189,0.004900,0.214902,0.002252,0.416066,0.002468,0.472130,0.002642,0.346322,0.002242,0.217973,0.001308,0.364104,0.001566,0.066867,0.001531,0.160536,0.001330,0.431211,0.002317,80
ensemble_disagreement_revision,deformable_contact_replan,actuator_model_break,new_operator_interventions,0.522229,0.003686,0.045883,0.004566,0.208460,0.002290,0.371165,0.002117,0.469204,0.002226,0.383801,0.002476,0.219437,0.001552,0.307611,0.001426,0.068931,0.001845,0.154367,0.001355,0.427088,0.002399,80
ensemble_disagreement_revision,deformable_contact_replan,actuator_model_break,sparse_feedback,0.492227,0.004106,-0.063331,0.004459,0.252284,0.002179,0.403503,0.002247,0.458797,0.002458,0.376204,0.002246,0.225198,0.001295,0.373188,0.001526,0.067566,0.001829,0.166484,0.001503,0.428866,0.003002,80
ensemble_disagreement_revision,deformable_contact_replan,combined_intervention_stress,combined_stress,0.365891,0.004141,-0.529216,0.004604,0.432169,0.002300,0.537830,0.002506,0.321808,0.002741,0.298043,0.002656,0.258995,0.001274,0.443785,0.001379,0.062814,0.001162,0.250765,0.001429,0.335773,0.002851,80
ensemble_disagreement_revision,deformable_contact_replan,combined_intervention_stress,in_distribution,0.462281,0.003719,-0.187711,0.005148,0.369826,0.002174,0.377188,0.002495,0.365505,0.002672,0.352274,0.002688,0.230097,0.001244,0.297044,0.001374,0.066100,0.001579,0.215224,0.001469,0.338702,0.002980,80
ensemble_disagreement_revision,deformable_contact_replan,combined_intervention_stress,long_horizon_recovery,0.405079,0.003603,-0.392925,0.004791,0.398465,0.001954,0.482976,0.002406,0.347849,0.002690,0.302589,0.002587,0.241288,0.001287,0.393774,0.001595,0.063122,0.001313,0.237370,0.001403,0.336046,0.003253,80
ensemble_disagreement_revision,deformable_contact_replan,combined_intervention_stress,new_operator_interventions,0.425242,0.004300,-0.310866,0.005167,0.389849,0.002151,0.436798,0.002230,0.346018,0.002702,0.339817,0.002841,0.243399,0.001229,0.335267,0.001578,0.063531,0.001264,0.228830,0.001496,0.332897,0.002697,80
ensemble_disagreement_revision,deformable_contact_replan,combined_intervention_stress,sparse_feedback,0.399343,0.004649,-0.419226,0.005114,0.433769,0.002438,0.470597,0.002302,0.336165,0.002340,0.327614,0.002502,0.249463,0.001403,0.404212,0.001480,0.062342,0.001149,0.241134,0.001222,0.334714,0.002474,80
ensemble_disagreement_revision,deformable_contact_replan,contact_precondition_failure,combined_stress,0.473485,0.004076,-0.128835,0.005406,0.239576,0.002340,0.455947,0.002246,0.456270,0.002822,0.353966,0.002527,0.227592,0.001180,0.412195,0.001668,0.064524,0.001391,0.171675,0.001549,0.435175,0.002431,80
ensemble_disagreement_revision,deformable_contact_replan,contact_precondition_failure,in_distribution,0.562977,0.004090,0.203178,0.004768,0.177836,0.002355,0.294737,0.001979,0.500247,0.002474,0.406029,0.002985,0.199689,0.001192,0.264084,0.001585,0.073449,0.001740,0.137544,0.001410,0.435454,0.002652,80
ensemble_disagreement_revision,deformable_contact_replan,contact_precondition_failure,long_horizon_recovery,0.517147,0.003095,0.011494,0.003785,0.203888,0.002190,0.399955,0.002080,0.482802,0.002432,0.354184,0.002671,0.212159,0.001366,0.362724,0.001386,0.067631,0.001595,0.156752,0.001317,0.437019,0.002875,80
ensemble_disagreement_revision,deformable_contact_replan,contact_precondition_failure,new_operator_interventions,0.534252,0.004315,0.090555,0.004390,0.199145,0.002150,0.352836,0.002341,0.480008,0.002244,0.396363,0.002315,0.212541,0.001417,0.304107,0.001500,0.068503,0.001832,0.149626,0.001435,0.436827,0.002591,80
ensemble_disagreement_revision,deformable_contact_replan,contact_precondition_failure,sparse_feedback,0.504043,0.003693,-0.021756,0.004831,0.241179,0.002471,0.386712,0.002203,0.468986,0.002551,0.386342,0.002481,0.219544,0.001386,0.371610,0.001537,0.068915,0.001503,0.162618,0.001400,0.437315,0.002584,80
ensemble_disagreement_revision,deformable_contact_replan,environment_change_intervention,combined_stress,0.450908,0.003404,-0.222805,0.004558,0.272188,0.002204,0.489331,0.002296,0.433897,0.002541,0.332989,0.002457,0.240612,0.001389,0.416337,0.001589,0.064178,0.001133,0.186784,0.001464,0.419736,0.002990,80
ensemble_disagreement_revision,deformable_contact_replan,environment_change_intervention,in_distribution,0.544066,0.004255,0.112546,0.004968,0.210664,0.002095,0.325543,0.002209,0.473120,0.002536,0.383367,0.002462,0.212971,0.001228,0.269075,0.001528,0.072382,0.001775,0.152172,0.001380,0.416504,0.002733,80
ensemble_disagreement_revision,deformable_contact_replan,environment_change_intervention,long_horizon_recovery,0.485586,0.004464,-0.088404,0.005130,0.235523,0.002229,0.431610,0.002148,0.457353,0.002611,0.334497,0.002635,0.222984,0.001518,0.369411,0.001436,0.066868,0.001423,0.170014,0.001288,0.418936,0.002401,80
ensemble_disagreement_revision,deformable_contact_replan,environment_change_intervention,new_operator_interventions,0.504612,0.003779,-0.011159,0.004621,0.228747,0.002377,0.386765,0.001881,0.455146,0.002379,0.374186,0.002478,0.226135,0.001220,0.311125,0.001387,0.068260,0.001810,0.164116,0.001566,0.416144,0.003125,80
ensemble_disagreement_revision,deformable_contact_replan,environment_change_intervention,sparse_feedback,0.481800,0.003801,-0.114023,0.004443,0.272565,0.002181,0.419846,0.002107,0.445379,0.002637,0.361623,0.002556,0.230614,0.001242,0.378690,0.001306,0.066367,0.001443,0.176172,0.001329,0.420148,0.002683,80
ensemble_disagreement_revision,deformable_contact_replan,false_human_hint,combined_stress,0.482513,0.004138,-0.109415,0.004186,0.330772,0.002282,0.365094,0.002122,0.397314,0.002832,0.411266,0.002694,0.195636,0.001278,0.420556,0.001558,0.067740,0.001787,0.197790,0.001452,0.393562,0.002714,80
ensemble_disagreement_revision,deformable_contact_replan,false_human_hint,in_distribution,0.575181,0.003832,0.227294,0.004537,0.267832,0.002198,0.202704,0.002100,0.439070,0.002596,0.463787,0.002552,0.167763,0.001277,0.273588,0.001561,0.072797,0.001770,0.162923,0.001480,0.390652,0.002590,80
ensemble_disagreement_revision,deformable_contact_replan,false_human_hint,long_horizon_recovery,0.520528,0.004181,0.026877,0.004999,0.294387,0.001920,0.308781,0.002180,0.423770,0.002588,0.413203,0.002846,0.179155,0.001417,0.372000,0.001250,0.068892,0.001597,0.182885,0.001350,0.391182,0.002555,80
ensemble_disagreement_revision,deformable_contact_replan,false_human_hint,new_operator_interventions,0.540622,0.003647,0.107237,0.004413,0.287992,0.002079,0.263822,0.001965,0.420294,0.002449,0.453847,0.002780,0.181102,0.001315,0.313997,0.001369,0.071268,0.001584,0.174094,0.001586,0.393466,0.002638,80
ensemble_disagreement_revision,deformable_contact_replan,false_human_hint,sparse_feedback,0.509734,0.004129,-0.005014,0.004554,0.330538,0.002278,0.296900,0.001893,0.411100,0.002380,0.444390,0.002964,0.188680,0.001276,0.380987,0.001522,0.069357,0.001619,0.186874,0.001401,0.390450,0.002632,80
ensemble_disagreement_revision,deformable_contact_replan,noisy_observation,combined_stress,0.513556,0.003404,0.022718,0.004225,0.257324,0.002424,0.341387,0.002332,0.440381,0.002870,0.427408,0.002482,0.187858,0.001240,0.418568,0.001645,0.070226,0.001567,0.157261,0.001369,0.424039,0.002464,80
ensemble_disagreement_revision,deformable_contact_replan,noisy_observation,in_distribution,0.604999,0.004398,0.357380,0.005309,0.194436,0.002041,0.183493,0.002362,0.484556,0.002345,0.479549,0.002443,0.157983,0.001499,0.271493,0.001472,0.076011,0.001688,0.122041,0.001580,0.424775,0.002570,80
ensemble_disagreement_revision,deformable_contact_replan,noisy_observation,long_horizon_recovery,0.550686,0.003924,0.156725,0.004907,0.220899,0.001986,0.285985,0.002207,0.467032,0.002862,0.425121,0.002977,0.172712,0.001210,0.368841,0.001464,0.071591,0.001772,0.141459,0.001246,0.425675,0.002691,80
ensemble_disagreement_revision,deformable_contact_replan,noisy_observation,new_operator_interventions,0.572979,0.003683,0.240265,0.004524,0.215140,0.002323,0.242091,0.002234,0.465287,0.002854,0.469475,0.002745,0.173379,0.001375,0.310288,0.001354,0.071394,0.001540,0.134175,0.001400,0.427829,0.002554,80
ensemble_disagreement_revision,deformable_contact_replan,noisy_observation,sparse_feedback,0.545733,0.004337,0.132268,0.005731,0.255207,0.002170,0.274652,0.002527,0.452866,0.002735,0.456993,0.002407,0.179692,0.001327,0.377663,0.001900,0.073590,0.001568,0.146433,0.001544,0.424991,0.002543,80
ensemble_disagreement_revision,deformable_contact_replan,nominal,combined_stress,0.564560,0.003964,0.207460,0.004924,0.181885,0.002040,0.291240,0.001998,0.496679,0.003104,0.457949,0.002660,0.170365,0.001241,0.399231,0.001514,0.071505,0.001716,0.130667,0.001316,0.465204,0.002586,80
ensemble_disagreement_revision,deformable_contact_replan,nominal,in_distribution,0.652403,0.003806,0.538200,0.004959,0.120537,0.002414,0.129916,0.002473,0.539165,0.002474,0.510534,0.002397,0.141704,0.001364,0.254283,0.001500,0.079512,0.002019,0.094888,0.001421,0.466976,0.002648,80
ensemble_disagreement_revision,deformable_contact_replan,nominal,long_horizon_recovery,0.603650,0.003508,0.340464,0.004594,0.146957,0.001967,0.237241,0.002379,0.521077,0.002672,0.459391,0.002878,0.154711,0.001428,0.352377,0.001572,0.074851,0.001678,0.115923,0.001572,0.466129,0.002463,80
ensemble_disagreement_revision,deformable_contact_replan,nominal,new_operator_interventions,0.624088,0.004278,0.424740,0.005155,0.138986,0.002222,0.191225,0.002216,0.518353,0.002650,0.499772,0.002467,0.154242,0.001421,0.291360,0.001514,0.078164,0.001719,0.108235,0.001555,0.467080,0.002470,80
ensemble_disagreement_revision,deformable_contact_replan,nominal,sparse_feedback,0.593768,0.004048,0.313889,0.005028,0.182613,0.002556,0.222845,0.002346,0.508976,0.002553,0.490663,0.002586,0.161053,0.001322,0.360406,0.001730,0.075667,0.001747,0.120796,0.001474,0.466389,0.002782,80
ensemble_disagreement_revision,deformable_contact_replan,physical_rule_violation,combined_stress,0.475593,0.004615,-0.119518,0.005715,0.251343,0.002814,0.436355,0.002409,0.448653,0.002363,0.362560,0.002892,0.223533,0.001305,0.414226,0.001480,0.066316,0.001646,0.173281,0.001589,0.429259,0.002869,80
ensemble_disagreement_revision,deformable_contact_replan,physical_rule_violation,in_distribution,0.576377,0.004508,0.225546,0.004859,0.189835,0.002180,0.276249,0.001739,0.492358,0.002559,0.417227,0.002669,0.194749,0.001364,0.266579,0.001504,0.071225,0.001614,0.136887,0.001255,0.430804,0.002992,80
ensemble_disagreement_revision,deformable_contact_replan,physical_rule_violation,long_horizon_recovery,0.513245,0.003680,0.017465,0.004525,0.215906,0.002210,0.379856,0.002247,0.473942,0.003056,0.365581,0.002476,0.206398,0.001261,0.363629,0.001377,0.069377,0.001661,0.156762,0.001596,0.429367,0.002707,80
ensemble_disagreement_revision,deformable_contact_replan,physical_rule_violation,new_operator_interventions,0.535927,0.004051,0.098707,0.004632,0.209419,0.002068,0.335973,0.002089,0.471776,0.002690,0.405147,0.002497,0.207587,0.001546,0.307060,0.001627,0.071917,0.001588,0.149784,0.001394,0.427521,0.002778,80
ensemble_disagreement_revision,deformable_contact_replan,physical_rule_violation,sparse_feedback,0.506139,0.003850,-0.010531,0.004490,0.249985,0.001686,0.369451,0.002259,0.460025,0.002801,0.395790,0.002868,0.213453,0.001440,0.374466,0.001744,0.069104,0.001779,0.163599,0.001335,0.431592,0.003114,80
ensemble_disagreement_revision,mobile_base_intervention,actuator_model_break,combined_stress,0.466581,0.003735,-0.145934,0.004483,0.251793,0.002171,0.471946,0.002115,0.446195,0.002510,0.342407,0.002558,0.204363,0.001169,0.414646,0.001343,0.065137,0.001351,0.176253,0.001384,0.428766,0.002658,80
ensemble_disagreement_revision,mobile_base_intervention,actuator_model_break,in_distribution,0.562909,0.004001,0.196062,0.004972,0.187307,0.002087,0.310755,0.002207,0.489515,0.002762,0.396847,0.002850,0.175750,0.001178,0.269057,0.001742,0.072388,0.001794,0.139985,0.001219,0.430458,0.002304,80
ensemble_disagreement_revision,mobile_base_intervention,actuator_model_break,long_horizon_recovery,0.510727,0.004365,-0.003665,0.005123,0.216398,0.002342,0.415421,0.002028,0.471947,0.002882,0.343434,0.002662,0.187336,0.001407,0.365939,0.001763,0.067129,0.001245,0.160374,0.001390,0.427707,0.002419,80
ensemble_disagreement_revision,mobile_base_intervention,actuator_model_break,new_operator_interventions,0.532539,0.004351,0.079175,0.004427,0.208710,0.001990,0.370029,0.002397,0.469516,0.002555,0.384527,0.002596,0.189588,0.001335,0.308461,0.001668,0.069166,0.001768,0.152550,0.001425,0.430350,0.002710,80
ensemble_disagreement_revision,mobile_base_intervention,actuator_model_break,sparse_feedback,0.500595,0.003313,-0.031963,0.004666,0.250346,0.002182,0.401451,0.002127,0.459658,0.002539,0.374787,0.002778,0.195954,0.001139,0.376624,0.001558,0.068045,0.001620,0.165510,0.001458,0.430449,0.002559,80
ensemble_disagreement_revision,mobile_base_intervention,combined_intervention_stress,combined_stress,0.375365,0.003770,-0.501695,0.004356,0.436748,0.002304,0.537547,0.002369,0.322050,0.002289,0.301060,0.002642,0.230062,0.001359,0.443701,0.001452,0.062953,0.001108,0.252994,0.001236,0.338441,0.002487,80
ensemble_disagreement_revision,mobile_base_intervention,combined_intervention_stress,in_distribution,0.469662,0.003330,-0.160776,0.004677,0.370693,0.002387,0.377377,0.002157,0.364833,0.002340,0.351451,0.002698,0.199195,0.001121,0.296830,0.001682,0.066612,0.001541,0.217893,0.001444,0.335035,0.002615,80
ensemble_disagreement_revision,mobile_base_intervention,combined_intervention_stress,long_horizon_recovery,0.415758,0.003448,-0.359245,0.004014,0.397578,0.002270,0.481385,0.002204,0.347416,0.002506,0.302233,0.002733,0.211549,0.001157,0.393698,0.001510,0.063633,0.001354,0.235949,0.001373,0.334114,0.002466,80
ensemble_disagreement_revision,mobile_base_intervention,combined_intervention_stress,new_operator_interventions,0.436528,0.003425,-0.279496,0.004470,0.389740,0.002492,0.438301,0.002195,0.345727,0.002525,0.341768,0.002741,0.213902,0.001262,0.337381,0.001513,0.063312,0.001378,0.228695,0.001605,0.334355,0.002653,80
ensemble_disagreement_revision,mobile_base_intervention,combined_intervention_stress,sparse_feedback,0.407720,0.003769,-0.389220,0.005029,0.432618,0.002472,0.471311,0.001942,0.335126,0.002614,0.333347,0.002944,0.220684,0.001281,0.404367,0.001488,0.063552,0.001277,0.240855,0.001331,0.334864,0.002784,80
ensemble_disagreement_revision,mobile_base_intervention,contact_precondition_failure,combined_stress,0.478683,0.004034,-0.100882,0.004786,0.239402,0.002358,0.453616,0.001923,0.457830,0.003065,0.354061,0.002321,0.199092,0.001464,0.411075,0.001592,0.066409,0.001640,0.170951,0.001404,0.435025,0.002263,80
ensemble_disagreement_revision,mobile_base_intervention,contact_precondition_failure,in_distribution,0.575031,0.004778,0.238089,0.005003,0.177508,0.002197,0.293657,0.002001,0.498981,0.003050,0.404548,0.002564,0.169520,0.001377,0.262894,0.001405,0.071232,0.001677,0.136798,0.001224,0.435263,0.002678,80
ensemble_disagreement_revision,mobile_base_intervention,contact_precondition_failure,long_horizon_recovery,0.521023,0.003392,0.036645,0.004019,0.205844,0.002249,0.397956,0.002083,0.482501,0.003130,0.354422,0.002583,0.182374,0.001292,0.361973,0.001511,0.068099,0.001484,0.157387,0.001358,0.436059,0.002585,80
ensemble_disagreement_revision,mobile_base_intervention,contact_precondition_failure,new_operator_interventions,0.540182,0.003421,0.116018,0.004219,0.198421,0.002289,0.354340,0.002297,0.475868,0.002667,0.395578,0.002492,0.183347,0.001090,0.304089,0.001385,0.068776,0.001615,0.148318,0.001379,0.435852,0.002438,80
ensemble_disagreement_revision,mobile_base_intervention,contact_precondition_failure,sparse_feedback,0.512025,0.003735,0.009175,0.004953,0.239265,0.002162,0.385767,0.002323,0.470300,0.002767,0.384368,0.002793,0.190376,0.001292,0.370341,0.001485,0.069375,0.001562,0.161960,0.001410,0.435976,0.002433,80
ensemble_disagreement_revision,mobile_base_intervention,environment_change_intervention,combined_stress,0.452830,0.003990,-0.199758,0.004647,0.273556,0.002289,0.487932,0.002089,0.433974,0.002637,0.332649,0.002467,0.210067,0.001139,0.415989,0.001552,0.065895,0.001705,0.187716,0.001492,0.417140,0.002606,80
ensemble_disagreement_revision,mobile_base_intervention,environment_change_intervention,in_distribution,0.547732,0.003452,0.135823,0.004403,0.211091,0.002281,0.329133,0.002131,0.474996,0.002988,0.382209,0.002523,0.182378,0.001223,0.271339,0.001680,0.070995,0.001644,0.151723,0.001273,0.420131,0.002695,80
ensemble_disagreement_revision,mobile_base_intervention,environment_change_intervention,long_horizon_recovery,0.494694,0.003926,-0.060047,0.004869,0.235900,0.002118,0.431986,0.002106,0.456965,0.002622,0.333654,0.002394,0.193696,0.001413,0.368854,0.001479,0.066517,0.001676,0.173145,0.001522,0.421126,0.002708,80
ensemble_disagreement_revision,mobile_base_intervention,environment_change_intervention,new_operator_interventions,0.514499,0.003899,0.018973,0.004745,0.229805,0.002058,0.388787,0.002416,0.453579,0.003089,0.373339,0.002411,0.195037,0.001480,0.310920,0.001295,0.067771,0.001474,0.163253,0.001400,0.417858,0.002464,80
ensemble_disagreement_revision,mobile_base_intervention,environment_change_intervention,sparse_feedback,0.486926,0.003849,-0.088421,0.004371,0.271716,0.002225,0.420964,0.002070,0.446667,0.002393,0.364227,0.002519,0.202414,0.001349,0.375850,0.001569,0.066699,0.001508,0.177891,0.001548,0.417129,0.002458,80
ensemble_disagreement_revision,mobile_base_intervention,false_human_hint,combined_stress,0.486122,0.004305,-0.084975,0.004516,0.330497,0.001891,0.364618,0.002179,0.396849,0.002846,0.410737,0.002458,0.166380,0.001452,0.422159,0.001621,0.066651,0.001529,0.197849,0.001504,0.391410,0.002402,80
ensemble_disagreement_revision,mobile_base_intervention,false_human_hint,in_distribution,0.581129,0.003603,0.254570,0.004491,0.267959,0.002499,0.204782,0.002083,0.443550,0.002970,0.462268,0.002360,0.136506,0.001491,0.275481,0.001544,0.074120,0.001920,0.162092,0.001397,0.392070,0.002487,80
ensemble_disagreement_revision,mobile_base_intervention,false_human_hint,long_horizon_recovery,0.525749,0.003895,0.053973,0.004530,0.293550,0.002345,0.306892,0.002059,0.421122,0.002781,0.411459,0.002543,0.150181,0.001452,0.372259,0.001491,0.068656,0.001803,0.182028,0.001358,0.390734,0.002703,80
ensemble_disagreement_revision,mobile_base_intervention,false_human_hint,new_operator_interventions,0.549987,0.003936,0.137505,0.004221,0.287142,0.002387,0.264680,0.001958,0.423540,0.002595,0.453952,0.002880,0.151606,0.001213,0.315474,0.001688,0.071494,0.001776,0.174718,0.001451,0.391631,0.002556,80
ensemble_disagreement_revision,mobile_base_intervention,false_human_hint,sparse_feedback,0.517955,0.003565,0.029709,0.004459,0.326398,0.001987,0.296514,0.002037,0.413622,0.002537,0.441898,0.002476,0.157078,0.001318,0.381344,0.001617,0.069686,0.001557,0.185367,0.001452,0.395899,0.002647,80
ensemble_disagreement_revision,mobile_base_intervention,noisy_observation,combined_stress,0.523877,0.003923,0.055492,0.004412,0.254180,0.002314,0.342729,0.002208,0.438655,0.002600,0.425542,0.002761,0.158378,0.001393,0.416075,0.001432,0.069898,0.001702,0.155701,0.001314,0.422838,0.002734,80
ensemble_disagreement_revision,mobile_base_intervention,noisy_observation,in_distribution,0.616919,0.003526,0.390867,0.004393,0.194009,0.002284,0.183240,0.002083,0.485715,0.002860,0.477610,0.002341,0.128940,0.001159,0.270252,0.001408,0.075986,0.001833,0.121823,0.001312,0.426594,0.002737,80
ensemble_disagreement_revision,mobile_base_intervention,noisy_observation,long_horizon_recovery,0.560363,0.003590,0.189940,0.004423,0.221068,0.002228,0.285276,0.002019,0.467139,0.002822,0.426889,0.002766,0.141524,0.001374,0.367111,0.001524,0.071708,0.001753,0.140747,0.001469,0.423134,0.002558,80
ensemble_disagreement_revision,mobile_base_intervention,noisy_observation,new_operator_interventions,0.579798,0.004371,0.269800,0.004771,0.214403,0.002161,0.240280,0.001979,0.464360,0.002635,0.465492,0.002737,0.142822,0.001388,0.310045,0.001440,0.071921,0.001676,0.133007,0.001450,0.425598,0.002786,80
ensemble_disagreement_revision,mobile_base_intervention,noisy_observation,sparse_feedback,0.548724,0.004217,0.157690,0.004896,0.255602,0.001832,0.273695,0.002356,0.453722,0.002536,0.458733,0.002604,0.149865,0.001146,0.376963,0.001560,0.071184,0.001686,0.148319,0.001093,0.426300,0.003160,80
ensemble_disagreement_revision,mobile_base_intervention,nominal,combined_stress,0.571491,0.003503,0.235914,0.004835,0.180906,0.002146,0.291704,0.002382,0.497596,0.002853,0.457111,0.002708,0.140810,0.001223,0.399509,0.001539,0.072686,0.001829,0.130342,0.001334,0.467574,0.002624,80
ensemble_disagreement_revision,mobile_base_intervention,nominal,in_distribution,0.666029,0.004363,0.572681,0.005034,0.121178,0.002079,0.133273,0.001976,0.544761,0.002612,0.512274,0.002804,0.110767,0.001406,0.253039,0.001511,0.079316,0.001890,0.096395,0.001284,0.468435,0.002352,80
ensemble_disagreement_revision,mobile_base_intervention,nominal,long_horizon_recovery,0.610315,0.004170,0.370418,0.004267,0.146903,0.002369,0.236927,0.002626,0.524682,0.002284,0.457890,0.002618,0.124088,0.001147,0.350119,0.001394,0.075844,0.001725,0.115618,0.001353,0.466819,0.002615,80
ensemble_disagreement_revision,mobile_base_intervention,nominal,new_operator_interventions,0.631500,0.004489,0.452626,0.004970,0.140002,0.002329,0.189912,0.002354,0.519915,0.002624,0.497826,0.002906,0.126579,0.001439,0.293995,0.001557,0.075161,0.001813,0.107377,0.001376,0.469010,0.002502,80
ensemble_disagreement_revision,mobile_base_intervention,nominal,sparse_feedback,0.603325,0.003708,0.342941,0.004255,0.182773,0.002289,0.223949,0.002399,0.510543,0.002468,0.489129,0.002531,0.131483,0.001250,0.361048,0.001560,0.077285,0.001878,0.121638,0.001401,0.467120,0.002751,80
ensemble_disagreement_revision,mobile_base_intervention,physical_rule_violation,combined_stress,0.484359,0.003972,-0.087016,0.004759,0.249654,0.002264,0.436953,0.002221,0.446162,0.002696,0.364766,0.002712,0.192163,0.001327,0.412409,0.001450,0.066627,0.001521,0.172598,0.001414,0.430379,0.002148,80
ensemble_disagreement_revision,mobile_base_intervention,physical_rule_violation,in_distribution,0.578931,0.004095,0.249998,0.004946,0.189804,0.002288,0.277785,0.002409,0.493392,0.002484,0.417333,0.002557,0.162416,0.001299,0.266018,0.001353,0.073462,0.001698,0.137054,0.001383,0.429050,0.002449,80
ensemble_disagreement_revision,mobile_base_intervention,physical_rule_violation,long_horizon_recovery,0.523902,0.003961,0.048252,0.004307,0.215584,0.002590,0.382272,0.002377,0.471381,0.003388,0.365958,0.002588,0.175675,0.001450,0.365032,0.001476,0.067249,0.001733,0.157026,0.001483,0.432333,0.002538,80
ensemble_disagreement_revision,mobile_base_intervention,physical_rule_violation,new_operator_interventions,0.548252,0.003721,0.131766,0.004604,0.210293,0.002264,0.337895,0.002145,0.471332,0.002701,0.406256,0.003007,0.176997,0.001329,0.307219,0.001596,0.070911,0.001587,0.149389,0.001442,0.431318,0.002418,80
ensemble_disagreement_revision,mobile_base_intervention,physical_rule_violation,sparse_feedback,0.513320,0.003657,0.015187,0.004276,0.252644,0.002539,0.370114,0.002062,0.459742,0.002463,0.397433,0.002651,0.184789,0.001584,0.373824,0.001431,0.067783,0.001713,0.164265,0.001365,0.428691,0.002448,80
ensemble_disagreement_revision,occluded_drawer_recovery,actuator_model_break,combined_stress,0.468188,0.004344,-0.136433,0.005009,0.252607,0.002323,0.471065,0.002416,0.445817,0.002723,0.342126,0.002975,0.193152,0.001249,0.413888,0.001449,0.067012,0.001823,0.176078,0.001256,0.428769,0.002279,80
ensemble_disagreement_revision,occluded_drawer_recovery,actuator_model_break,in_distribution,0.564941,0.004055,0.203284,0.005237,0.189274,0.002377,0.313145,0.002365,0.490304,0.002623,0.395120,0.002852,0.163943,0.001166,0.268144,0.001546,0.070790,0.001710,0.141642,0.001548,0.429969,0.002391,80
ensemble_disagreement_revision,occluded_drawer_recovery,actuator_model_break,long_horizon_recovery,0.508569,0.003868,0.001759,0.004827,0.214766,0.002021,0.414612,0.002465,0.469400,0.002807,0.343596,0.002677,0.177635,0.001182,0.365571,0.001605,0.067988,0.001683,0.161010,0.001368,0.426651,0.002361,80
ensemble_disagreement_revision,occluded_drawer_recovery,actuator_model_break,new_operator_interventions,0.530319,0.003983,0.080381,0.004822,0.210756,0.002405,0.372723,0.002384,0.468342,0.002919,0.384006,0.002272,0.179454,0.001254,0.308377,0.001283,0.069502,0.001836,0.153205,0.001379,0.429922,0.002834,80
ensemble_disagreement_revision,occluded_drawer_recovery,actuator_model_break,sparse_feedback,0.503638,0.004076,-0.020846,0.004923,0.251965,0.002268,0.400514,0.001931,0.459009,0.002796,0.374471,0.002878,0.184600,0.001265,0.374552,0.001374,0.066375,0.001415,0.165590,0.001509,0.427398,0.002422,80
ensemble_disagreement_revision,occluded_drawer_recovery,combined_intervention_stress,combined_stress,0.378238,0.003672,-0.490000,0.004632,0.433951,0.002483,0.539363,0.002390,0.320369,0.002590,0.301419,0.002002,0.219026,0.001401,0.442601,0.001528,0.061400,0.001042,0.251761,0.001503,0.335255,0.002946,80
ensemble_disagreement_revision,occluded_drawer_recovery,combined_intervention_stress,in_distribution,0.470666,0.004237,-0.152193,0.004975,0.371264,0.002177,0.377966,0.002335,0.365892,0.002688,0.353877,0.002300,0.189662,0.001436,0.295688,0.001519,0.066256,0.001508,0.217375,0.001421,0.336309,0.002736,80
ensemble_disagreement_revision,occluded_drawer_recovery,combined_intervention_stress,long_horizon_recovery,0.415731,0.004467,-0.354173,0.005138,0.398502,0.002345,0.482401,0.002386,0.347699,0.002601,0.302951,0.002714,0.201745,0.001419,0.394813,0.001713,0.062811,0.001199,0.238245,0.001476,0.335979,0.002574,80
ensemble_disagreement_revision,occluded_drawer_recovery,combined_intervention_stress,new_operator_interventions,0.437530,0.004288,-0.271298,0.005052,0.392032,0.002145,0.437302,0.002259,0.344086,0.002771,0.342258,0.002407,0.202419,0.001414,0.336639,0.001490,0.065284,0.001460,0.228715,0.001546,0.336016,0.002911,80
ensemble_disagreement_revision,occluded_drawer_recovery,combined_intervention_stress,sparse_feedback,0.407106,0.003717,-0.381951,0.004067,0.431710,0.001852,0.471169,0.002037,0.333580,0.002381,0.329792,0.002663,0.208932,0.001459,0.404544,0.001454,0.063025,0.001173,0.240983,0.001317,0.333801,0.002386,80
ensemble_disagreement_revision,occluded_drawer_recovery,contact_precondition_failure,combined_stress,0.479761,0.003509,-0.096477,0.004207,0.241007,0.002235,0.455012,0.002260,0.453789,0.002841,0.354395,0.002865,0.188823,0.001359,0.413578,0.001473,0.066438,0.001600,0.172663,0.001378,0.437022,0.002656,80
ensemble_disagreement_revision,occluded_drawer_recovery,contact_precondition_failure,in_distribution,0.579822,0.004022,0.248551,0.004990,0.178126,0.002114,0.294227,0.002130,0.498438,0.002785,0.405164,0.002710,0.159185,0.001160,0.263874,0.001652,0.073791,0.001840,0.137235,0.001441,0.435782,0.002345,80
ensemble_disagreement_revision,occluded_drawer_recovery,contact_precondition_failure,long_horizon_recovery,0.525465,0.004169,0.048969,0.004880,0.204397,0.001969,0.397979,0.002234,0.480881,0.002798,0.355891,0.002647,0.172901,0.001365,0.362070,0.001589,0.067700,0.001486,0.157311,0.001241,0.438545,0.002438,80
ensemble_disagreement_revision,occluded_drawer_recovery,contact_precondition_failure,new_operator_interventions,0.543171,0.004154,0.129704,0.005137,0.198665,0.002346,0.351390,0.002174,0.481441,0.002647,0.396048,0.002638,0.172949,0.001352,0.303942,0.001473,0.069936,0.001716,0.147590,0.001381,0.433893,0.002728,80
ensemble_disagreement_revision,occluded_drawer_recovery,contact_precondition_failure,sparse_feedback,0.511481,0.003950,0.015115,0.004582,0.240230,0.002348,0.386340,0.002304,0.470642,0.002684,0.387335,0.002636,0.179924,0.001415,0.372674,0.001489,0.068396,0.001804,0.162507,0.001281,0.434498,0.002848,80
ensemble_disagreement_revision,occluded_drawer_recovery,environment_change_intervention,combined_stress,0.457281,0.004226,-0.186125,0.004851,0.271518,0.002255,0.487172,0.002133,0.432349,0.002765,0.333349,0.002396,0.199908,0.001252,0.418027,0.001557,0.064579,0.001363,0.186443,0.001469,0.418437,0.002509,80
ensemble_disagreement_revision,occluded_drawer_recovery,environment_change_intervention,in_distribution,0.549465,0.004135,0.147346,0.005062,0.210949,0.002201,0.328724,0.002108,0.475896,0.002712,0.383422,0.002317,0.170120,0.001530,0.270721,0.001479,0.071358,0.001811,0.151590,0.001399,0.420109,0.002621,80
ensemble_disagreement_revision,occluded_drawer_recovery,environment_change_intervention,long_horizon_recovery,0.500981,0.004062,-0.044304,0.005344,0.237001,0.002064,0.430036,0.002004,0.458896,0.002315,0.335200,0.002584,0.182603,0.001364,0.369221,0.001557,0.066318,0.001389,0.172677,0.001489,0.420806,0.002439,80
ensemble_disagreement_revision,occluded_drawer_recovery,environment_change_intervention,new_operator_interventions,0.519408,0.004125,0.029091,0.005166,0.230717,0.002124,0.389257,0.002175,0.455855,0.002485,0.372868,0.002773,0.185129,0.001290,0.311974,0.001710,0.069136,0.001640,0.165151,0.001350,0.417564,0.002804,80
ensemble_disagreement_revision,occluded_drawer_recovery,environment_change_intervention,sparse_feedback,0.489436,0.004318,-0.076220,0.004493,0.270862,0.002297,0.419759,0.002427,0.446738,0.002622,0.364594,0.002431,0.191776,0.001321,0.377511,0.001400,0.065787,0.001311,0.176408,0.001478,0.419497,0.002497,80
ensemble_disagreement_revision,occluded_drawer_recovery,false_human_hint,combined_stress,0.492290,0.003753,-0.072328,0.004355,0.331397,0.002141,0.365641,0.002071,0.399316,0.002622,0.412324,0.002641,0.156868,0.001326,0.421790,0.001294,0.067316,0.001627,0.197396,0.001482,0.390755,0.002821,80
ensemble_disagreement_revision,occluded_drawer_recovery,false_human_hint,in_distribution,0.586667,0.003842,0.264584,0.004176,0.270355,0.001807,0.204281,0.002136,0.440597,0.002523,0.463415,0.002340,0.127491,0.001334,0.275862,0.001563,0.073487,0.001816,0.163268,0.001244,0.393610,0.002664,80
ensemble_disagreement_revision,occluded_drawer_recovery,false_human_hint,long_horizon_recovery,0.530148,0.003455,0.066150,0.004373,0.291972,0.001917,0.308713,0.002419,0.421323,0.002285,0.412736,0.002846,0.139856,0.001337,0.372883,0.001368,0.070488,0.001587,0.180377,0.001173,0.393082,0.002745,80
ensemble_disagreement_revision,occluded_drawer_recovery,false_human_hint,new_operator_interventions,0.548768,0.003914,0.143403,0.004383,0.287774,0.002112,0.263523,0.002078,0.420679,0.002658,0.451425,0.002311,0.141364,0.001374,0.313584,0.001371,0.072635,0.001735,0.174418,0.001211,0.393167,0.002571,80
ensemble_disagreement_revision,occluded_drawer_recovery,false_human_hint,sparse_feedback,0.523381,0.003340,0.036437,0.004147,0.331437,0.002282,0.297351,0.002078,0.411817,0.002719,0.444018,0.002736,0.148365,0.001404,0.381742,0.001677,0.067976,0.001531,0.188208,0.001292,0.393591,0.002892,80
ensemble_disagreement_revision,occluded_drawer_recovery,noisy_observation,combined_stress,0.526682,0.004214,0.065656,0.004599,0.254482,0.002138,0.343644,0.002155,0.438901,0.002608,0.426473,0.002504,0.147296,0.001249,0.417548,0.001585,0.068985,0.001559,0.156033,0.001265,0.426235,0.002314,80
ensemble_disagreement_revision,occluded_drawer_recovery,noisy_observation,in_distribution,0.617023,0.004134,0.399406,0.004923,0.193369,0.002190,0.181475,0.002302,0.483686,0.002582,0.478699,0.002708,0.119475,0.001097,0.269595,0.001539,0.075745,0.001510,0.121519,0.001475,0.425506,0.002651,80
ensemble_disagreement_revision,occluded_drawer_recovery,noisy_observation,long_horizon_recovery,0.564414,0.003965,0.201324,0.004822,0.220132,0.002277,0.283953,0.002531,0.465967,0.002445,0.429053,0.002435,0.132241,0.001284,0.368372,0.001374,0.073087,0.002077,0.142513,0.001164,0.426868,0.002645,80
ensemble_disagreement_revision,occluded_drawer_recovery,noisy_observation,new_operator_interventions,0.584220,0.003999,0.280929,0.004700,0.214463,0.002288,0.239835,0.002185,0.463216,0.002433,0.465912,0.002768,0.132059,0.001521,0.310778,0.001507,0.075416,0.001756,0.133406,0.001612,0.425716,0.002305,80
ensemble_disagreement_revision,occluded_drawer_recovery,noisy_observation,sparse_feedback,0.555428,0.003588,0.169949,0.004650,0.256841,0.002298,0.273581,0.001975,0.450519,0.002802,0.459584,0.002374,0.140737,0.001337,0.377268,0.001521,0.070406,0.001640,0.147047,0.001415,0.424055,0.002507,80
ensemble_disagreement_revision,occluded_drawer_recovery,nominal,combined_stress,0.577259,0.003536,0.248756,0.004398,0.181252,0.002065,0.291977,0.002395,0.499349,0.002522,0.458060,0.002878,0.130669,0.001178,0.399640,0.001482,0.072815,0.001708,0.130651,0.001397,0.466097,0.002809,80
ensemble_disagreement_revision,occluded_drawer_recovery,nominal,in_distribution,0.670877,0.004044,0.587921,0.004626,0.117504,0.002122,0.131294,0.002141,0.541987,0.002832,0.510658,0.002660,0.100605,0.001291,0.252886,0.001454,0.078563,0.001891,0.095766,0.001364,0.469178,0.002601,80
ensemble_disagreement_revision,occluded_drawer_recovery,nominal,long_horizon_recovery,0.613586,0.004139,0.382235,0.004651,0.145784,0.002568,0.236734,0.001972,0.523309,0.002831,0.460049,0.002517,0.113322,0.001156,0.351572,0.001638,0.074121,0.001973,0.115837,0.001396,0.466920,0.002585,80
ensemble_disagreement_revision,occluded_drawer_recovery,nominal,new_operator_interventions,0.635609,0.004050,0.462487,0.004829,0.140687,0.002714,0.192025,0.002019,0.522256,0.002458,0.497857,0.002797,0.114555,0.001091,0.293178,0.001396,0.077556,0.001771,0.109454,0.001432,0.465518,0.002448,80
ensemble_disagreement_revision,occluded_drawer_recovery,nominal,sparse_feedback,0.601305,0.003757,0.348580,0.004199,0.182287,0.002197,0.225887,0.002170,0.512278,0.002481,0.491635,0.002623,0.121622,0.001219,0.359260,0.001465,0.074170,0.001902,0.122914,0.001468,0.467669,0.002312,80
ensemble_disagreement_revision,occluded_drawer_recovery,physical_rule_violation,combined_stress,0.484498,0.003920,-0.078708,0.005072,0.250677,0.002567,0.435461,0.002317,0.445349,0.003050,0.365193,0.002793,0.181540,0.001412,0.413266,0.001551,0.066754,0.001390,0.170746,0.001609,0.427223,0.002620,80
ensemble_disagreement_revision,occluded_drawer_recovery,physical_rule_violation,in_distribution,0.582390,0.003377,0.263071,0.004435,0.187999,0.002226,0.276028,0.002260,0.493257,0.002430,0.416669,0.002543,0.153475,0.001037,0.266116,0.001627,0.073644,0.002033,0.134714,0.001412,0.430597,0.002281,80
ensemble_disagreement_revision,occluded_drawer_recovery,physical_rule_violation,long_horizon_recovery,0.523595,0.003695,0.058064,0.005123,0.212865,0.002272,0.382222,0.002384,0.473670,0.002406,0.367146,0.003183,0.165294,0.001329,0.364022,0.001371,0.068353,0.001653,0.156728,0.001489,0.431722,0.003102,80
ensemble_disagreement_revision,occluded_drawer_recovery,physical_rule_violation,new_operator_interventions,0.542576,0.003811,0.136919,0.004697,0.209348,0.002144,0.334160,0.002201,0.471441,0.002904,0.408200,0.002590,0.167748,0.001416,0.305535,0.001350,0.071437,0.001713,0.148965,0.001578,0.430227,0.002520,80
ensemble_disagreement_revision,occluded_drawer_recovery,physical_rule_violation,sparse_feedback,0.519615,0.004035,0.033025,0.004617,0.251322,0.001979,0.368654,0.001938,0.463256,0.002299,0.396001,0.002721,0.173577,0.001385,0.373248,0.001574,0.067167,0.001538,0.162354,0.001503,0.430201,0.002735,80
ensemble_disagreement_revision,payload_shift_pick,actuator_model_break,combined_stress,0.469391,0.004486,-0.148092,0.004914,0.251366,0.002147,0.469817,0.001983,0.447819,0.002647,0.341876,0.002713,0.214799,0.001171,0.414824,0.001527,0.064070,0.001500,0.175100,0.001468,0.428004,0.002679,80
ensemble_disagreement_revision,payload_shift_pick,actuator_model_break,in_distribution,0.562028,0.004148,0.184258,0.004859,0.190027,0.002033,0.312034,0.001853,0.489815,0.002602,0.395713,0.002497,0.186963,0.001334,0.267040,0.001396,0.072042,0.001677,0.141003,0.001289,0.427720,0.002432,80
ensemble_disagreement_revision,payload_shift_pick,actuator_model_break,long_horizon_recovery,0.505888,0.003848,-0.015453,0.004403,0.215713,0.002026,0.415625,0.002208,0.473560,0.002944,0.344234,0.002299,0.197575,0.001269,0.366347,0.001517,0.068707,0.001744,0.161142,0.001512,0.429964,0.002485,80
ensemble_disagreement_revision,payload_shift_pick,actuator_model_break,new_operator_interventions,0.524125,0.004015,0.061317,0.004715,0.209024,0.002033,0.371413,0.002284,0.469574,0.002633,0.384536,0.002811,0.200190,0.001365,0.307982,0.001530,0.069118,0.001773,0.154122,0.001412,0.427301,0.002471,80
ensemble_disagreement_revision,payload_shift_pick,actuator_model_break,sparse_feedback,0.498797,0.004125,-0.041043,0.004485,0.249813,0.002186,0.402742,0.002024,0.460724,0.002452,0.375494,0.002842,0.206501,0.001212,0.374043,0.001433,0.067189,0.001554,0.166120,0.001676,0.428970,0.002272,80
ensemble_disagreement_revision,payload_shift_pick,combined_intervention_stress,combined_stress,0.373169,0.004107,-0.508179,0.004761,0.433097,0.002040,0.538177,0.002090,0.322157,0.002539,0.301158,0.002673,0.240004,0.001226,0.443890,0.001561,0.061894,0.001319,0.251061,0.001386,0.338260,0.002396,80
ensemble_disagreement_revision,payload_shift_pick,combined_intervention_stress,in_distribution,0.463769,0.003825,-0.172589,0.004377,0.369651,0.002339,0.378069,0.002188,0.365551,0.002872,0.352480,0.002591,0.209253,0.001383,0.297363,0.001606,0.065363,0.001437,0.216531,0.001336,0.334634,0.002949,80
ensemble_disagreement_revision,payload_shift_pick,combined_intervention_stress,long_horizon_recovery,0.410881,0.003513,-0.371489,0.003888,0.396803,0.002271,0.480640,0.001995,0.346657,0.002702,0.301925,0.002225,0.222760,0.001319,0.394926,0.001496,0.064301,0.001322,0.235795,0.001377,0.336542,0.002857,80
ensemble_disagreement_revision,payload_shift_pick,combined_intervention_stress,new_operator_interventions,0.429512,0.003835,-0.294625,0.004707,0.390662,0.002169,0.438337,0.002387,0.343321,0.002553,0.341235,0.002597,0.223316,0.001390,0.337241,0.001615,0.064265,0.001468,0.229419,0.001283,0.337107,0.002744,80
ensemble_disagreement_revision,payload_shift_pick,combined_intervention_stress,sparse_feedback,0.406270,0.004261,-0.400603,0.004847,0.435713,0.002168,0.471099,0.002035,0.336695,0.002674,0.328482,0.002806,0.229996,0.001237,0.403704,0.001758,0.062708,0.001231,0.243727,0.001191,0.335573,0.002675,80
ensemble_disagreement_revision,payload_shift_pick,contact_precondition_failure,combined_stress,0.480962,0.003623,-0.105116,0.004169,0.240416,0.002073,0.451725,0.002060,0.454651,0.002720,0.354927,0.002316,0.208367,0.001454,0.410903,0.001444,0.066758,0.001603,0.171274,0.001396,0.437514,0.002560,80
ensemble_disagreement_revision,payload_shift_pick,contact_precondition_failure,in_distribution,0.568218,0.003779,0.225452,0.004820,0.177268,0.002244,0.293006,0.002176,0.501716,0.002504,0.404857,0.002678,0.180134,0.001398,0.263125,0.001584,0.071465,0.001706,0.136059,0.001472,0.436757,0.002368,80
ensemble_disagreement_revision,payload_shift_pick,contact_precondition_failure,long_horizon_recovery,0.515849,0.003292,0.024442,0.004361,0.205221,0.002101,0.399163,0.002155,0.480222,0.002446,0.356584,0.002634,0.192235,0.001162,0.362383,0.001571,0.068205,0.001785,0.156062,0.001376,0.436752,0.002495,80
ensemble_disagreement_revision,payload_shift_pick,contact_precondition_failure,new_operator_interventions,0.536984,0.003985,0.106605,0.005030,0.198232,0.002254,0.352970,0.002377,0.476982,0.002767,0.396656,0.002539,0.193032,0.001336,0.304627,0.001418,0.069672,0.001535,0.148848,0.001424,0.432397,0.002635,80
ensemble_disagreement_revision,payload_shift_pick,contact_precondition_failure,sparse_feedback,0.510944,0.004145,0.002056,0.004778,0.239992,0.002011,0.384387,0.002253,0.468170,0.002512,0.387164,0.002858,0.199111,0.001191,0.371793,0.001518,0.068159,0.001698,0.161801,0.001373,0.432740,0.002358,80
ensemble_disagreement_revision,payload_shift_pick,environment_change_intervention,combined_stress,0.455721,0.003410,-0.203747,0.004629,0.272424,0.002220,0.487960,0.002469,0.432826,0.002959,0.333464,0.002798,0.220643,0.001285,0.417033,0.001468,0.064936,0.001288,0.187232,0.001456,0.417965,0.002596,80
ensemble_disagreement_revision,payload_shift_pick,environment_change_intervention,in_distribution,0.546926,0.004054,0.131383,0.004597,0.211344,0.002122,0.327553,0.001961,0.477545,0.002679,0.385274,0.002681,0.190929,0.001112,0.270472,0.001432,0.069728,0.001392,0.152267,0.001407,0.420347,0.002741,80
ensemble_disagreement_revision,payload_shift_pick,environment_change_intervention,long_horizon_recovery,0.492557,0.004069,-0.069318,0.004057,0.235657,0.001929,0.431465,0.002129,0.457995,0.002744,0.333173,0.002284,0.205012,0.001350,0.367868,0.001671,0.067272,0.001807,0.172092,0.001328,0.418792,0.002875,80
ensemble_disagreement_revision,payload_shift_pick,environment_change_intervention,new_operator_interventions,0.513009,0.003466,0.012329,0.004160,0.229754,0.002339,0.387711,0.002003,0.457024,0.003265,0.373673,0.002426,0.204892,0.001247,0.309286,0.001395,0.068524,0.001743,0.163191,0.001269,0.417132,0.003034,80
ensemble_disagreement_revision,payload_shift_pick,environment_change_intervention,sparse_feedback,0.482722,0.003505,-0.098711,0.004413,0.270097,0.002123,0.418899,0.002273,0.443312,0.002432,0.361482,0.002482,0.212499,0.001232,0.378524,0.001483,0.066810,0.001538,0.176374,0.001330,0.418458,0.002499,80
ensemble_disagreement_revision,payload_shift_pick,false_human_hint,combined_stress,0.487294,0.003397,-0.090466,0.004393,0.329207,0.002207,0.365128,0.002311,0.397019,0.002835,0.408797,0.002740,0.176155,0.001321,0.421316,0.001378,0.066600,0.001428,0.197970,0.001522,0.393045,0.002867,80
ensemble_disagreement_revision,payload_shift_pick,false_human_hint,in_distribution,0.577745,0.004003,0.242831,0.005064,0.269899,0.002405,0.203652,0.002165,0.441346,0.002825,0.463408,0.002653,0.147400,0.001419,0.274767,0.001537,0.073276,0.001802,0.162806,0.001357,0.392641,0.002864,80
ensemble_disagreement_revision,payload_shift_pick,false_human_hint,long_horizon_recovery,0.520862,0.003944,0.043324,0.004816,0.293482,0.002222,0.307077,0.002069,0.425097,0.002629,0.410462,0.002040,0.159378,0.001405,0.374273,0.001679,0.067996,0.001648,0.181210,0.001254,0.392380,0.002547,80
ensemble_disagreement_revision,payload_shift_pick,false_human_hint,new_operator_interventions,0.544441,0.003252,0.125704,0.004249,0.287142,0.002298,0.263836,0.001831,0.420874,0.002637,0.451538,0.002662,0.160942,0.001339,0.313980,0.001384,0.069759,0.001586,0.174368,0.001550,0.392165,0.002779,80
ensemble_disagreement_revision,payload_shift_pick,false_human_hint,sparse_feedback,0.517314,0.004359,0.017150,0.005894,0.329865,0.002264,0.296223,0.002136,0.411416,0.002459,0.442830,0.002691,0.168703,0.001317,0.381330,0.001606,0.069740,0.001736,0.187584,0.001647,0.392393,0.002564,80
ensemble_disagreement_revision,payload_shift_pick,noisy_observation,combined_stress,0.519911,0.004312,0.042875,0.004771,0.254914,0.002012,0.343238,0.002253,0.439887,0.002566,0.423993,0.002607,0.168574,0.001286,0.416896,0.001611,0.068688,0.001627,0.157312,0.001283,0.423994,0.002594,80
ensemble_disagreement_revision,payload_shift_pick,noisy_observation,in_distribution,0.614199,0.004201,0.379855,0.004920,0.195233,0.002169,0.182052,0.002334,0.482676,0.002204,0.477029,0.002849,0.139313,0.001276,0.269646,0.001670,0.076738,0.001747,0.121936,0.001370,0.426068,0.002640,80
ensemble_disagreement_revision,payload_shift_pick,noisy_observation,long_horizon_recovery,0.556373,0.004065,0.176213,0.005025,0.220857,0.002258,0.285416,0.002090,0.466383,0.002797,0.427014,0.002706,0.153640,0.001271,0.370724,0.001568,0.071346,0.001542,0.141830,0.001324,0.426621,0.002844,80
ensemble_disagreement_revision,payload_shift_pick,noisy_observation,new_operator_interventions,0.575827,0.003656,0.258232,0.004741,0.212369,0.002231,0.240564,0.002141,0.461854,0.002565,0.466901,0.002270,0.153178,0.001160,0.310818,0.001562,0.073818,0.001579,0.134428,0.001468,0.427460,0.002701,80
ensemble_disagreement_revision,payload_shift_pick,noisy_observation,sparse_feedback,0.550378,0.004122,0.151345,0.004454,0.255848,0.002240,0.275282,0.002141,0.455057,0.002420,0.458409,0.002220,0.160081,0.001398,0.377025,0.001561,0.071395,0.001767,0.147029,0.001441,0.425487,0.002831,80
ensemble_disagreement_revision,payload_shift_pick,nominal,combined_stress,0.568133,0.004120,0.225833,0.005074,0.182269,0.002118,0.290952,0.002034,0.498484,0.002953,0.457950,0.002537,0.150868,0.001415,0.399041,0.001755,0.070447,0.001637,0.130663,0.001539,0.466945,0.002436,80
ensemble_disagreement_revision,payload_shift_pick,nominal,in_distribution,0.661529,0.003528,0.559910,0.004443,0.122453,0.002629,0.131517,0.002283,0.541547,0.002523,0.512693,0.002661,0.121218,0.001289,0.253479,0.001447,0.079770,0.001663,0.096182,0.001356,0.463629,0.002705,80
ensemble_disagreement_revision,payload_shift_pick,nominal,long_horizon_recovery,0.605918,0.003858,0.360570,0.004574,0.146764,0.002150,0.235360,0.002165,0.523757,0.002771,0.460781,0.002677,0.133762,0.001210,0.350887,0.001461,0.075450,0.001697,0.116125,0.001302,0.468439,0.002375,80
ensemble_disagreement_revision,payload_shift_pick,nominal,new_operator_interventions,0.629210,0.004150,0.444611,0.004723,0.138470,0.002470,0.189691,0.001837,0.521383,0.002796,0.497123,0.002488,0.135262,0.001344,0.292771,0.001428,0.078420,0.001755,0.108209,0.001537,0.467608,0.002531,80
ensemble_disagreement_revision,payload_shift_pick,nominal,sparse_feedback,0.600440,0.003592,0.332794,0.004570,0.184241,0.002198,0.224078,0.002297,0.512946,0.002617,0.490645,0.002323,0.141136,0.001325,0.359881,0.001639,0.075997,0.002030,0.123161,0.001537,0.465118,0.002631,80
ensemble_disagreement_revision,payload_shift_pick,physical_rule_violation,combined_stress,0.482948,0.004048,-0.097583,0.004615,0.251050,0.002262,0.438949,0.002210,0.447820,0.002493,0.362571,0.002345,0.201600,0.001462,0.414518,0.001724,0.064764,0.001544,0.172201,0.001414,0.430043,0.002470,80
ensemble_disagreement_revision,payload_shift_pick,physical_rule_violation,in_distribution,0.575151,0.004584,0.238343,0.004900,0.188742,0.002080,0.277425,0.002009,0.490646,0.002689,0.417144,0.002433,0.173261,0.001171,0.268093,0.001468,0.073560,0.001986,0.137008,0.001453,0.430938,0.003026,80
ensemble_disagreement_revision,payload_shift_pick,physical_rule_violation,long_horizon_recovery,0.524441,0.004143,0.042500,0.005252,0.214589,0.001955,0.382484,0.002186,0.472273,0.002813,0.365831,0.002687,0.185083,0.001082,0.364655,0.001564,0.069039,0.001583,0.156629,0.001601,0.431652,0.002521,80
ensemble_disagreement_revision,payload_shift_pick,physical_rule_violation,new_operator_interventions,0.538999,0.003866,0.116887,0.005004,0.207265,0.002211,0.336590,0.002216,0.466994,0.002970,0.406504,0.002599,0.187369,0.001253,0.307057,0.001481,0.069308,0.001808,0.149900,0.001409,0.428361,0.003054,80
ensemble_disagreement_revision,payload_shift_pick,physical_rule_violation,sparse_feedback,0.513889,0.004296,0.010825,0.004802,0.252422,0.002027,0.367796,0.002262,0.459935,0.002666,0.396342,0.002426,0.194314,0.001503,0.374400,0.001480,0.067275,0.001491,0.163538,0.001323,0.429851,0.002799,80
ensemble_disagreement_revision,tool_use_correction,actuator_model_break,combined_stress,0.465386,0.004544,-0.161309,0.004874,0.252149,0.002311,0.470812,0.002130,0.447097,0.002799,0.340571,0.002782,0.224813,0.001374,0.415584,0.001435,0.065440,0.001318,0.175194,0.001480,0.428711,0.002632,80
ensemble_disagreement_revision,tool_use_correction,actuator_model_break,in_distribution,0.556914,0.004311,0.174621,0.004886,0.191053,0.001944,0.309800,0.001874,0.491171,0.002845,0.396037,0.002367,0.195161,0.001513,0.268703,0.001498,0.070995,0.001761,0.141294,0.001347,0.430703,0.002639,80
ensemble_disagreement_revision,tool_use_correction,actuator_model_break,long_horizon_recovery,0.502719,0.004291,-0.025468,0.004992,0.216077,0.002304,0.415314,0.002204,0.473572,0.002779,0.342161,0.002561,0.207244,0.001082,0.365385,0.001525,0.067771,0.001466,0.160659,0.001425,0.428677,0.002780,80
ensemble_disagreement_revision,tool_use_correction,actuator_model_break,new_operator_interventions,0.524821,0.004035,0.057090,0.005174,0.210360,0.002431,0.368699,0.002216,0.470190,0.002737,0.386209,0.002378,0.210724,0.001408,0.307566,0.001510,0.068938,0.001606,0.152695,0.001410,0.430742,0.002460,80
ensemble_disagreement_revision,tool_use_correction,actuator_model_break,sparse_feedback,0.494629,0.004103,-0.055549,0.005115,0.252405,0.002260,0.404241,0.002138,0.460050,0.002509,0.373337,0.002793,0.216372,0.001446,0.373845,0.001292,0.066567,0.001448,0.166603,0.001446,0.429029,0.002523,80
ensemble_disagreement_revision,tool_use_correction,combined_intervention_stress,combined_stress,0.368322,0.004752,-0.519607,0.005322,0.431821,0.001925,0.538981,0.001864,0.322552,0.002607,0.298665,0.002202,0.249179,0.001158,0.443541,0.001498,0.062852,0.001263,0.250094,0.001342,0.336730,0.002989,80
ensemble_disagreement_revision,tool_use_correction,combined_intervention_stress,in_distribution,0.458830,0.004118,-0.188394,0.004875,0.371604,0.002311,0.380317,0.002412,0.366373,0.002694,0.353338,0.002426,0.220522,0.001172,0.296518,0.001475,0.066190,0.001569,0.217955,0.001559,0.335548,0.002683,80
ensemble_disagreement_revision,tool_use_correction,combined_intervention_stress,long_horizon_recovery,0.406462,0.004135,-0.386082,0.004922,0.398559,0.002190,0.483906,0.002049,0.347102,0.002462,0.303218,0.002481,0.232153,0.001433,0.394624,0.001518,0.062326,0.001156,0.237576,0.001513,0.334137,0.002963,80
ensemble_disagreement_revision,tool_use_correction,combined_intervention_stress,new_operator_interventions,0.429044,0.004310,-0.300008,0.004373,0.388274,0.002291,0.438552,0.002462,0.345571,0.002563,0.341585,0.002149,0.232907,0.001473,0.336856,0.001318,0.063755,0.001412,0.229234,0.001612,0.334642,0.002678,80
ensemble_disagreement_revision,tool_use_correction,combined_intervention_stress,sparse_feedback,0.397858,0.003846,-0.412503,0.004732,0.432308,0.002090,0.471313,0.002153,0.335856,0.002856,0.332781,0.002668,0.239897,0.001144,0.402999,0.001382,0.063678,0.001342,0.242158,0.001512,0.336758,0.002724,80
ensemble_disagreement_revision,tool_use_correction,contact_precondition_failure,combined_stress,0.475778,0.004354,-0.121418,0.005179,0.241010,0.002356,0.455917,0.001786,0.454694,0.002608,0.354783,0.002705,0.218380,0.001164,0.410478,0.001457,0.066223,0.001572,0.172504,0.001426,0.433628,0.002232,80
ensemble_disagreement_revision,tool_use_correction,contact_precondition_failure,in_distribution,0.570382,0.003880,0.218886,0.004902,0.178333,0.002194,0.292803,0.002575,0.501428,0.002587,0.405619,0.002671,0.189236,0.001363,0.265971,0.001414,0.071806,0.001706,0.138058,0.001364,0.436093,0.002897,80
ensemble_disagreement_revision,tool_use_correction,contact_precondition_failure,long_horizon_recovery,0.514772,0.003241,0.018431,0.004017,0.203065,0.002289,0.398998,0.002072,0.481098,0.002704,0.354478,0.002762,0.201823,0.001439,0.361268,0.001490,0.068109,0.001395,0.154645,0.001414,0.435193,0.002604,80
ensemble_disagreement_revision,tool_use_correction,contact_precondition_failure,new_operator_interventions,0.537746,0.004084,0.099549,0.005188,0.199143,0.001901,0.353720,0.001986,0.480345,0.002690,0.393169,0.002270,0.203061,0.001379,0.304482,0.001535,0.069108,0.001591,0.149314,0.001301,0.437537,0.002619,80
ensemble_disagreement_revision,tool_use_correction,contact_precondition_failure,sparse_feedback,0.507508,0.003548,-0.013090,0.004459,0.242778,0.002418,0.387801,0.002210,0.468560,0.002526,0.387634,0.002587,0.210457,0.001233,0.370859,0.001579,0.065841,0.001368,0.163543,0.001303,0.436112,0.002816,80
ensemble_disagreement_revision,tool_use_correction,environment_change_intervention,combined_stress,0.451665,0.003961,-0.215168,0.004662,0.272167,0.001998,0.487490,0.002259,0.432819,0.002567,0.331254,0.002827,0.231393,0.001455,0.416614,0.001465,0.065434,0.001412,0.186377,0.001503,0.417229,0.002592,80
ensemble_disagreement_revision,tool_use_correction,environment_change_intervention,in_distribution,0.548929,0.004053,0.125907,0.004340,0.211699,0.002135,0.327445,0.002027,0.476836,0.002623,0.384077,0.002904,0.200248,0.001391,0.270781,0.001442,0.071142,0.001618,0.151532,0.001296,0.419375,0.002483,80
ensemble_disagreement_revision,tool_use_correction,environment_change_intervention,long_horizon_recovery,0.485548,0.003631,-0.082058,0.004506,0.235926,0.002174,0.431886,0.002194,0.459237,0.002427,0.331907,0.002582,0.213611,0.001231,0.368403,0.001425,0.066084,0.001321,0.170388,0.001370,0.418275,0.002682,80
ensemble_disagreement_revision,tool_use_correction,environment_change_intervention,new_operator_interventions,0.509358,0.004346,-0.000223,0.004670,0.231807,0.002086,0.387001,0.002049,0.457531,0.002465,0.372776,0.002691,0.215364,0.001294,0.311074,0.001458,0.066824,0.001679,0.164124,0.001267,0.416465,0.002511,80
ensemble_disagreement_revision,tool_use_correction,environment_change_intervention,sparse_feedback,0.477865,0.003778,-0.109817,0.004705,0.271062,0.002015,0.418996,0.002241,0.446460,0.002441,0.362737,0.002795,0.222063,0.001433,0.376833,0.001395,0.066923,0.001500,0.177332,0.001520,0.420052,0.002562,80
ensemble_disagreement_revision,tool_use_correction,false_human_hint,combined_stress,0.485792,0.004074,-0.098782,0.004887,0.329293,0.001934,0.364276,0.002014,0.398555,0.002515,0.407580,0.002766,0.186031,0.001352,0.422977,0.001451,0.067086,0.001650,0.197289,0.001527,0.391710,0.002641,80
ensemble_disagreement_revision,tool_use_correction,false_human_hint,in_distribution,0.573093,0.003599,0.230231,0.004563,0.268461,0.001992,0.205510,0.002339,0.443292,0.002459,0.464343,0.002489,0.157840,0.001242,0.274850,0.001634,0.073719,0.001808,0.164386,0.001398,0.392497,0.002772,80
ensemble_disagreement_revision,tool_use_correction,false_human_hint,long_horizon_recovery,0.520689,0.003591,0.036466,0.004537,0.291851,0.002299,0.307727,0.002306,0.423595,0.002648,0.411592,0.002671,0.169056,0.001277,0.371946,0.001870,0.070758,0.001751,0.181372,0.001580,0.390882,0.002569,80
ensemble_disagreement_revision,tool_use_correction,false_human_hint,new_operator_interventions,0.539128,0.004077,0.112378,0.004682,0.288646,0.002220,0.263491,0.001926,0.423678,0.002306,0.452732,0.002930,0.171907,0.001374,0.315405,0.001752,0.071565,0.001854,0.174039,0.001495,0.393410,0.002321,80
ensemble_disagreement_revision,tool_use_correction,false_human_hint,sparse_feedback,0.516388,0.004318,0.013139,0.005375,0.328110,0.002056,0.294930,0.002207,0.411613,0.002954,0.445778,0.003362,0.177379,0.001398,0.381587,0.001664,0.069117,0.001614,0.186302,0.001521,0.390955,0.002273,80
ensemble_disagreement_revision,tool_use_correction,noisy_observation,combined_stress,0.516204,0.003940,0.032526,0.004483,0.255305,0.002364,0.342870,0.002044,0.441223,0.002502,0.424130,0.002835,0.178797,0.001508,0.417099,0.001395,0.068397,0.001765,0.156675,0.001316,0.424037,0.002413,80
ensemble_disagreement_revision,tool_use_correction,noisy_observation,in_distribution,0.608476,0.004147,0.367231,0.005025,0.194465,0.002234,0.182906,0.002353,0.483828,0.002626,0.477781,0.002755,0.149628,0.001267,0.268674,0.001365,0.076387,0.001894,0.122463,0.001435,0.425952,0.002598,80
ensemble_disagreement_revision,tool_use_correction,noisy_observation,long_horizon_recovery,0.554660,0.004228,0.168038,0.004539,0.221627,0.002065,0.285715,0.002111,0.465225,0.002318,0.425523,0.003467,0.161965,0.001510,0.367552,0.001586,0.070906,0.001764,0.141893,0.001374,0.425665,0.002289,80
ensemble_disagreement_revision,tool_use_correction,noisy_observation,new_operator_interventions,0.573791,0.003963,0.245573,0.004797,0.214605,0.002251,0.242596,0.001913,0.463474,0.002762,0.465186,0.002628,0.163624,0.001314,0.310886,0.001570,0.073843,0.001754,0.134738,0.001489,0.425528,0.002499,80
ensemble_disagreement_revision,tool_use_correction,noisy_observation,sparse_feedback,0.547260,0.003915,0.142026,0.004718,0.255852,0.002292,0.273998,0.002234,0.454929,0.002807,0.457888,0.002583,0.169695,0.001351,0.376070,0.001627,0.071731,0.001730,0.147565,0.001444,0.425017,0.002475,80
ensemble_disagreement_revision,tool_use_correction,nominal,combined_stress,0.564064,0.003960,0.211046,0.004604,0.183650,0.002015,0.291209,0.002328,0.497789,0.002187,0.456189,0.002493,0.161860,0.001350,0.400121,0.001355,0.072693,0.001886,0.131694,0.001562,0.465621,0.002389,80
ensemble_disagreement_revision,tool_use_correction,nominal,in_distribution,0.662628,0.003942,0.555290,0.004469,0.119434,0.002068,0.132078,0.002334,0.541953,0.002214,0.512469,0.002367,0.130656,0.001428,0.253475,0.001616,0.081025,0.001939,0.096975,0.001266,0.465170,0.002495,80
ensemble_disagreement_revision,tool_use_correction,nominal,long_horizon_recovery,0.604092,0.003980,0.351237,0.004552,0.147878,0.002294,0.235242,0.001939,0.525961,0.002743,0.459044,0.002191,0.144354,0.001445,0.350200,0.001459,0.076456,0.001707,0.114369,0.001454,0.466730,0.002859,80
ensemble_disagreement_revision,tool_use_correction,nominal,new_operator_interventions,0.628930,0.003797,0.432353,0.003977,0.142374,0.002247,0.191015,0.001838,0.520514,0.002520,0.497602,0.002822,0.146477,0.001150,0.291879,0.001457,0.078368,0.001901,0.109648,0.001535,0.466660,0.003234,80
ensemble_disagreement_revision,tool_use_correction,nominal,sparse_feedback,0.596660,0.003747,0.323448,0.004273,0.182818,0.002280,0.223382,0.002009,0.512559,0.002555,0.489500,0.002471,0.151979,0.001299,0.360276,0.001284,0.074205,0.001976,0.121637,0.001379,0.467562,0.002772,80
ensemble_disagreement_revision,tool_use_correction,physical_rule_violation,combined_stress,0.479886,0.003690,-0.108759,0.004347,0.252966,0.002214,0.438239,0.002250,0.448666,0.002677,0.364357,0.002652,0.211821,0.001392,0.412986,0.001607,0.067971,0.001512,0.173158,0.001427,0.429300,0.002793,80
ensemble_disagreement_revision,tool_use_correction,physical_rule_violation,in_distribution,0.571127,0.004134,0.228190,0.004790,0.188648,0.002435,0.276750,0.002542,0.489517,0.002430,0.415970,0.002839,0.182120,0.001372,0.266462,0.001712,0.072880,0.001712,0.137634,0.001361,0.429632,0.002441,80
ensemble_disagreement_revision,tool_use_correction,physical_rule_violation,long_horizon_recovery,0.519260,0.004316,0.031407,0.004938,0.215375,0.001881,0.380569,0.002372,0.474248,0.002770,0.366574,0.002613,0.195201,0.001329,0.364385,0.001548,0.069091,0.001753,0.156989,0.001275,0.430357,0.002510,80
ensemble_disagreement_revision,tool_use_correction,physical_rule_violation,new_operator_interventions,0.538159,0.004562,0.110344,0.005667,0.210257,0.002749,0.334783,0.002213,0.469238,0.002624,0.407796,0.002613,0.196030,0.001453,0.307411,0.001618,0.070470,0.001530,0.148479,0.001474,0.428469,0.002494,80
ensemble_disagreement_revision,tool_use_correction,physical_rule_violation,sparse_feedback,0.508631,0.004206,-0.003042,0.005001,0.251243,0.002243,0.371424,0.002383,0.460386,0.002603,0.396438,0.002513,0.204338,0.001211,0.372958,0.001652,0.068625,0.001735,0.163195,0.001392,0.429180,0.002875,80
human_intervention_revision,bin_packing_recovery,actuator_model_break,combined_stress,0.526320,0.004097,0.073818,0.004771,0.184367,0.001928,0.375932,0.002184,0.563831,0.002490,0.432968,0.002507,0.220986,0.001312,0.450272,0.001657,0.067782,0.001599,0.140721,0.001294,0.537522,0.002543,80
human_intervention_revision,bin_packing_recovery,actuator_model_break,in_distribution,0.619642,0.003641,0.407739,0.004727,0.123356,0.002318,0.217186,0.002313,0.603616,0.002503,0.488554,0.002585,0.192337,0.001343,0.303266,0.001557,0.073725,0.001910,0.107505,0.001268,0.538796,0.002886,80
human_intervention_revision,bin_packing_recovery,actuator_model_break,long_horizon_recovery,0.564721,0.003807,0.208460,0.004472,0.150473,0.002069,0.320684,0.002088,0.587741,0.002768,0.437313,0.002548,0.203678,0.001393,0.400558,0.001499,0.071295,0.001598,0.127302,0.001468,0.540580,0.002646,80
human_intervention_revision,bin_packing_recovery,actuator_model_break,new_operator_interventions,0.586817,0.004203,0.290989,0.005161,0.142167,0.002543,0.275221,0.002283,0.585749,0.002285,0.474006,0.002760,0.206387,0.001175,0.343185,0.001444,0.072116,0.001695,0.118648,0.001395,0.539267,0.002789,80
human_intervention_revision,bin_packing_recovery,actuator_model_break,sparse_feedback,0.554378,0.004204,0.179766,0.005037,0.183923,0.002190,0.309115,0.002089,0.576773,0.002560,0.466663,0.002512,0.211466,0.001270,0.410167,0.001670,0.068904,0.001662,0.132004,0.001441,0.539188,0.002459,80
human_intervention_revision,bin_packing_recovery,combined_intervention_stress,combined_stress,0.432830,0.003981,-0.283645,0.004492,0.366550,0.002146,0.443792,0.002068,0.437317,0.002422,0.389937,0.002294,0.244808,0.001466,0.479861,0.001554,0.062861,0.001691,0.218590,0.001333,0.447605,0.002313,80
human_intervention_revision,bin_packing_recovery,combined_intervention_stress,in_distribution,0.527102,0.003278,0.055959,0.004086,0.305350,0.002331,0.282384,0.002161,0.481310,0.002761,0.443469,0.002193,0.214996,0.001297,0.332595,0.001509,0.066412,0.001529,0.182768,0.001433,0.446247,0.002454,80
human_intervention_revision,bin_packing_recovery,combined_intervention_stress,long_horizon_recovery,0.467233,0.003587,-0.152398,0.004130,0.330192,0.002465,0.389082,0.002260,0.463663,0.002696,0.392210,0.002512,0.229308,0.001263,0.431268,0.001522,0.064149,0.001679,0.202973,0.001440,0.445351,0.002461,80
human_intervention_revision,bin_packing_recovery,combined_intervention_stress,new_operator_interventions,0.489282,0.003458,-0.066862,0.004579,0.322567,0.002132,0.343493,0.002618,0.462988,0.002848,0.434511,0.002343,0.230037,0.001320,0.372527,0.001406,0.067042,0.001546,0.194260,0.001515,0.448494,0.002249,80
human_intervention_revision,bin_packing_recovery,combined_intervention_stress,sparse_feedback,0.458604,0.004201,-0.180302,0.005097,0.366297,0.001986,0.377454,0.002444,0.451554,0.002551,0.424368,0.002934,0.237278,0.001196,0.438260,0.001408,0.062618,0.001600,0.208606,0.001272,0.447788,0.002517,80
human_intervention_revision,bin_packing_recovery,contact_precondition_failure,combined_stress,0.535848,0.004081,0.113019,0.004808,0.174376,0.002137,0.360605,0.002475,0.575248,0.002777,0.446038,0.002574,0.215524,0.001217,0.445355,0.001535,0.069796,0.001532,0.137049,0.001183,0.547276,0.002506,80
human_intervention_revision,bin_packing_recovery,contact_precondition_failure,in_distribution,0.630256,0.003653,0.451003,0.004684,0.111044,0.002485,0.199177,0.002256,0.616992,0.002607,0.497915,0.002815,0.186797,0.001303,0.299500,0.001635,0.075556,0.001797,0.102433,0.001513,0.545014,0.002639,80
human_intervention_revision,bin_packing_recovery,contact_precondition_failure,long_horizon_recovery,0.578186,0.003966,0.254726,0.004518,0.137811,0.002259,0.303770,0.002087,0.599277,0.002348,0.447877,0.002717,0.197797,0.001432,0.396030,0.001368,0.072252,0.001733,0.121766,0.001351,0.547992,0.002566,80
human_intervention_revision,bin_packing_recovery,contact_precondition_failure,new_operator_interventions,0.596578,0.003846,0.330820,0.004736,0.133385,0.002073,0.258878,0.002246,0.593663,0.002937,0.485930,0.002855,0.198196,0.001281,0.340240,0.001633,0.073687,0.001567,0.114683,0.001513,0.547708,0.002528,80
human_intervention_revision,bin_packing_recovery,contact_precondition_failure,sparse_feedback,0.569585,0.003726,0.223434,0.004771,0.173006,0.002412,0.293426,0.001910,0.586572,0.002805,0.476035,0.002855,0.206645,0.001230,0.406340,0.001615,0.071422,0.001595,0.127614,0.001300,0.547124,0.002255,80
human_intervention_revision,bin_packing_recovery,environment_change_intervention,combined_stress,0.513331,0.003612,0.019360,0.004388,0.204627,0.002297,0.395322,0.002387,0.549371,0.002629,0.425655,0.002635,0.226603,0.001299,0.452791,0.001366,0.066742,0.001626,0.152765,0.001454,0.527861,0.002501,80
human_intervention_revision,bin_packing_recovery,environment_change_intervention,in_distribution,0.607304,0.003789,0.356941,0.004570,0.143908,0.002348,0.232308,0.002072,0.593008,0.002836,0.475236,0.002524,0.198080,0.001113,0.306112,0.001467,0.073262,0.001736,0.117319,0.001530,0.528803,0.002416,80
human_intervention_revision,bin_packing_recovery,environment_change_intervention,long_horizon_recovery,0.551316,0.004297,0.154709,0.004983,0.169451,0.002267,0.337643,0.002151,0.573906,0.002575,0.424664,0.002977,0.210500,0.001340,0.402878,0.001446,0.070301,0.001636,0.138245,0.001514,0.530969,0.002331,80
human_intervention_revision,bin_packing_recovery,environment_change_intervention,new_operator_interventions,0.574257,0.003521,0.238038,0.004240,0.163313,0.002019,0.293747,0.002100,0.571449,0.003054,0.464692,0.002351,0.210978,0.001403,0.345964,0.001392,0.069706,0.001395,0.130057,0.001647,0.531834,0.002681,80
human_intervention_revision,bin_packing_recovery,environment_change_intervention,sparse_feedback,0.542337,0.004106,0.126481,0.004457,0.205715,0.001878,0.324418,0.002187,0.560659,0.002590,0.455816,0.002735,0.218020,0.001238,0.412581,0.001614,0.069414,0.001614,0.143377,0.001563,0.531352,0.002441,80
human_intervention_revision,bin_packing_recovery,false_human_hint,combined_stress,0.544629,0.004334,0.131312,0.005103,0.261567,0.002223,0.273051,0.002026,0.514370,0.003068,0.502874,0.002459,0.182707,0.001377,0.457719,0.001331,0.071334,0.001692,0.163456,0.001782,0.502778,0.002863,80
human_intervention_revision,bin_packing_recovery,false_human_hint,in_distribution,0.639089,0.003561,0.474379,0.004520,0.197961,0.002153,0.108589,0.002517,0.561721,0.002715,0.555856,0.002366,0.153890,0.001129,0.310599,0.001498,0.076516,0.001586,0.128420,0.001349,0.505156,0.002509,80
human_intervention_revision,bin_packing_recovery,false_human_hint,long_horizon_recovery,0.586736,0.004034,0.271796,0.004401,0.228201,0.002265,0.213998,0.002039,0.539352,0.002761,0.503483,0.002571,0.165906,0.001116,0.409381,0.001597,0.073011,0.001529,0.147357,0.001268,0.502504,0.002578,80
human_intervention_revision,bin_packing_recovery,false_human_hint,new_operator_interventions,0.609259,0.003909,0.352631,0.004608,0.223889,0.002023,0.168999,0.002299,0.538694,0.002491,0.543465,0.002429,0.168530,0.001299,0.350778,0.001553,0.074740,0.001776,0.140887,0.001386,0.504826,0.003119,80
human_intervention_revision,bin_packing_recovery,false_human_hint,sparse_feedback,0.574805,0.003772,0.240601,0.004043,0.262908,0.002048,0.202764,0.001785,0.527824,0.002618,0.535182,0.002555,0.175023,0.001280,0.418027,0.001316,0.070865,0.001643,0.151730,0.001352,0.504153,0.002595,80
human_intervention_revision,bin_packing_recovery,noisy_observation,combined_stress,0.581145,0.003455,0.265499,0.004219,0.190368,0.002250,0.249591,0.002298,0.553539,0.002321,0.515806,0.002879,0.175010,0.001308,0.453287,0.001512,0.072944,0.001612,0.124985,0.001416,0.533365,0.002584,80
human_intervention_revision,bin_packing_recovery,noisy_observation,in_distribution,0.671913,0.003971,0.604669,0.004883,0.128845,0.002398,0.086349,0.002269,0.602245,0.002981,0.568432,0.002925,0.146321,0.001323,0.304638,0.001387,0.078999,0.001547,0.086564,0.001479,0.536431,0.002690,80
human_intervention_revision,bin_packing_recovery,noisy_observation,long_horizon_recovery,0.612398,0.003849,0.399178,0.004549,0.152135,0.002041,0.192798,0.001988,0.581760,0.002579,0.517503,0.002608,0.159149,0.001232,0.402879,0.001647,0.074430,0.001907,0.106685,0.001255,0.538661,0.002791,80
human_intervention_revision,bin_packing_recovery,noisy_observation,new_operator_interventions,0.637654,0.003704,0.484894,0.004248,0.147032,0.001904,0.147790,0.002143,0.581836,0.002819,0.558625,0.002578,0.159258,0.001250,0.345787,0.001510,0.074441,0.001647,0.099967,0.001380,0.535118,0.002679,80
human_intervention_revision,bin_packing_recovery,noisy_observation,sparse_feedback,0.603429,0.003927,0.368092,0.004684,0.189865,0.002191,0.181668,0.002294,0.569070,0.002475,0.550203,0.002817,0.165494,0.001263,0.413233,0.001505,0.075442,0.001508,0.113914,0.001384,0.535225,0.002911,80
human_intervention_revision,bin_packing_recovery,nominal,combined_stress,0.630367,0.003797,0.453286,0.004751,0.115563,0.001813,0.196686,0.002089,0.614501,0.002723,0.550186,0.002667,0.156168,0.001564,0.435833,0.001511,0.074926,0.001897,0.097228,0.001605,0.579137,0.002857,80
human_intervention_revision,bin_packing_recovery,nominal,in_distribution,0.724807,0.003965,0.788078,0.004710,0.055150,0.002061,0.037946,0.002158,0.658703,0.002537,0.601254,0.002445,0.127757,0.001243,0.289659,0.001422,0.081918,0.002056,0.062318,0.001321,0.580117,0.002280,80
human_intervention_revision,bin_packing_recovery,nominal,long_horizon_recovery,0.668349,0.003874,0.588558,0.004145,0.080443,0.002058,0.140294,0.002119,0.636899,0.002542,0.552228,0.002741,0.139799,0.001354,0.386559,0.001309,0.077893,0.001726,0.080521,0.001547,0.578678,0.002788,80
human_intervention_revision,bin_packing_recovery,nominal,new_operator_interventions,0.687252,0.003575,0.666070,0.004646,0.075130,0.002221,0.097229,0.001933,0.637403,0.002611,0.590434,0.002725,0.141135,0.001285,0.327466,0.001468,0.080308,0.001736,0.073099,0.001429,0.578529,0.002592,80
human_intervention_revision,bin_packing_recovery,nominal,sparse_feedback,0.656918,0.004081,0.554742,0.004944,0.116864,0.002333,0.130438,0.002359,0.626575,0.002616,0.582189,0.002444,0.148227,0.001353,0.394450,0.001366,0.077736,0.001947,0.087087,0.001433,0.576686,0.002733,80
human_intervention_revision,bin_packing_recovery,physical_rule_violation,combined_stress,0.539813,0.003768,0.125884,0.004206,0.183388,0.001876,0.345443,0.002211,0.565730,0.002450,0.456259,0.002765,0.208601,0.001217,0.448106,0.001485,0.067973,0.001747,0.137474,0.001527,0.542608,0.002836,80
human_intervention_revision,bin_packing_recovery,physical_rule_violation,in_distribution,0.636425,0.004395,0.466237,0.005161,0.121141,0.002209,0.183203,0.001821,0.608719,0.002641,0.507639,0.002668,0.179608,0.001325,0.303059,0.001428,0.074518,0.001765,0.102751,0.001523,0.542902,0.002610,80
human_intervention_revision,bin_packing_recovery,physical_rule_violation,long_horizon_recovery,0.582777,0.003860,0.263262,0.004988,0.147706,0.002190,0.289376,0.001914,0.587048,0.002353,0.457050,0.002729,0.192600,0.001159,0.400597,0.001397,0.072320,0.001658,0.123507,0.001345,0.540037,0.002478,80
human_intervention_revision,bin_packing_recovery,physical_rule_violation,new_operator_interventions,0.601136,0.003758,0.342809,0.004892,0.141604,0.002162,0.242706,0.002444,0.584900,0.002273,0.495930,0.002773,0.194574,0.001504,0.342141,0.001398,0.072998,0.001857,0.115501,0.001482,0.540635,0.002768,80
human_intervention_revision,bin_packing_recovery,physical_rule_violation,sparse_feedback,0.572554,0.004388,0.235942,0.004941,0.184161,0.002120,0.274876,0.002084,0.577077,0.002980,0.488846,0.002378,0.200043,0.001357,0.408876,0.001543,0.073138,0.001714,0.127377,0.001479,0.538519,0.002734,80
human_intervention_revision,deformable_contact_replan,actuator_model_break,combined_stress,0.526955,0.003682,0.080035,0.004676,0.184908,0.002202,0.376486,0.002260,0.561805,0.002477,0.433311,0.002781,0.212096,0.001283,0.450057,0.001571,0.067631,0.001698,0.140399,0.001613,0.538586,0.002590,80
human_intervention_revision,deformable_contact_replan,actuator_model_break,in_distribution,0.622513,0.003561,0.418838,0.004533,0.121948,0.002095,0.217339,0.002215,0.605408,0.002371,0.488800,0.002558,0.182803,0.001209,0.303930,0.001642,0.074193,0.001629,0.106848,0.001407,0.540413,0.002847,80
human_intervention_revision,deformable_contact_replan,actuator_model_break,long_horizon_recovery,0.569234,0.003939,0.218328,0.005078,0.148483,0.001926,0.323321,0.002246,0.588632,0.002827,0.435605,0.002354,0.195228,0.001433,0.401908,0.001655,0.070595,0.001723,0.126842,0.001287,0.542104,0.002906,80
human_intervention_revision,deformable_contact_replan,actuator_model_break,new_operator_interventions,0.587636,0.003475,0.301171,0.004175,0.141376,0.002240,0.274230,0.002172,0.583684,0.002525,0.479631,0.002305,0.195540,0.001348,0.344385,0.001645,0.072394,0.001761,0.118744,0.001381,0.539789,0.002316,80
human_intervention_revision,deformable_contact_replan,actuator_model_break,sparse_feedback,0.560175,0.004030,0.190110,0.004616,0.185396,0.002290,0.309407,0.002038,0.573327,0.002770,0.467979,0.002760,0.202539,0.001347,0.408848,0.001690,0.069598,0.001597,0.132975,0.001501,0.540128,0.002738,80
human_intervention_revision,deformable_contact_replan,combined_intervention_stress,combined_stress,0.435380,0.004304,-0.272945,0.005021,0.365827,0.002444,0.445443,0.002216,0.438561,0.002887,0.388366,0.002951,0.233776,0.001303,0.478068,0.001528,0.062193,0.001625,0.218119,0.001269,0.449757,0.002679,80
human_intervention_revision,deformable_contact_replan,combined_intervention_stress,in_distribution,0.529254,0.003736,0.063339,0.004659,0.305481,0.002074,0.284972,0.002122,0.482680,0.002433,0.444519,0.002675,0.205500,0.001414,0.332187,0.001495,0.069421,0.001485,0.181929,0.001247,0.445336,0.002435,80
human_intervention_revision,deformable_contact_replan,combined_intervention_stress,long_horizon_recovery,0.477915,0.003895,-0.131855,0.004943,0.329829,0.002579,0.388196,0.002193,0.464169,0.002536,0.394253,0.002531,0.218560,0.001466,0.431727,0.001444,0.062684,0.001638,0.201979,0.001390,0.448635,0.002349,80
human_intervention_revision,deformable_contact_replan,combined_intervention_stress,new_operator_interventions,0.494932,0.004185,-0.056179,0.004926,0.323302,0.002085,0.344333,0.001987,0.462038,0.002645,0.432950,0.002458,0.220393,0.001277,0.371328,0.001508,0.066853,0.001649,0.194954,0.001507,0.446094,0.002442,80
human_intervention_revision,deformable_contact_replan,combined_intervention_stress,sparse_feedback,0.467407,0.004386,-0.160057,0.005196,0.364195,0.002271,0.374391,0.002503,0.452758,0.002297,0.423369,0.002273,0.226460,0.001355,0.438639,0.001379,0.063728,0.001533,0.206987,0.001431,0.447324,0.002637,80
human_intervention_revision,deformable_contact_replan,contact_precondition_failure,combined_stress,0.544470,0.003641,0.126833,0.004339,0.174756,0.002101,0.360808,0.002365,0.572750,0.002335,0.444013,0.002797,0.205682,0.001303,0.446347,0.001520,0.069275,0.001837,0.137494,0.001375,0.547674,0.002610,80
human_intervention_revision,deformable_contact_replan,contact_precondition_failure,in_distribution,0.636202,0.003926,0.462551,0.004776,0.112159,0.002323,0.200249,0.001989,0.617679,0.002401,0.496197,0.002322,0.176071,0.001271,0.301156,0.001488,0.075719,0.001747,0.102008,0.001346,0.544385,0.002628,80
human_intervention_revision,deformable_contact_replan,contact_precondition_failure,long_horizon_recovery,0.579177,0.003699,0.260425,0.004567,0.139543,0.002081,0.304060,0.002219,0.599092,0.002792,0.446893,0.003115,0.188357,0.001232,0.397791,0.001482,0.071740,0.001746,0.122557,0.001385,0.549563,0.002599,80
human_intervention_revision,deformable_contact_replan,contact_precondition_failure,new_operator_interventions,0.602187,0.003626,0.341517,0.004413,0.132680,0.002299,0.259929,0.002331,0.594518,0.002776,0.487094,0.002480,0.190360,0.001343,0.339078,0.001531,0.074326,0.001630,0.116283,0.001534,0.546649,0.002881,80
human_intervention_revision,deformable_contact_replan,contact_precondition_failure,sparse_feedback,0.570438,0.004136,0.233087,0.005093,0.172320,0.002166,0.291972,0.002318,0.585260,0.002774,0.478180,0.002863,0.196903,0.001276,0.405421,0.001558,0.070876,0.001932,0.127675,0.001264,0.545936,0.002465,80
human_intervention_revision,deformable_contact_replan,environment_change_intervention,combined_stress,0.513971,0.003935,0.027652,0.004361,0.204740,0.002169,0.393821,0.002137,0.548928,0.002785,0.424385,0.002861,0.216878,0.001277,0.452911,0.001627,0.067385,0.001786,0.152423,0.001436,0.528706,0.002701,80
human_intervention_revision,deformable_contact_replan,environment_change_intervention,in_distribution,0.608320,0.004039,0.364355,0.004950,0.143730,0.002258,0.234599,0.002521,0.593581,0.002934,0.477410,0.002485,0.187729,0.001265,0.306983,0.001395,0.072432,0.001797,0.117589,0.001386,0.528982,0.002501,80
human_intervention_revision,deformable_contact_replan,environment_change_intervention,long_horizon_recovery,0.552733,0.003433,0.161314,0.004918,0.169497,0.002262,0.339116,0.002257,0.576795,0.002763,0.423556,0.002485,0.201035,0.001371,0.405063,0.001551,0.070975,0.001592,0.138060,0.001306,0.527343,0.002751,80
human_intervention_revision,deformable_contact_replan,environment_change_intervention,new_operator_interventions,0.572789,0.003246,0.241734,0.003731,0.164442,0.002229,0.294440,0.002103,0.570874,0.002388,0.467738,0.002628,0.201699,0.001467,0.346205,0.001760,0.071265,0.001721,0.131157,0.001312,0.531263,0.002422,80
human_intervention_revision,deformable_contact_replan,environment_change_intervention,sparse_feedback,0.543253,0.003426,0.133655,0.004871,0.204698,0.001966,0.326070,0.002300,0.560616,0.002559,0.457234,0.002413,0.209394,0.001326,0.412408,0.001552,0.067569,0.001645,0.143286,0.001435,0.529731,0.002576,80
human_intervention_revision,deformable_contact_replan,false_human_hint,combined_stress,0.546362,0.004247,0.139962,0.004849,0.263674,0.002270,0.271952,0.002143,0.515804,0.002397,0.502584,0.002421,0.172700,0.001107,0.458395,0.001478,0.068850,0.001411,0.164504,0.001285,0.503977,0.002902,80
human_intervention_revision,deformable_contact_replan,false_human_hint,in_distribution,0.638916,0.003651,0.480593,0.004890,0.198777,0.002314,0.109998,0.002338,0.559077,0.002402,0.555559,0.003196,0.143358,0.001317,0.310157,0.001697,0.076175,0.001560,0.126245,0.001470,0.504112,0.002615,80
human_intervention_revision,deformable_contact_replan,false_human_hint,long_horizon_recovery,0.584729,0.004035,0.277215,0.004357,0.227658,0.002155,0.213229,0.002177,0.538915,0.002637,0.501906,0.002882,0.156249,0.001341,0.407897,0.001798,0.073603,0.001947,0.147542,0.001508,0.500709,0.002622,80
human_intervention_revision,deformable_contact_replan,false_human_hint,new_operator_interventions,0.607676,0.004022,0.361003,0.005072,0.221541,0.002106,0.169365,0.002570,0.539150,0.002515,0.546818,0.002590,0.158543,0.001164,0.348837,0.001324,0.074356,0.001712,0.140285,0.001276,0.503342,0.002519,80
human_intervention_revision,deformable_contact_replan,false_human_hint,sparse_feedback,0.573961,0.004187,0.246672,0.005508,0.263492,0.002226,0.201503,0.002313,0.525066,0.002754,0.534307,0.002694,0.164919,0.001178,0.418114,0.001844,0.072149,0.001741,0.151622,0.001426,0.506060,0.002705,80
human_intervention_revision,deformable_contact_replan,noisy_observation,combined_stress,0.583911,0.003694,0.277806,0.004576,0.189628,0.002326,0.250714,0.002112,0.558465,0.002772,0.517760,0.002695,0.165426,0.001276,0.451529,0.001457,0.072548,0.001643,0.123220,0.001394,0.534702,0.002458,80
human_intervention_revision,deformable_contact_replan,noisy_observation,in_distribution,0.675252,0.003908,0.614146,0.005085,0.127801,0.002423,0.087600,0.002086,0.600235,0.002695,0.570386,0.002772,0.136405,0.001341,0.306284,0.001609,0.079533,0.001783,0.087448,0.001434,0.538944,0.002413,80
human_intervention_revision,deformable_contact_replan,noisy_observation,long_horizon_recovery,0.614069,0.003493,0.406441,0.004387,0.154281,0.002477,0.192745,0.002108,0.582496,0.002975,0.517461,0.002416,0.148612,0.001401,0.403049,0.001775,0.074468,0.001570,0.108058,0.001548,0.536603,0.002604,80
human_intervention_revision,deformable_contact_replan,noisy_observation,new_operator_interventions,0.640042,0.004558,0.493650,0.004797,0.147099,0.002245,0.145483,0.002179,0.578220,0.002936,0.559468,0.002780,0.150448,0.001312,0.346909,0.001467,0.077183,0.001715,0.100056,0.001351,0.535709,0.002814,80
human_intervention_revision,deformable_contact_replan,noisy_observation,sparse_feedback,0.610705,0.004584,0.381970,0.004730,0.190675,0.002036,0.181275,0.002408,0.570241,0.002334,0.548725,0.002288,0.156645,0.001318,0.412075,0.001404,0.074823,0.001399,0.113823,0.001472,0.537071,0.002677,80
human_intervention_revision,deformable_contact_replan,nominal,combined_stress,0.633125,0.003837,0.458708,0.004686,0.115155,0.002262,0.200491,0.002384,0.613971,0.002581,0.548838,0.002694,0.148255,0.001385,0.435393,0.001524,0.076133,0.001655,0.097458,0.001457,0.579931,0.002726,80
human_intervention_revision,deformable_contact_replan,nominal,in_distribution,0.722890,0.004087,0.793890,0.004490,0.053110,0.002013,0.037310,0.001943,0.656780,0.002516,0.601421,0.002873,0.118840,0.001398,0.289238,0.001632,0.083394,0.001744,0.061357,0.001214,0.577786,0.002571,80
human_intervention_revision,deformable_contact_replan,nominal,long_horizon_recovery,0.671323,0.003884,0.597881,0.004626,0.078463,0.002177,0.142039,0.002182,0.640565,0.002989,0.551094,0.002587,0.130154,0.001068,0.387516,0.001399,0.078034,0.001778,0.081969,0.001423,0.575812,0.003103,80
human_intervention_revision,deformable_contact_replan,nominal,new_operator_interventions,0.689064,0.004434,0.674979,0.005627,0.074202,0.002297,0.096875,0.002335,0.636280,0.002333,0.591342,0.002917,0.131233,0.001392,0.328728,0.001546,0.080454,0.001665,0.074534,0.001467,0.580632,0.002758,80
human_intervention_revision,deformable_contact_replan,nominal,sparse_feedback,0.657836,0.003821,0.563774,0.004823,0.116106,0.001987,0.130063,0.002237,0.626673,0.002624,0.579477,0.002848,0.137092,0.001175,0.394866,0.001524,0.078336,0.001827,0.086910,0.001254,0.577782,0.002409,80
human_intervention_revision,deformable_contact_replan,physical_rule_violation,combined_stress,0.543973,0.003872,0.135533,0.004442,0.185909,0.001960,0.342888,0.002334,0.563382,0.002841,0.458395,0.002477,0.198938,0.001182,0.450601,0.001617,0.070226,0.001828,0.137580,0.001445,0.538861,0.002541,80
human_intervention_revision,deformable_contact_replan,physical_rule_violation,in_distribution,0.638271,0.003829,0.472734,0.004452,0.121775,0.002144,0.184183,0.001991,0.606796,0.002215,0.506545,0.002920,0.169895,0.001377,0.303029,0.001411,0.075846,0.001694,0.102760,0.001503,0.540264,0.002226,80
human_intervention_revision,deformable_contact_replan,physical_rule_violation,long_horizon_recovery,0.578151,0.004136,0.268723,0.005169,0.148449,0.002115,0.285801,0.002257,0.590091,0.002688,0.457516,0.002473,0.183065,0.001290,0.400618,0.001658,0.072496,0.001525,0.122456,0.001319,0.538576,0.002715,80
human_intervention_revision,deformable_contact_replan,physical_rule_violation,new_operator_interventions,0.603528,0.003437,0.353569,0.004109,0.142428,0.001912,0.241155,0.002263,0.586729,0.002573,0.496295,0.002542,0.183889,0.001273,0.343284,0.001371,0.074171,0.001613,0.115721,0.001316,0.543167,0.002539,80
human_intervention_revision,deformable_contact_replan,physical_rule_violation,sparse_feedback,0.574143,0.003808,0.242805,0.005077,0.184651,0.002019,0.275968,0.001999,0.576485,0.002757,0.486077,0.002457,0.189753,0.001273,0.409736,0.001581,0.070800,0.001758,0.128945,0.001317,0.539836,0.002726,80
human_intervention_revision,mobile_base_intervention,actuator_model_break,combined_stress,0.537918,0.003739,0.112113,0.004893,0.185531,0.002180,0.377868,0.002407,0.562139,0.003080,0.434454,0.002786,0.181196,0.001178,0.449318,0.001625,0.067558,0.001657,0.141398,0.001388,0.541799,0.002340,80
human_intervention_revision,mobile_base_intervention,actuator_model_break,in_distribution,0.628419,0.004118,0.447575,0.004829,0.123526,0.001884,0.215416,0.002575,0.607587,0.002679,0.486845,0.002962,0.151463,0.001458,0.305009,0.001660,0.073640,0.001764,0.106338,0.001445,0.539198,0.002147,80
human_intervention_revision,mobile_base_intervention,actuator_model_break,long_horizon_recovery,0.577065,0.003480,0.249511,0.004294,0.146487,0.002079,0.322038,0.002481,0.586559,0.002516,0.432105,0.002416,0.164654,0.001227,0.401005,0.001669,0.070034,0.001705,0.125191,0.001358,0.537972,0.002575,80
human_intervention_revision,mobile_base_intervention,actuator_model_break,new_operator_interventions,0.592545,0.004435,0.324764,0.004959,0.144940,0.002232,0.275595,0.002310,0.585257,0.002627,0.475574,0.002607,0.164703,0.001214,0.342812,0.001555,0.072818,0.001710,0.118455,0.001581,0.537931,0.002579,80
human_intervention_revision,mobile_base_intervention,actuator_model_break,sparse_feedback,0.566281,0.003975,0.220241,0.004547,0.184827,0.001880,0.308362,0.002149,0.576419,0.002559,0.466689,0.002453,0.171453,0.001260,0.409692,0.001596,0.068877,0.001519,0.131858,0.001588,0.538414,0.002820,80
human_intervention_revision,mobile_base_intervention,combined_intervention_stress,combined_stress,0.443365,0.003969,-0.244598,0.004598,0.368264,0.001917,0.443057,0.002132,0.438105,0.002619,0.391693,0.002639,0.205732,0.001340,0.480207,0.001545,0.060014,0.001363,0.217795,0.001531,0.445084,0.002828,80
human_intervention_revision,mobile_base_intervention,combined_intervention_stress,in_distribution,0.535446,0.003522,0.091964,0.004466,0.302664,0.002586,0.285264,0.002273,0.481593,0.002599,0.443599,0.002733,0.175941,0.001158,0.332932,0.001644,0.067713,0.001685,0.182883,0.001334,0.449828,0.002636,80
human_intervention_revision,mobile_base_intervention,combined_intervention_stress,long_horizon_recovery,0.481336,0.003559,-0.106811,0.004661,0.330415,0.002035,0.386642,0.002167,0.463511,0.002533,0.392509,0.003024,0.188430,0.001222,0.431523,0.001752,0.064261,0.001935,0.201663,0.001622,0.448082,0.002625,80
human_intervention_revision,mobile_base_intervention,combined_intervention_stress,new_operator_interventions,0.501027,0.003359,-0.028109,0.004569,0.323195,0.002451,0.344358,0.002014,0.460276,0.002644,0.433686,0.003086,0.188905,0.001295,0.373774,0.001687,0.066151,0.001751,0.195018,0.001262,0.447700,0.002477,80
human_intervention_revision,mobile_base_intervention,combined_intervention_stress,sparse_feedback,0.471760,0.003786,-0.137770,0.004310,0.365971,0.002153,0.376515,0.002113,0.451736,0.002312,0.421016,0.002525,0.195780,0.001245,0.439274,0.001634,0.064529,0.001599,0.208021,0.001346,0.447757,0.002765,80
human_intervention_revision,mobile_base_intervention,contact_precondition_failure,combined_stress,0.548485,0.003431,0.151741,0.004535,0.173452,0.002049,0.361507,0.002196,0.570091,0.002740,0.445571,0.002637,0.175959,0.001365,0.447124,0.001618,0.068586,0.001844,0.138585,0.001385,0.548386,0.002691,80
human_intervention_revision,mobile_base_intervention,contact_precondition_failure,in_distribution,0.641027,0.003820,0.492043,0.004389,0.110016,0.002237,0.199065,0.002216,0.616516,0.002795,0.497560,0.002473,0.145303,0.001380,0.300379,0.001423,0.073955,0.001644,0.102845,0.001472,0.546674,0.002450,80
human_intervention_revision,mobile_base_intervention,contact_precondition_failure,long_horizon_recovery,0.585419,0.003515,0.288887,0.004517,0.137207,0.002149,0.304563,0.002302,0.596465,0.002891,0.446922,0.002307,0.157280,0.001337,0.397672,0.001491,0.070516,0.001624,0.123628,0.001354,0.546276,0.002686,80
human_intervention_revision,mobile_base_intervention,contact_precondition_failure,new_operator_interventions,0.606465,0.003897,0.369319,0.004693,0.131033,0.002058,0.259287,0.002018,0.593227,0.002705,0.486600,0.002489,0.159640,0.001252,0.341142,0.001425,0.072900,0.001773,0.114386,0.001373,0.545573,0.002810,80
human_intervention_revision,mobile_base_intervention,contact_precondition_failure,sparse_feedback,0.578829,0.003695,0.262114,0.005006,0.173889,0.002765,0.290580,0.002019,0.585571,0.002381,0.476948,0.002736,0.166676,0.001131,0.407333,0.001444,0.072607,0.001815,0.127855,0.001528,0.547477,0.002516,80
human_intervention_revision,mobile_base_intervention,environment_change_intervention,combined_stress,0.522789,0.003328,0.055391,0.004391,0.207828,0.002123,0.393189,0.002462,0.546639,0.002475,0.423888,0.002517,0.187329,0.001308,0.452270,0.001342,0.066522,0.001718,0.153777,0.001241,0.530532,0.002365,80
human_intervention_revision,mobile_base_intervention,environment_change_intervention,in_distribution,0.615148,0.004011,0.392084,0.004589,0.145250,0.002297,0.232820,0.002041,0.594372,0.002740,0.475315,0.002308,0.157907,0.001240,0.305576,0.001711,0.072965,0.001759,0.119446,0.001262,0.529532,0.002312,80
human_intervention_revision,mobile_base_intervention,environment_change_intervention,long_horizon_recovery,0.561945,0.003895,0.194812,0.005030,0.169474,0.002133,0.337363,0.002147,0.574624,0.002676,0.426738,0.002589,0.170232,0.001413,0.404208,0.001837,0.069746,0.001827,0.138086,0.001431,0.531480,0.002683,80
human_intervention_revision,mobile_base_intervention,environment_change_intervention,new_operator_interventions,0.581454,0.004191,0.272787,0.004777,0.162842,0.002335,0.293717,0.002296,0.571957,0.002367,0.464246,0.002455,0.171239,0.001487,0.346634,0.001417,0.071524,0.001778,0.130682,0.001441,0.527318,0.002503,80
human_intervention_revision,mobile_base_intervention,environment_change_intervention,sparse_feedback,0.551231,0.003837,0.163390,0.004684,0.205090,0.002387,0.325933,0.001915,0.562106,0.002710,0.454902,0.002488,0.178572,0.001337,0.412182,0.001242,0.068513,0.001719,0.143725,0.001194,0.533145,0.002800,80
human_intervention_revision,mobile_base_intervention,false_human_hint,combined_stress,0.558255,0.003236,0.173808,0.004502,0.263045,0.002295,0.273515,0.002196,0.515231,0.002653,0.504320,0.002669,0.143086,0.001312,0.457458,0.001635,0.067444,0.001691,0.162383,0.001669,0.503111,0.002794,80
human_intervention_revision,mobile_base_intervention,false_human_hint,in_distribution,0.646835,0.004880,0.505257,0.005615,0.200763,0.002247,0.111662,0.002158,0.557832,0.002761,0.554607,0.002597,0.114896,0.001338,0.309868,0.001574,0.075842,0.001415,0.129138,0.001320,0.507987,0.002379,80
human_intervention_revision,mobile_base_intervention,false_human_hint,long_horizon_recovery,0.593610,0.003779,0.310012,0.004312,0.224216,0.002271,0.215377,0.002009,0.540833,0.002555,0.503445,0.002366,0.125218,0.001186,0.408227,0.001397,0.071236,0.001674,0.147789,0.001534,0.501099,0.002710,80
human_intervention_revision,mobile_base_intervention,false_human_hint,new_operator_interventions,0.612582,0.004067,0.387628,0.004832,0.220723,0.002018,0.169662,0.002449,0.538481,0.002632,0.546156,0.002516,0.128120,0.001197,0.350005,0.001380,0.072836,0.001781,0.139908,0.001481,0.500960,0.002504,80
human_intervention_revision,mobile_base_intervention,false_human_hint,sparse_feedback,0.585261,0.003857,0.277162,0.004214,0.265905,0.002337,0.201658,0.002127,0.526766,0.003064,0.534272,0.002563,0.135181,0.001420,0.417352,0.001545,0.072487,0.001548,0.153104,0.001230,0.503069,0.002399,80
human_intervention_revision,mobile_base_intervention,noisy_observation,combined_stress,0.588039,0.003904,0.304875,0.005193,0.189519,0.002338,0.249206,0.002555,0.556664,0.002711,0.518148,0.002998,0.135282,0.001487,0.452303,0.001569,0.072150,0.001847,0.121676,0.001303,0.534860,0.002423,80
human_intervention_revision,mobile_base_intervention,noisy_observation,in_distribution,0.683346,0.004194,0.640827,0.004720,0.129038,0.002008,0.090065,0.001937,0.601641,0.002611,0.571062,0.002561,0.107147,0.001289,0.305449,0.001476,0.079230,0.001565,0.088123,0.001512,0.535897,0.002377,80
human_intervention_revision,mobile_base_intervention,noisy_observation,long_horizon_recovery,0.625744,0.003521,0.440739,0.004687,0.154140,0.002364,0.191583,0.002360,0.582830,0.002296,0.521130,0.002506,0.118787,0.001192,0.403818,0.001529,0.075718,0.001904,0.107677,0.001517,0.535444,0.002972,80
human_intervention_revision,mobile_base_intervention,noisy_observation,new_operator_interventions,0.648630,0.003649,0.523744,0.004891,0.147628,0.002074,0.146654,0.002312,0.578962,0.002657,0.557153,0.002459,0.119901,0.001289,0.345375,0.001445,0.073908,0.001649,0.100025,0.001447,0.536682,0.002482,80
human_intervention_revision,mobile_base_intervention,noisy_observation,sparse_feedback,0.623604,0.004065,0.416539,0.004719,0.189850,0.002148,0.180148,0.002017,0.569541,0.002641,0.547712,0.002835,0.126932,0.001261,0.412470,0.001541,0.074257,0.001981,0.114424,0.001490,0.535741,0.002606,80
human_intervention_revision,mobile_base_intervention,nominal,combined_stress,0.640489,0.003827,0.489449,0.004509,0.117325,0.002090,0.199010,0.002334,0.615880,0.002743,0.551184,0.002475,0.116573,0.001386,0.435546,0.001423,0.074138,0.001804,0.097921,0.001298,0.578761,0.002658,80
human_intervention_revision,mobile_base_intervention,nominal,in_distribution,0.730482,0.004150,0.823899,0.004261,0.053352,0.002506,0.037490,0.001889,0.658302,0.002543,0.601537,0.002517,0.087663,0.001244,0.287751,0.001683,0.083290,0.001784,0.062252,0.001365,0.577539,0.002946,80
human_intervention_revision,mobile_base_intervention,nominal,long_horizon_recovery,0.679402,0.003542,0.627871,0.004697,0.077980,0.002151,0.141945,0.002559,0.639853,0.002824,0.550618,0.002359,0.100118,0.001451,0.387414,0.001554,0.079075,0.001867,0.081149,0.001448,0.577759,0.002661,80
human_intervention_revision,mobile_base_intervention,nominal,new_operator_interventions,0.697118,0.004213,0.706435,0.004629,0.072259,0.002097,0.097176,0.001970,0.638390,0.002431,0.592130,0.002486,0.100951,0.001307,0.328698,0.001590,0.079881,0.001628,0.073953,0.001656,0.577840,0.002637,80
human_intervention_revision,mobile_base_intervention,nominal,sparse_feedback,0.667330,0.003405,0.594240,0.004011,0.115442,0.002352,0.130790,0.002136,0.626754,0.002616,0.581487,0.002615,0.107383,0.001318,0.394618,0.001385,0.077656,0.001772,0.088235,0.001521,0.575416,0.002486,80
human_intervention_revision,mobile_base_intervention,physical_rule_violation,combined_stress,0.548311,0.003843,0.162742,0.004373,0.185554,0.002192,0.343008,0.002495,0.564185,0.002625,0.456841,0.003080,0.168319,0.001298,0.449052,0.001558,0.068010,0.001718,0.138157,0.001544,0.542082,0.002464,80
human_intervention_revision,mobile_base_intervention,physical_rule_violation,in_distribution,0.644076,0.004485,0.503019,0.005158,0.122034,0.002292,0.181452,0.001947,0.610360,0.002386,0.509497,0.002597,0.140334,0.001339,0.302613,0.001373,0.076634,0.001657,0.102750,0.001536,0.541277,0.002471,80
human_intervention_revision,mobile_base_intervention,physical_rule_violation,long_horizon_recovery,0.589759,0.003987,0.302614,0.004847,0.148148,0.002161,0.286064,0.002259,0.588871,0.002925,0.455788,0.002662,0.151359,0.001342,0.399923,0.001385,0.071746,0.001956,0.123204,0.001398,0.541987,0.003060,80
human_intervention_revision,mobile_base_intervention,physical_rule_violation,new_operator_interventions,0.608784,0.003823,0.377854,0.004238,0.143089,0.002061,0.243305,0.002254,0.586106,0.002288,0.496294,0.002467,0.153706,0.001291,0.342830,0.001423,0.074070,0.001688,0.116099,0.001264,0.538041,0.002413,80
human_intervention_revision,mobile_base_intervention,physical_rule_violation,sparse_feedback,0.579691,0.004309,0.269341,0.004407,0.185318,0.001988,0.276650,0.002038,0.579594,0.002618,0.484902,0.002969,0.160733,0.001457,0.407869,0.001698,0.072071,0.001781,0.128541,0.001557,0.541895,0.002590,80
human_intervention_revision,occluded_drawer_recovery,actuator_model_break,combined_stress,0.540299,0.003859,0.123167,0.004923,0.182447,0.002263,0.378265,0.002035,0.563246,0.002081,0.433547,0.002532,0.170680,0.001213,0.449859,0.001390,0.069166,0.001581,0.141245,0.001521,0.540272,0.002647,80
human_intervention_revision,occluded_drawer_recovery,actuator_model_break,in_distribution,0.632504,0.004323,0.455383,0.004571,0.125178,0.001929,0.216946,0.002197,0.607968,0.002978,0.484972,0.002661,0.142644,0.001575,0.304215,0.001383,0.074001,0.001837,0.107061,0.001576,0.539614,0.002558,80
human_intervention_revision,occluded_drawer_recovery,actuator_model_break,long_horizon_recovery,0.574628,0.003826,0.253283,0.004431,0.147444,0.002200,0.322899,0.002066,0.586622,0.002691,0.437502,0.002505,0.154878,0.001260,0.401990,0.001627,0.070788,0.001551,0.126923,0.001174,0.540473,0.002573,80
human_intervention_revision,occluded_drawer_recovery,actuator_model_break,new_operator_interventions,0.599182,0.004059,0.338999,0.004392,0.142893,0.002091,0.274200,0.002204,0.581168,0.002535,0.475871,0.002458,0.155847,0.001532,0.343066,0.001533,0.071130,0.001783,0.119648,0.001342,0.540484,0.002300,80
human_intervention_revision,occluded_drawer_recovery,actuator_model_break,sparse_feedback,0.568894,0.004446,0.226455,0.005234,0.185703,0.002502,0.308915,0.002166,0.575150,0.002773,0.466232,0.002421,0.163265,0.001563,0.411730,0.001546,0.071226,0.001816,0.131682,0.001425,0.538609,0.002136,80
human_intervention_revision,occluded_drawer_recovery,combined_intervention_stress,combined_stress,0.442636,0.004511,-0.238774,0.005078,0.366996,0.002236,0.445418,0.002182,0.435424,0.002573,0.391264,0.002496,0.194596,0.001389,0.479269,0.001641,0.060578,0.001629,0.217943,0.001698,0.445642,0.002549,80
human_intervention_revision,occluded_drawer_recovery,combined_intervention_stress,in_distribution,0.537358,0.004109,0.101408,0.004208,0.302560,0.002323,0.284709,0.001947,0.483787,0.002182,0.443711,0.002651,0.166549,0.001360,0.332313,0.001596,0.068215,0.001750,0.182861,0.001563,0.447165,0.002403,80
human_intervention_revision,occluded_drawer_recovery,combined_intervention_stress,long_horizon_recovery,0.482527,0.004223,-0.100885,0.005214,0.330753,0.002027,0.389212,0.002067,0.460865,0.002730,0.393271,0.002541,0.178466,0.001123,0.428062,0.001691,0.065026,0.001672,0.203152,0.001436,0.447471,0.002656,80
human_intervention_revision,occluded_drawer_recovery,combined_intervention_stress,new_operator_interventions,0.504992,0.003920,-0.017196,0.004371,0.322770,0.002125,0.344470,0.002198,0.461008,0.002634,0.432837,0.002479,0.179763,0.001449,0.372979,0.001369,0.066165,0.001435,0.195216,0.001457,0.449193,0.002795,80
human_intervention_revision,occluded_drawer_recovery,combined_intervention_stress,sparse_feedback,0.476079,0.003798,-0.121844,0.004731,0.363486,0.002241,0.374477,0.002034,0.453300,0.002628,0.421596,0.002434,0.185416,0.001387,0.438746,0.001539,0.064003,0.001472,0.206390,0.001592,0.446080,0.002644,80
human_intervention_revision,occluded_drawer_recovery,contact_precondition_failure,combined_stress,0.550959,0.003605,0.166024,0.004472,0.171916,0.002123,0.359982,0.002347,0.572217,0.002942,0.444896,0.002533,0.164700,0.001256,0.445410,0.001573,0.067925,0.001794,0.136599,0.001366,0.547971,0.002309,80
human_intervention_revision,occluded_drawer_recovery,contact_precondition_failure,in_distribution,0.640613,0.003967,0.497880,0.004106,0.110274,0.002217,0.198199,0.001837,0.613904,0.002905,0.495630,0.002086,0.135834,0.001299,0.299537,0.001503,0.075312,0.001622,0.102330,0.001154,0.545346,0.002642,80
human_intervention_revision,occluded_drawer_recovery,contact_precondition_failure,long_horizon_recovery,0.591667,0.003997,0.301348,0.004786,0.138619,0.002188,0.303720,0.002268,0.598172,0.002742,0.446052,0.002301,0.148650,0.001448,0.396929,0.001774,0.071579,0.001665,0.123106,0.001418,0.546192,0.002612,80
human_intervention_revision,occluded_drawer_recovery,contact_precondition_failure,new_operator_interventions,0.610865,0.004032,0.380628,0.004663,0.131401,0.002077,0.259420,0.002195,0.595910,0.002362,0.484170,0.002716,0.149412,0.001166,0.340197,0.001301,0.073143,0.001653,0.115531,0.001553,0.546869,0.002315,80
human_intervention_revision,occluded_drawer_recovery,contact_precondition_failure,sparse_feedback,0.585683,0.003793,0.277543,0.004688,0.173025,0.002165,0.290604,0.002250,0.586494,0.002998,0.477162,0.002248,0.155999,0.001214,0.407265,0.001497,0.071476,0.001730,0.127472,0.001380,0.545784,0.002970,80
human_intervention_revision,occluded_drawer_recovery,environment_change_intervention,combined_stress,0.524198,0.004028,0.064601,0.004975,0.206237,0.002364,0.395350,0.002343,0.549253,0.002536,0.423650,0.002495,0.176450,0.001430,0.452532,0.001290,0.068567,0.001832,0.152831,0.001421,0.530795,0.002831,80
human_intervention_revision,occluded_drawer_recovery,environment_change_intervention,in_distribution,0.620819,0.003525,0.406773,0.003965,0.142845,0.002028,0.234103,0.002266,0.595642,0.002786,0.475077,0.002971,0.147443,0.001355,0.305114,0.001624,0.073653,0.001955,0.117767,0.001425,0.530166,0.002493,80
human_intervention_revision,occluded_drawer_recovery,environment_change_intervention,long_horizon_recovery,0.563266,0.003912,0.202329,0.004650,0.170486,0.002185,0.337078,0.002150,0.573554,0.002770,0.425592,0.002380,0.159859,0.001421,0.403932,0.001644,0.069896,0.001546,0.139031,0.001357,0.531949,0.002654,80
human_intervention_revision,occluded_drawer_recovery,environment_change_intervention,new_operator_interventions,0.583410,0.004028,0.283496,0.004594,0.163016,0.002294,0.293268,0.001953,0.570667,0.002675,0.466024,0.002523,0.160758,0.001516,0.345796,0.001527,0.069475,0.001653,0.130204,0.001286,0.528593,0.002411,80
human_intervention_revision,occluded_drawer_recovery,environment_change_intervention,sparse_feedback,0.551720,0.004022,0.169837,0.004874,0.207462,0.001883,0.325549,0.002179,0.560804,0.002499,0.455878,0.002583,0.168644,0.001291,0.411002,0.001650,0.068763,0.001700,0.143281,0.001187,0.529913,0.002577,80
human_intervention_revision,occluded_drawer_recovery,false_human_hint,combined_stress,0.559391,0.003942,0.181979,0.004372,0.265655,0.002102,0.272058,0.002487,0.517128,0.002589,0.500998,0.002850,0.131528,0.001450,0.456232,0.001318,0.068593,0.002127,0.163482,0.001595,0.502938,0.002702,80
human_intervention_revision,occluded_drawer_recovery,false_human_hint,in_distribution,0.649725,0.004185,0.516042,0.005560,0.200997,0.002268,0.110151,0.002257,0.558921,0.002499,0.557700,0.002600,0.104937,0.001311,0.311539,0.001482,0.076714,0.001435,0.128627,0.001635,0.501197,0.002720,80
human_intervention_revision,occluded_drawer_recovery,false_human_hint,long_horizon_recovery,0.595731,0.003383,0.315121,0.004684,0.227932,0.002389,0.216265,0.002147,0.538415,0.002380,0.505162,0.002813,0.115771,0.001340,0.407882,0.001563,0.073433,0.001907,0.149628,0.001586,0.505878,0.002300,80
human_intervention_revision,occluded_drawer_recovery,false_human_hint,new_operator_interventions,0.618979,0.003672,0.400198,0.004793,0.220358,0.002602,0.170009,0.002285,0.535570,0.002758,0.545532,0.002724,0.118161,0.001097,0.349251,0.001356,0.074461,0.001652,0.140551,0.001265,0.504779,0.002363,80
human_intervention_revision,occluded_drawer_recovery,false_human_hint,sparse_feedback,0.585292,0.004415,0.287529,0.004734,0.262997,0.002242,0.202974,0.002069,0.529201,0.002570,0.536716,0.002400,0.123217,0.001414,0.416917,0.001642,0.073093,0.001890,0.153323,0.001677,0.501257,0.002683,80
human_intervention_revision,occluded_drawer_recovery,noisy_observation,combined_stress,0.588582,0.003836,0.310866,0.004657,0.192751,0.002298,0.249281,0.001927,0.560033,0.002423,0.517514,0.002688,0.124997,0.001217,0.452339,0.001565,0.072443,0.001808,0.123141,0.001513,0.536106,0.002648,80
human_intervention_revision,occluded_drawer_recovery,noisy_observation,in_distribution,0.683969,0.004068,0.651640,0.004558,0.130408,0.002010,0.086068,0.002203,0.602480,0.002693,0.571286,0.002943,0.095731,0.001291,0.306055,0.001760,0.079146,0.001935,0.088265,0.001533,0.535739,0.002166,80
human_intervention_revision,occluded_drawer_recovery,noisy_observation,long_horizon_recovery,0.630713,0.003147,0.454652,0.003910,0.152077,0.002029,0.191523,0.001997,0.583434,0.002724,0.517471,0.002916,0.107670,0.001305,0.403653,0.001368,0.073044,0.001676,0.108318,0.001196,0.536144,0.002607,80
human_intervention_revision,occluded_drawer_recovery,noisy_observation,new_operator_interventions,0.648265,0.004230,0.530420,0.004691,0.147198,0.002134,0.146768,0.001860,0.580260,0.002403,0.560656,0.002841,0.110566,0.001355,0.345532,0.001434,0.075679,0.001676,0.100848,0.001290,0.534516,0.002479,80
human_intervention_revision,occluded_drawer_recovery,noisy_observation,sparse_feedback,0.623731,0.003708,0.424953,0.004350,0.190045,0.001960,0.180824,0.001747,0.570823,0.002489,0.549943,0.002415,0.116056,0.001197,0.413192,0.001589,0.073342,0.001584,0.113969,0.001596,0.536428,0.002795,80
human_intervention_revision,occluded_drawer_recovery,nominal,combined_stress,0.645841,0.004188,0.502611,0.005240,0.114866,0.002296,0.199421,0.002358,0.615153,0.002803,0.550644,0.002942,0.106937,0.001399,0.434740,0.001449,0.075661,0.001804,0.097445,0.001358,0.578058,0.002206,80
human_intervention_revision,occluded_drawer_recovery,nominal,in_distribution,0.734669,0.003756,0.836887,0.004932,0.052588,0.002034,0.036427,0.002215,0.658140,0.002664,0.602725,0.002485,0.077665,0.001341,0.288218,0.001635,0.082692,0.001673,0.061769,0.001366,0.577981,0.002669,80
human_intervention_revision,occluded_drawer_recovery,nominal,long_horizon_recovery,0.678077,0.003727,0.633923,0.004868,0.078633,0.002229,0.139855,0.002222,0.638299,0.002654,0.549138,0.002587,0.090341,0.001464,0.387170,0.001542,0.078209,0.001593,0.082440,0.001471,0.580326,0.002549,80
human_intervention_revision,occluded_drawer_recovery,nominal,new_operator_interventions,0.697176,0.004042,0.710477,0.004293,0.075637,0.002440,0.097243,0.002266,0.638577,0.002434,0.590704,0.002620,0.092307,0.001208,0.328085,0.001512,0.078911,0.001727,0.074689,0.001537,0.579111,0.002603,80
human_intervention_revision,occluded_drawer_recovery,nominal,sparse_feedback,0.669381,0.004015,0.605259,0.004871,0.115741,0.002216,0.129983,0.002132,0.629234,0.002543,0.582814,0.002825,0.097689,0.001245,0.395267,0.001473,0.077023,0.001448,0.086987,0.001463,0.578219,0.002719,80
human_intervention_revision,occluded_drawer_recovery,physical_rule_violation,combined_stress,0.554565,0.004476,0.175587,0.005187,0.185330,0.002341,0.342191,0.002272,0.564993,0.002707,0.452615,0.002563,0.158018,0.001269,0.450171,0.001532,0.069400,0.001762,0.138205,0.001609,0.541211,0.002404,80
human_intervention_revision,occluded_drawer_recovery,physical_rule_violation,in_distribution,0.647190,0.003749,0.510818,0.004440,0.122119,0.002361,0.184551,0.001921,0.608620,0.002673,0.509883,0.002407,0.129971,0.001230,0.302267,0.001755,0.075424,0.001684,0.103608,0.001349,0.539968,0.002609,80
human_intervention_revision,occluded_drawer_recovery,physical_rule_violation,long_horizon_recovery,0.589557,0.003747,0.306797,0.004607,0.148500,0.002243,0.288390,0.002182,0.590137,0.002568,0.455913,0.002664,0.142176,0.001448,0.401549,0.001453,0.072440,0.001722,0.122923,0.001644,0.539258,0.002509,80
human_intervention_revision,occluded_drawer_recovery,physical_rule_violation,new_operator_interventions,0.612467,0.003426,0.389209,0.004049,0.142564,0.001983,0.242721,0.002050,0.587016,0.002116,0.497784,0.002650,0.144597,0.001025,0.343986,0.001426,0.074087,0.001685,0.116699,0.001393,0.542655,0.002189,80
human_intervention_revision,occluded_drawer_recovery,physical_rule_violation,sparse_feedback,0.587062,0.003879,0.286702,0.004524,0.183391,0.002123,0.275768,0.002376,0.576431,0.002669,0.488277,0.002799,0.149236,0.001312,0.409847,0.001601,0.071266,0.001632,0.127518,0.001245,0.541781,0.002339,80
human_intervention_revision,payload_shift_pick,actuator_model_break,combined_stress,0.532137,0.003910,0.100941,0.004546,0.183256,0.002055,0.377274,0.002409,0.563083,0.002635,0.434564,0.002390,0.190756,0.001273,0.449562,0.001559,0.067140,0.001776,0.142456,0.001362,0.539033,0.002735,80
human_intervention_revision,payload_shift_pick,actuator_model_break,in_distribution,0.623470,0.004317,0.432758,0.005276,0.123612,0.001859,0.217697,0.001932,0.607410,0.002535,0.487864,0.002909,0.163006,0.001445,0.303322,0.001518,0.075115,0.001762,0.107184,0.001389,0.539449,0.002672,80
human_intervention_revision,payload_shift_pick,actuator_model_break,long_horizon_recovery,0.570508,0.003449,0.234965,0.004267,0.149230,0.001877,0.321277,0.002494,0.586731,0.002675,0.434910,0.002644,0.174531,0.001127,0.401314,0.001525,0.071938,0.001637,0.125781,0.001316,0.540072,0.003049,80
human_intervention_revision,payload_shift_pick,actuator_model_break,new_operator_interventions,0.593335,0.004552,0.318649,0.004799,0.141988,0.002397,0.276639,0.001914,0.584073,0.002708,0.476720,0.002910,0.175587,0.001344,0.344242,0.001687,0.069681,0.001444,0.119835,0.001257,0.539969,0.002762,80
human_intervention_revision,payload_shift_pick,actuator_model_break,sparse_feedback,0.562896,0.003544,0.209889,0.004559,0.185459,0.002247,0.307944,0.002027,0.577393,0.002396,0.467675,0.002241,0.180940,0.001280,0.409778,0.001617,0.072164,0.001698,0.131639,0.001313,0.538740,0.002812,80
human_intervention_revision,payload_shift_pick,combined_intervention_stress,combined_stress,0.438281,0.003154,-0.252556,0.004406,0.364362,0.002226,0.444816,0.002063,0.440464,0.002450,0.392670,0.002465,0.214399,0.001192,0.476700,0.001355,0.062884,0.001500,0.216487,0.001404,0.449169,0.002914,80
human_intervention_revision,payload_shift_pick,combined_intervention_stress,in_distribution,0.531777,0.004091,0.080624,0.004911,0.305299,0.002411,0.283046,0.002088,0.481860,0.002483,0.442312,0.002646,0.185982,0.001214,0.331684,0.001619,0.069004,0.001690,0.182598,0.001399,0.445821,0.002348,80
human_intervention_revision,payload_shift_pick,combined_intervention_stress,long_horizon_recovery,0.480068,0.004294,-0.117109,0.005572,0.331877,0.002092,0.386821,0.002598,0.463572,0.002576,0.392350,0.003101,0.199260,0.001439,0.430204,0.001583,0.065888,0.001578,0.202589,0.001550,0.449730,0.002569,80
human_intervention_revision,payload_shift_pick,combined_intervention_stress,new_operator_interventions,0.497818,0.004195,-0.038608,0.005247,0.324589,0.002203,0.342564,0.002087,0.462709,0.002140,0.433291,0.002747,0.200729,0.001198,0.372996,0.001630,0.065695,0.001679,0.195042,0.001308,0.447562,0.002843,80
human_intervention_revision,payload_shift_pick,combined_intervention_stress,sparse_feedback,0.471841,0.004474,-0.144892,0.005308,0.365712,0.002198,0.377150,0.002379,0.451689,0.002607,0.423795,0.002242,0.207380,0.001262,0.439129,0.001605,0.064072,0.001510,0.205812,0.001482,0.445539,0.002389,80
human_intervention_revision,payload_shift_pick,contact_precondition_failure,combined_stress,0.545122,0.003366,0.142027,0.004261,0.172992,0.002155,0.362483,0.002134,0.573262,0.002590,0.443073,0.002578,0.185404,0.001251,0.446114,0.001304,0.068673,0.001454,0.137458,0.001354,0.546895,0.002282,80
human_intervention_revision,payload_shift_pick,contact_precondition_failure,in_distribution,0.642529,0.004034,0.483316,0.004713,0.110726,0.002136,0.201620,0.002115,0.616829,0.002566,0.498647,0.002247,0.156150,0.001179,0.301038,0.001413,0.076218,0.001651,0.102733,0.001519,0.547685,0.002469,80
human_intervention_revision,payload_shift_pick,contact_precondition_failure,long_horizon_recovery,0.585870,0.003754,0.279463,0.004284,0.138953,0.002015,0.305866,0.001903,0.597116,0.002525,0.447094,0.002718,0.168749,0.001282,0.398297,0.001582,0.070499,0.001595,0.122650,0.001330,0.545675,0.002687,80
human_intervention_revision,payload_shift_pick,contact_precondition_failure,new_operator_interventions,0.610128,0.003714,0.366200,0.004323,0.130878,0.001888,0.258976,0.002166,0.595186,0.002465,0.485993,0.002468,0.170316,0.001324,0.340414,0.001639,0.072872,0.001677,0.114271,0.001511,0.546422,0.002665,80
human_intervention_revision,payload_shift_pick,contact_precondition_failure,sparse_feedback,0.572942,0.004137,0.249158,0.004546,0.172895,0.002190,0.292146,0.002191,0.583298,0.002548,0.478446,0.002665,0.176161,0.001233,0.406712,0.001679,0.070576,0.001650,0.127993,0.001395,0.545766,0.002751,80
human_intervention_revision,payload_shift_pick,environment_change_intervention,combined_stress,0.522746,0.003418,0.050308,0.004403,0.204351,0.002027,0.394358,0.002342,0.548105,0.002494,0.422411,0.002586,0.196026,0.001417,0.452324,0.001387,0.067389,0.001719,0.153115,0.001312,0.528187,0.002608,80
human_intervention_revision,payload_shift_pick,environment_change_intervention,in_distribution,0.612480,0.003943,0.383079,0.004844,0.143832,0.002123,0.233481,0.002235,0.593371,0.002471,0.477575,0.002797,0.168806,0.001414,0.305822,0.001518,0.072935,0.001592,0.117971,0.001565,0.531742,0.002363,80
human_intervention_revision,payload_shift_pick,environment_change_intervention,long_horizon_recovery,0.559768,0.003239,0.183862,0.003816,0.169963,0.002144,0.336830,0.001920,0.571785,0.002514,0.426532,0.003064,0.181576,0.001253,0.403801,0.001405,0.068998,0.001867,0.138415,0.001486,0.530388,0.003101,80
human_intervention_revision,payload_shift_pick,environment_change_intervention,new_operator_interventions,0.581624,0.004429,0.267177,0.004521,0.162648,0.002074,0.292385,0.002148,0.570502,0.002379,0.465746,0.002799,0.181608,0.001141,0.345995,0.001246,0.071249,0.001699,0.130404,0.001259,0.530482,0.002415,80
human_intervention_revision,payload_shift_pick,environment_change_intervention,sparse_feedback,0.546562,0.003766,0.151324,0.004450,0.205333,0.002136,0.326597,0.002071,0.563008,0.002489,0.456000,0.002794,0.188082,0.001375,0.412830,0.001416,0.068646,0.001421,0.143268,0.001567,0.528321,0.002436,80
human_intervention_revision,payload_shift_pick,false_human_hint,combined_stress,0.550419,0.003734,0.157484,0.004839,0.264826,0.002373,0.271697,0.002343,0.514653,0.002526,0.502246,0.002556,0.153405,0.001299,0.457919,0.001539,0.069594,0.001776,0.163282,0.001413,0.504505,0.003006,80
human_intervention_revision,payload_shift_pick,false_human_hint,in_distribution,0.644395,0.003356,0.498804,0.004195,0.200407,0.002020,0.110125,0.002238,0.561009,0.002428,0.555994,0.002445,0.123276,0.001242,0.310785,0.001634,0.077633,0.001529,0.127324,0.001286,0.502409,0.002946,80
human_intervention_revision,payload_shift_pick,false_human_hint,long_horizon_recovery,0.591380,0.003780,0.297360,0.004412,0.228675,0.002251,0.215467,0.002124,0.542617,0.002769,0.503956,0.002495,0.135663,0.001248,0.409065,0.001549,0.071530,0.001557,0.148995,0.001409,0.502332,0.002754,80
human_intervention_revision,payload_shift_pick,false_human_hint,new_operator_interventions,0.605880,0.004333,0.373566,0.005054,0.221563,0.001969,0.168501,0.002406,0.537150,0.002424,0.544346,0.002614,0.137818,0.001355,0.349328,0.001626,0.075340,0.001673,0.140270,0.001197,0.504867,0.002650,80
human_intervention_revision,payload_shift_pick,false_human_hint,sparse_feedback,0.582644,0.003835,0.269753,0.004565,0.263241,0.002462,0.202346,0.002304,0.527794,0.002273,0.534740,0.002315,0.143927,0.001455,0.417195,0.001488,0.072540,0.001567,0.153495,0.001488,0.503754,0.003085,80
human_intervention_revision,payload_shift_pick,noisy_observation,combined_stress,0.583588,0.004409,0.293128,0.004956,0.187891,0.002188,0.249769,0.002151,0.556894,0.002519,0.515658,0.003176,0.145120,0.001274,0.453518,0.001393,0.071934,0.001815,0.122109,0.001311,0.535168,0.002674,80
human_intervention_revision,payload_shift_pick,noisy_observation,in_distribution,0.676935,0.003673,0.629494,0.004694,0.127462,0.002331,0.087128,0.002610,0.601190,0.002488,0.568754,0.002572,0.116885,0.001327,0.305495,0.001276,0.080620,0.001688,0.088331,0.001536,0.535108,0.002638,80
human_intervention_revision,payload_shift_pick,noisy_observation,long_horizon_recovery,0.622447,0.003993,0.431091,0.004993,0.153106,0.002359,0.190941,0.002110,0.582491,0.002693,0.518148,0.002838,0.129143,0.001277,0.403294,0.001703,0.075184,0.001886,0.106476,0.001381,0.534828,0.002577,80
human_intervention_revision,payload_shift_pick,noisy_observation,new_operator_interventions,0.647586,0.003987,0.514067,0.004633,0.148350,0.002044,0.147696,0.002185,0.579771,0.002624,0.558552,0.002795,0.130647,0.001325,0.346062,0.001573,0.076534,0.001668,0.099444,0.001709,0.538853,0.002420,80
human_intervention_revision,payload_shift_pick,noisy_observation,sparse_feedback,0.618853,0.003611,0.404586,0.004536,0.190632,0.002014,0.180272,0.002184,0.570522,0.002716,0.547177,0.002772,0.137228,0.001232,0.413205,0.001491,0.074224,0.001773,0.112764,0.001524,0.536318,0.003005,80
human_intervention_revision,payload_shift_pick,nominal,combined_stress,0.635781,0.004054,0.477288,0.004967,0.116336,0.002764,0.198443,0.002177,0.614475,0.003124,0.549301,0.002595,0.127662,0.001298,0.434817,0.001496,0.076197,0.001658,0.096889,0.001262,0.578426,0.002842,80
human_intervention_revision,payload_shift_pick,nominal,in_distribution,0.729730,0.003836,0.818113,0.004860,0.050639,0.001869,0.038369,0.002115,0.658472,0.002534,0.605022,0.002512,0.098260,0.001270,0.288931,0.001539,0.082582,0.001420,0.060557,0.001454,0.579128,0.002786,80
human_intervention_revision,payload_shift_pick,nominal,long_horizon_recovery,0.672091,0.003947,0.612635,0.004263,0.080572,0.001977,0.140935,0.002159,0.639156,0.002552,0.550870,0.002756,0.109224,0.001340,0.386439,0.001531,0.077652,0.001576,0.083364,0.001322,0.576650,0.002579,80
human_intervention_revision,payload_shift_pick,nominal,new_operator_interventions,0.696366,0.003437,0.696561,0.004172,0.072717,0.001965,0.097961,0.002351,0.634388,0.002592,0.591848,0.002430,0.111806,0.001285,0.328789,0.001493,0.078246,0.001815,0.073860,0.001197,0.579755,0.002389,80
human_intervention_revision,payload_shift_pick,nominal,sparse_feedback,0.670208,0.003949,0.591057,0.004564,0.114502,0.002424,0.129855,0.002132,0.626896,0.002613,0.581091,0.002692,0.117633,0.001226,0.394734,0.001598,0.078557,0.001637,0.087933,0.001603,0.578179,0.002430,80
human_intervention_revision,payload_shift_pick,physical_rule_violation,combined_stress,0.550714,0.004237,0.158384,0.004925,0.183528,0.002385,0.342947,0.002153,0.563110,0.002838,0.454980,0.002642,0.179268,0.001265,0.449102,0.001377,0.068683,0.001475,0.136562,0.001364,0.542254,0.002602,80
human_intervention_revision,payload_shift_pick,physical_rule_violation,in_distribution,0.644152,0.003897,0.493537,0.004803,0.122490,0.002198,0.183832,0.001980,0.609607,0.002923,0.507307,0.002897,0.149985,0.001126,0.302209,0.001535,0.074936,0.001612,0.103562,0.001426,0.540276,0.002445,80
human_intervention_revision,payload_shift_pick,physical_rule_violation,long_horizon_recovery,0.590833,0.004177,0.297727,0.005248,0.147931,0.002436,0.286218,0.002077,0.589345,0.002897,0.459723,0.002445,0.162341,0.001194,0.399585,0.001565,0.071740,0.001536,0.121144,0.001393,0.542036,0.002423,80
human_intervention_revision,payload_shift_pick,physical_rule_violation,new_operator_interventions,0.607323,0.004198,0.370534,0.004838,0.141351,0.002191,0.242601,0.001786,0.585065,0.002849,0.495848,0.002206,0.163732,0.001322,0.343608,0.001446,0.074459,0.001805,0.115329,0.001570,0.538691,0.002963,80
human_intervention_revision,payload_shift_pick,physical_rule_violation,sparse_feedback,0.580312,0.003818,0.263406,0.004519,0.185143,0.002354,0.275132,0.002220,0.575454,0.002226,0.486904,0.002086,0.170981,0.001240,0.409006,0.001383,0.071194,0.001759,0.128009,0.001331,0.543032,0.002512,80
human_intervention_revision,tool_use_correction,actuator_model_break,combined_stress,0.531933,0.004312,0.090462,0.005493,0.185367,0.002115,0.378053,0.002433,0.562346,0.002753,0.436598,0.002903,0.202192,0.001288,0.451466,0.001362,0.068428,0.001772,0.141977,0.001462,0.539932,0.002993,80
human_intervention_revision,tool_use_correction,actuator_model_break,in_distribution,0.624086,0.003452,0.426827,0.004125,0.122212,0.002271,0.218091,0.002108,0.607175,0.002503,0.486819,0.003083,0.172658,0.001359,0.304424,0.001783,0.074744,0.001522,0.106823,0.001326,0.541139,0.002526,80
human_intervention_revision,tool_use_correction,actuator_model_break,long_horizon_recovery,0.571075,0.004181,0.227098,0.004667,0.151326,0.002236,0.320323,0.001986,0.586930,0.002465,0.434602,0.002942,0.184331,0.001327,0.402212,0.001747,0.069956,0.001711,0.127308,0.001339,0.537713,0.002708,80
human_intervention_revision,tool_use_correction,actuator_model_break,new_operator_interventions,0.590181,0.004508,0.308111,0.004949,0.142147,0.002017,0.276130,0.002061,0.583865,0.002382,0.475247,0.002957,0.185326,0.001326,0.343699,0.001514,0.071949,0.001718,0.119712,0.001437,0.539385,0.002723,80
human_intervention_revision,tool_use_correction,actuator_model_break,sparse_feedback,0.562206,0.002970,0.200551,0.004329,0.183691,0.002131,0.309940,0.002273,0.575042,0.002585,0.465533,0.003013,0.191587,0.001269,0.410535,0.001372,0.068636,0.001590,0.131966,0.001459,0.538418,0.002647,80
human_intervention_revision,tool_use_correction,combined_intervention_stress,combined_stress,0.437550,0.003404,-0.265126,0.004161,0.366216,0.002394,0.445066,0.002161,0.438253,0.002807,0.389901,0.002390,0.224940,0.001274,0.478610,0.001533,0.063935,0.001612,0.218610,0.001523,0.447147,0.002671,80
human_intervention_revision,tool_use_correction,combined_intervention_stress,in_distribution,0.530863,0.003784,0.073446,0.004270,0.304431,0.002245,0.284165,0.002136,0.481659,0.002652,0.445661,0.002150,0.195520,0.001456,0.332661,0.001638,0.067203,0.001527,0.182804,0.001506,0.447055,0.002270,80
human_intervention_revision,tool_use_correction,combined_intervention_stress,long_horizon_recovery,0.476211,0.003602,-0.125087,0.004290,0.328279,0.002169,0.386863,0.002206,0.462998,0.002675,0.394390,0.002671,0.209040,0.001352,0.428508,0.001940,0.065998,0.001590,0.202271,0.001371,0.447534,0.002692,80
human_intervention_revision,tool_use_correction,combined_intervention_stress,new_operator_interventions,0.495763,0.003858,-0.047873,0.004239,0.323636,0.002130,0.342850,0.002185,0.461327,0.002553,0.432706,0.002244,0.209811,0.001299,0.373400,0.001346,0.068231,0.001565,0.195222,0.001249,0.448024,0.002417,80
human_intervention_revision,tool_use_correction,combined_intervention_stress,sparse_feedback,0.466921,0.003436,-0.158030,0.004006,0.367694,0.002016,0.376702,0.002223,0.452680,0.002381,0.425502,0.002885,0.216592,0.001400,0.439009,0.001535,0.064885,0.001770,0.209312,0.001227,0.447722,0.002449,80
human_intervention_revision,tool_use_correction,contact_precondition_failure,combined_stress,0.543174,0.003948,0.132745,0.004835,0.173218,0.002208,0.363597,0.002096,0.572908,0.002576,0.444067,0.002564,0.194532,0.001326,0.446593,0.001494,0.067745,0.001784,0.137736,0.001466,0.547295,0.002447,80
human_intervention_revision,tool_use_correction,contact_precondition_failure,in_distribution,0.636992,0.004395,0.471032,0.004914,0.113113,0.002197,0.199919,0.002109,0.615519,0.002337,0.500013,0.003269,0.166487,0.001510,0.298251,0.001470,0.074131,0.001711,0.103660,0.001351,0.549058,0.002447,80
human_intervention_revision,tool_use_correction,contact_precondition_failure,long_horizon_recovery,0.586107,0.003420,0.275932,0.003664,0.137868,0.001885,0.303537,0.001932,0.596623,0.002595,0.447484,0.002386,0.178356,0.001284,0.396569,0.001610,0.070540,0.001615,0.121898,0.001295,0.546945,0.002569,80
human_intervention_revision,tool_use_correction,contact_precondition_failure,new_operator_interventions,0.602499,0.004247,0.349766,0.004651,0.133695,0.002028,0.258778,0.001942,0.595492,0.002465,0.486336,0.002517,0.180684,0.001335,0.340184,0.001592,0.072044,0.001964,0.115268,0.001289,0.548027,0.002576,80
human_intervention_revision,tool_use_correction,contact_precondition_failure,sparse_feedback,0.575000,0.004328,0.243991,0.004682,0.173636,0.002056,0.292169,0.002100,0.586987,0.002566,0.477134,0.002603,0.186559,0.001487,0.406151,0.001594,0.071678,0.001728,0.127491,0.001377,0.546206,0.002735,80
human_intervention_revision,tool_use_correction,environment_change_intervention,combined_stress,0.515588,0.004274,0.034875,0.004796,0.205945,0.002199,0.395128,0.002031,0.551232,0.002500,0.422574,0.002737,0.207454,0.001262,0.452306,0.001724,0.066511,0.001574,0.152342,0.001372,0.528644,0.002931,80
human_intervention_revision,tool_use_correction,environment_change_intervention,in_distribution,0.609338,0.003480,0.372470,0.004845,0.144449,0.002282,0.234093,0.002452,0.595787,0.002359,0.474162,0.002568,0.177733,0.001223,0.305212,0.001462,0.074618,0.001710,0.116963,0.001499,0.528080,0.002575,80
human_intervention_revision,tool_use_correction,environment_change_intervention,long_horizon_recovery,0.557073,0.003466,0.174479,0.003875,0.171966,0.002168,0.337957,0.001814,0.577126,0.002581,0.424048,0.002536,0.189874,0.001276,0.403956,0.001464,0.069506,0.001764,0.137022,0.001468,0.531242,0.002381,80
human_intervention_revision,tool_use_correction,environment_change_intervention,new_operator_interventions,0.578606,0.004160,0.256038,0.004679,0.163984,0.002251,0.293963,0.002192,0.573411,0.002617,0.465870,0.002821,0.191694,0.001312,0.346723,0.001580,0.070117,0.001632,0.129661,0.001260,0.529869,0.002572,80
human_intervention_revision,tool_use_correction,environment_change_intervention,sparse_feedback,0.548014,0.004282,0.145434,0.005164,0.206208,0.002074,0.325874,0.002187,0.564154,0.002222,0.455639,0.002651,0.197921,0.001218,0.413881,0.001337,0.068278,0.001559,0.143831,0.001692,0.528805,0.003134,80
human_intervention_revision,tool_use_correction,false_human_hint,combined_stress,0.549843,0.004434,0.150730,0.005423,0.263638,0.002193,0.271628,0.002345,0.515452,0.002818,0.502805,0.002736,0.163445,0.001505,0.456203,0.001215,0.069093,0.001749,0.164230,0.001365,0.502418,0.002784,80
human_intervention_revision,tool_use_correction,false_human_hint,in_distribution,0.640648,0.004345,0.484663,0.005395,0.201406,0.002326,0.112597,0.001974,0.555582,0.002604,0.557847,0.002672,0.133919,0.001310,0.310411,0.001319,0.076357,0.002059,0.127476,0.001606,0.503913,0.002606,80
human_intervention_revision,tool_use_correction,false_human_hint,long_horizon_recovery,0.586069,0.004031,0.285105,0.004695,0.228214,0.002300,0.215682,0.001966,0.541599,0.002815,0.504807,0.002587,0.146688,0.001188,0.408395,0.001625,0.071612,0.001483,0.147593,0.001435,0.502955,0.002734,80
human_intervention_revision,tool_use_correction,false_human_hint,new_operator_interventions,0.611974,0.004244,0.369926,0.004516,0.221583,0.002125,0.170252,0.002254,0.536199,0.002726,0.542702,0.003106,0.148481,0.001305,0.351520,0.001682,0.072234,0.001741,0.140424,0.001481,0.503932,0.002542,80
human_intervention_revision,tool_use_correction,false_human_hint,sparse_feedback,0.582719,0.003762,0.260119,0.004282,0.263484,0.002127,0.204316,0.002273,0.528030,0.002643,0.534324,0.002116,0.154784,0.001377,0.417817,0.001645,0.072117,0.001712,0.154020,0.001390,0.503455,0.002566,80
human_intervention_revision,tool_use_correction,noisy_observation,combined_stress,0.582287,0.003981,0.284963,0.004756,0.188192,0.001677,0.251202,0.002108,0.558278,0.002558,0.516881,0.002745,0.153589,0.001373,0.452698,0.001701,0.073130,0.001562,0.122799,0.001360,0.536292,0.002708,80
human_intervention_revision,tool_use_correction,noisy_observation,in_distribution,0.678077,0.003341,0.623329,0.004253,0.127489,0.002088,0.089740,0.002315,0.603788,0.002755,0.570702,0.002813,0.126593,0.001321,0.304639,0.001410,0.079204,0.001648,0.088303,0.001359,0.534921,0.002567,80
human_intervention_revision,tool_use_correction,noisy_observation,long_horizon_recovery,0.619788,0.003455,0.420509,0.004148,0.154604,0.002134,0.192915,0.002160,0.581962,0.002744,0.518578,0.002194,0.136801,0.001355,0.404314,0.001436,0.073525,0.001844,0.107667,0.001431,0.537964,0.002637,80
human_intervention_revision,tool_use_correction,noisy_observation,new_operator_interventions,0.639815,0.003548,0.499425,0.004476,0.149629,0.001952,0.147381,0.002164,0.581035,0.002304,0.555899,0.002764,0.139233,0.001374,0.346444,0.001680,0.076148,0.001642,0.099324,0.001518,0.538667,0.002671,80
human_intervention_revision,tool_use_correction,noisy_observation,sparse_feedback,0.609195,0.004086,0.389450,0.004599,0.187911,0.002058,0.180979,0.002321,0.570635,0.002544,0.548049,0.002409,0.147152,0.001254,0.412258,0.001309,0.074771,0.001649,0.112794,0.001455,0.535700,0.002727,80
human_intervention_revision,tool_use_correction,nominal,combined_stress,0.634002,0.003298,0.468786,0.003534,0.115938,0.002018,0.198232,0.002041,0.614530,0.002513,0.549644,0.002521,0.136338,0.001360,0.435618,0.001403,0.075671,0.001890,0.098918,0.001567,0.578031,0.002554,80
human_intervention_revision,tool_use_correction,nominal,in_distribution,0.728846,0.003764,0.809493,0.004557,0.052811,0.002024,0.036015,0.002276,0.657013,0.002710,0.603030,0.003127,0.107815,0.001163,0.287971,0.001577,0.083794,0.001853,0.061504,0.001446,0.579169,0.002615,80
human_intervention_revision,tool_use_correction,nominal,long_horizon_recovery,0.669728,0.003838,0.603347,0.004340,0.081720,0.002189,0.139995,0.002427,0.640719,0.002859,0.549785,0.002777,0.120099,0.001344,0.385442,0.001578,0.079556,0.001456,0.081283,0.001439,0.576871,0.002451,80
human_intervention_revision,tool_use_correction,nominal,new_operator_interventions,0.694752,0.004452,0.688632,0.005444,0.073627,0.001888,0.094176,0.002150,0.635454,0.002768,0.590462,0.002919,0.122409,0.001259,0.328641,0.001631,0.080037,0.001621,0.073948,0.001429,0.575832,0.002520,80
human_intervention_revision,tool_use_correction,nominal,sparse_feedback,0.662256,0.003982,0.574898,0.004807,0.116295,0.002236,0.129589,0.002268,0.626622,0.002773,0.580060,0.002444,0.128260,0.001445,0.394787,0.001370,0.077521,0.001622,0.087289,0.001342,0.578578,0.002540,80
human_intervention_revision,tool_use_correction,physical_rule_violation,combined_stress,0.547419,0.003981,0.144881,0.004901,0.185026,0.002236,0.344965,0.001854,0.564636,0.002659,0.455574,0.002936,0.189778,0.001387,0.449008,0.001502,0.069316,0.001675,0.137824,0.001440,0.539942,0.002572,80
human_intervention_revision,tool_use_correction,physical_rule_violation,in_distribution,0.636562,0.004287,0.481430,0.005477,0.122741,0.002250,0.181435,0.002415,0.607474,0.002489,0.508905,0.002608,0.159076,0.001421,0.302078,0.001432,0.074879,0.001581,0.102664,0.001339,0.541199,0.002603,80
human_intervention_revision,tool_use_correction,physical_rule_violation,long_horizon_recovery,0.586942,0.004380,0.284380,0.004841,0.148822,0.002159,0.285854,0.001957,0.588334,0.002611,0.458708,0.002425,0.172838,0.001336,0.400595,0.001483,0.072598,0.001715,0.123075,0.001248,0.542367,0.002527,80
human_intervention_revision,tool_use_correction,physical_rule_violation,new_operator_interventions,0.605019,0.003871,0.362615,0.004686,0.141620,0.001901,0.243811,0.002132,0.588165,0.003077,0.497213,0.003153,0.173599,0.001384,0.340754,0.001532,0.073553,0.001794,0.115481,0.001318,0.544222,0.002829,80
human_intervention_revision,tool_use_correction,physical_rule_violation,sparse_feedback,0.577532,0.003268,0.253316,0.004145,0.184713,0.002028,0.275437,0.002301,0.576320,0.002349,0.487748,0.002511,0.180486,0.001443,0.408000,0.001474,0.072995,0.001663,0.129572,0.001311,0.540902,0.002605,80
no_revision_belief,bin_packing_recovery,actuator_model_break,combined_stress,0.314305,0.003618,-0.610125,0.004596,0.353036,0.001943,0.602121,0.002241,0.285963,0.002535,0.217790,0.002622,0.284319,0.001482,0.370488,0.001442,0.097715,0.002264,0.246646,0.001397,0.298486,0.002554,80
no_revision_belief,bin_packing_recovery,actuator_model_break,in_distribution,0.412229,0.004462,-0.267312,0.004946,0.292832,0.002245,0.442118,0.002099,0.330416,0.002566,0.271809,0.002811,0.255600,0.001214,0.223117,0.001717,0.089144,0.001846,0.212235,0.001563,0.296544,0.002538,80
no_revision_belief,bin_packing_recovery,actuator_model_break,long_horizon_recovery,0.354116,0.004124,-0.471054,0.004349,0.317421,0.002270,0.544997,0.002416,0.311489,0.002560,0.221637,0.002363,0.268032,0.001202,0.321739,0.001661,0.094570,0.002107,0.232770,0.001342,0.300066,0.002572,80
no_revision_belief,bin_packing_recovery,actuator_model_break,new_operator_interventions,0.376997,0.003709,-0.386821,0.004632,0.311666,0.002202,0.499313,0.002170,0.306040,0.002389,0.261048,0.002753,0.268444,0.001389,0.264145,0.001458,0.089363,0.001709,0.224638,0.001355,0.297715,0.002843,80
no_revision_belief,bin_packing_recovery,actuator_model_break,sparse_feedback,0.348370,0.003965,-0.496768,0.004465,0.353976,0.002206,0.531920,0.002129,0.298179,0.003164,0.252183,0.002560,0.275886,0.001436,0.330493,0.001581,0.095892,0.002045,0.237120,0.001387,0.299299,0.002564,80
no_revision_belief,bin_packing_recovery,combined_intervention_stress,combined_stress,0.227669,0.003760,-0.963943,0.004253,0.535606,0.002108,0.672395,0.001907,0.160636,0.002746,0.178111,0.002680,0.308707,0.001222,0.400308,0.001585,0.103858,0.002042,0.323684,0.001401,0.207154,0.002395,80
no_revision_belief,bin_packing_recovery,combined_intervention_stress,in_distribution,0.318235,0.004007,-0.624334,0.004589,0.473434,0.002329,0.507210,0.002317,0.205236,0.002421,0.230007,0.002644,0.280641,0.001148,0.253412,0.001535,0.095621,0.002080,0.287742,0.001492,0.204386,0.002675,80
no_revision_belief,bin_packing_recovery,combined_intervention_stress,long_horizon_recovery,0.258882,0.003805,-0.831541,0.005056,0.499164,0.001980,0.613227,0.002290,0.185753,0.002665,0.178077,0.002300,0.291359,0.001213,0.350218,0.001718,0.102040,0.002160,0.308443,0.001621,0.205272,0.002888,80
no_revision_belief,bin_packing_recovery,combined_intervention_stress,new_operator_interventions,0.281740,0.003662,-0.748883,0.004477,0.493551,0.002549,0.568956,0.002290,0.184849,0.002801,0.218589,0.002985,0.292385,0.001289,0.292694,0.001598,0.101356,0.001961,0.302328,0.001452,0.206958,0.002901,80
no_revision_belief,bin_packing_recovery,combined_intervention_stress,sparse_feedback,0.253618,0.004041,-0.854920,0.005076,0.533786,0.002081,0.601428,0.001930,0.177012,0.002749,0.209328,0.002755,0.298384,0.001295,0.360936,0.001712,0.101838,0.001832,0.313627,0.001305,0.207174,0.002687,80
no_revision_belief,bin_packing_recovery,contact_precondition_failure,combined_stress,0.332172,0.004087,-0.561340,0.005014,0.342592,0.002280,0.583987,0.002418,0.296572,0.002838,0.229759,0.002610,0.278644,0.001398,0.366371,0.001587,0.097749,0.002102,0.244054,0.001426,0.305371,0.002878,80
no_revision_belief,bin_packing_recovery,contact_precondition_failure,in_distribution,0.418415,0.003751,-0.228945,0.004665,0.279700,0.002280,0.425069,0.002395,0.336698,0.002246,0.285602,0.002576,0.249478,0.001472,0.219432,0.001407,0.087934,0.001760,0.209508,0.001463,0.305875,0.002472,80
no_revision_belief,bin_packing_recovery,contact_precondition_failure,long_horizon_recovery,0.369939,0.003852,-0.425475,0.004705,0.307215,0.002115,0.529252,0.002338,0.320978,0.002813,0.232547,0.002742,0.261922,0.001478,0.318014,0.001526,0.091950,0.001760,0.228831,0.001490,0.305059,0.002721,80
no_revision_belief,bin_packing_recovery,contact_precondition_failure,new_operator_interventions,0.384300,0.003619,-0.347493,0.004280,0.297952,0.002004,0.483732,0.002184,0.320114,0.002534,0.273624,0.002571,0.264045,0.001198,0.260196,0.001309,0.091011,0.002177,0.219981,0.001386,0.305679,0.002424,80
no_revision_belief,bin_packing_recovery,contact_precondition_failure,sparse_feedback,0.359398,0.004100,-0.455218,0.004425,0.343170,0.002090,0.516930,0.002166,0.305378,0.002425,0.266361,0.002678,0.269064,0.001263,0.325272,0.001415,0.092802,0.001879,0.234204,0.001280,0.305205,0.002232,80
no_revision_belief,bin_packing_recovery,environment_change_intervention,combined_stress,0.296445,0.003997,-0.669865,0.004382,0.376656,0.002472,0.617155,0.002366,0.270879,0.002641,0.209550,0.002388,0.290830,0.001305,0.374743,0.001625,0.097701,0.002184,0.258180,0.001379,0.288495,0.002517,80
no_revision_belief,bin_packing_recovery,environment_change_intervention,in_distribution,0.399327,0.003727,-0.319425,0.004321,0.312916,0.002144,0.456963,0.002096,0.315908,0.002663,0.263594,0.002639,0.262213,0.001291,0.225936,0.001487,0.089529,0.001976,0.224058,0.001635,0.288544,0.002356,80
no_revision_belief,bin_packing_recovery,environment_change_intervention,long_horizon_recovery,0.340941,0.003482,-0.523332,0.004386,0.339044,0.002046,0.559474,0.001795,0.300005,0.002841,0.210660,0.002612,0.274254,0.001378,0.322546,0.001516,0.094466,0.002016,0.244028,0.001773,0.287485,0.002918,80
no_revision_belief,bin_packing_recovery,environment_change_intervention,new_operator_interventions,0.357683,0.003770,-0.448829,0.005329,0.333478,0.002546,0.516662,0.002374,0.296071,0.002608,0.252150,0.003108,0.276223,0.001232,0.266765,0.001440,0.093538,0.002104,0.236607,0.001633,0.288535,0.002757,80
no_revision_belief,bin_packing_recovery,environment_change_intervention,sparse_feedback,0.333788,0.004078,-0.553656,0.004596,0.374451,0.002191,0.551082,0.001889,0.285227,0.002386,0.238830,0.002394,0.281805,0.001415,0.331897,0.001473,0.094421,0.001893,0.248691,0.001284,0.286786,0.002439,80
no_revision_belief,bin_packing_recovery,false_human_hint,combined_stress,0.335728,0.004004,-0.548922,0.004860,0.433005,0.002203,0.496687,0.002462,0.235844,0.002058,0.286050,0.002561,0.246223,0.001357,0.377170,0.001387,0.095013,0.001994,0.269431,0.001622,0.261842,0.002721,80
no_revision_belief,bin_packing_recovery,false_human_hint,in_distribution,0.429221,0.003827,-0.206378,0.004764,0.370662,0.002032,0.336260,0.002130,0.284263,0.002620,0.342647,0.002774,0.216413,0.001452,0.232003,0.001384,0.086308,0.001858,0.233992,0.001450,0.262476,0.002622,80
no_revision_belief,bin_packing_recovery,false_human_hint,long_horizon_recovery,0.373115,0.003883,-0.410462,0.005041,0.398150,0.001832,0.438791,0.002410,0.263248,0.002601,0.291548,0.002890,0.229077,0.001359,0.328552,0.001484,0.092076,0.002107,0.253979,0.001380,0.260184,0.002761,80
no_revision_belief,bin_packing_recovery,false_human_hint,new_operator_interventions,0.396915,0.003737,-0.326920,0.004447,0.391205,0.002358,0.392355,0.002217,0.257636,0.002413,0.328976,0.002389,0.232411,0.001282,0.270933,0.001313,0.089996,0.002013,0.246218,0.001500,0.262804,0.002693,80
no_revision_belief,bin_packing_recovery,false_human_hint,sparse_feedback,0.366706,0.004251,-0.435708,0.004818,0.432147,0.002134,0.425180,0.002180,0.250918,0.002815,0.320585,0.002890,0.238384,0.001424,0.336701,0.001694,0.091148,0.001942,0.259861,0.001469,0.262775,0.002530,80
no_revision_belief,bin_packing_recovery,noisy_observation,combined_stress,0.370560,0.004152,-0.411689,0.004981,0.358806,0.002184,0.474662,0.002003,0.279684,0.002250,0.302212,0.002744,0.237648,0.001347,0.373055,0.001491,0.092667,0.002089,0.229771,0.001571,0.294125,0.002886,80
no_revision_belief,bin_packing_recovery,noisy_observation,in_distribution,0.458454,0.003825,-0.075411,0.004201,0.294545,0.002082,0.314612,0.002181,0.323971,0.002819,0.355781,0.002782,0.209649,0.001537,0.225557,0.001561,0.085206,0.001602,0.192329,0.001488,0.295376,0.002404,80
no_revision_belief,bin_packing_recovery,noisy_observation,long_horizon_recovery,0.407652,0.004574,-0.273719,0.004875,0.322619,0.002260,0.416338,0.001974,0.305811,0.002279,0.303151,0.002595,0.221972,0.001520,0.323288,0.001608,0.089357,0.001703,0.213287,0.001519,0.294805,0.002150,80
no_revision_belief,bin_packing_recovery,noisy_observation,new_operator_interventions,0.430295,0.003511,-0.191646,0.004328,0.318500,0.002361,0.372634,0.002455,0.303268,0.002902,0.345715,0.002831,0.222958,0.001284,0.265775,0.001562,0.085958,0.001566,0.206264,0.001424,0.295909,0.002469,80
no_revision_belief,bin_packing_recovery,noisy_observation,sparse_feedback,0.396757,0.003845,-0.306744,0.004448,0.358289,0.002332,0.406741,0.001931,0.295183,0.002642,0.335047,0.002838,0.229588,0.001187,0.334027,0.001476,0.089993,0.001815,0.219626,0.001554,0.291291,0.002562,80
no_revision_belief,bin_packing_recovery,nominal,combined_stress,0.420732,0.003625,-0.227052,0.004457,0.285165,0.002031,0.423547,0.002216,0.338622,0.002671,0.333781,0.002522,0.220244,0.001371,0.355931,0.001486,0.088971,0.002016,0.202862,0.001362,0.333297,0.002695,80
no_revision_belief,bin_packing_recovery,nominal,in_distribution,0.511238,0.003886,0.110570,0.005043,0.221493,0.002261,0.261850,0.002314,0.380072,0.002748,0.386213,0.002711,0.192305,0.001195,0.208922,0.001591,0.083962,0.001332,0.166615,0.001619,0.335424,0.002160,80
no_revision_belief,bin_packing_recovery,nominal,long_horizon_recovery,0.459017,0.004649,-0.089762,0.005255,0.250490,0.002403,0.366603,0.002563,0.360819,0.003034,0.337752,0.002542,0.203618,0.001385,0.305663,0.001695,0.085267,0.001588,0.188285,0.001447,0.336367,0.003092,80
no_revision_belief,bin_packing_recovery,nominal,new_operator_interventions,0.479760,0.004231,-0.008237,0.004732,0.242900,0.002479,0.321165,0.002129,0.358995,0.002410,0.378346,0.002785,0.207092,0.001299,0.249239,0.001633,0.085538,0.001604,0.179294,0.001526,0.339357,0.002583,80
no_revision_belief,bin_packing_recovery,nominal,sparse_feedback,0.448814,0.003836,-0.119757,0.004798,0.285595,0.002204,0.354475,0.002169,0.351479,0.002607,0.365782,0.002483,0.211648,0.001320,0.315693,0.001428,0.085059,0.001673,0.193619,0.001379,0.335787,0.002829,80
no_revision_belief,bin_packing_recovery,physical_rule_violation,combined_stress,0.329871,0.004046,-0.552485,0.005142,0.352055,0.002328,0.568426,0.002664,0.288469,0.002555,0.242050,0.002765,0.271796,0.001297,0.367955,0.001480,0.093746,0.001765,0.243180,0.001599,0.301767,0.002487,80
no_revision_belief,bin_packing_recovery,physical_rule_violation,in_distribution,0.422017,0.003704,-0.218044,0.004343,0.293982,0.001934,0.408410,0.002180,0.330920,0.002461,0.297038,0.002346,0.243314,0.001491,0.223328,0.001616,0.087069,0.001766,0.208803,0.001368,0.301293,0.002652,80
no_revision_belief,bin_packing_recovery,physical_rule_violation,long_horizon_recovery,0.372356,0.003918,-0.414868,0.005148,0.317982,0.002085,0.511347,0.002426,0.309991,0.002477,0.242491,0.002634,0.255556,0.001235,0.319952,0.001639,0.093253,0.002058,0.229586,0.001403,0.298333,0.002493,80
no_revision_belief,bin_packing_recovery,physical_rule_violation,new_operator_interventions,0.389895,0.003872,-0.339059,0.004511,0.313186,0.001920,0.468666,0.002130,0.311131,0.002842,0.282577,0.002304,0.257708,0.001188,0.263219,0.001701,0.089125,0.001767,0.223022,0.001390,0.297280,0.002508,80
no_revision_belief,bin_packing_recovery,physical_rule_violation,sparse_feedback,0.364390,0.004319,-0.444085,0.005004,0.354464,0.002087,0.500724,0.002344,0.300546,0.002627,0.271729,0.002534,0.263734,0.001344,0.329381,0.001622,0.092991,0.002345,0.234511,0.001351,0.297974,0.002548,80
no_revision_belief,deformable_contact_replan,actuator_model_break,combined_stress,0.317599,0.004226,-0.599757,0.004846,0.354321,0.002219,0.601108,0.001927,0.285645,0.002489,0.219834,0.002870,0.275189,0.001345,0.371364,0.001449,0.095736,0.002166,0.246140,0.001578,0.297496,0.002399,80
no_revision_belief,deformable_contact_replan,actuator_model_break,in_distribution,0.415973,0.004103,-0.256455,0.004636,0.292582,0.002065,0.441700,0.002417,0.328869,0.002336,0.272120,0.002515,0.245205,0.001218,0.224187,0.001446,0.088932,0.001913,0.213312,0.001455,0.299013,0.002430,80
no_revision_belief,deformable_contact_replan,actuator_model_break,long_horizon_recovery,0.357706,0.004093,-0.460626,0.004895,0.318933,0.002121,0.545324,0.002334,0.312524,0.002538,0.223152,0.002543,0.258563,0.001559,0.321304,0.001481,0.093425,0.001955,0.231696,0.001378,0.298903,0.002422,80
no_revision_belief,deformable_contact_replan,actuator_model_break,new_operator_interventions,0.376136,0.004031,-0.381727,0.004432,0.311733,0.002322,0.500165,0.002007,0.308077,0.002660,0.259340,0.002536,0.259441,0.001169,0.264659,0.001579,0.090956,0.001864,0.224000,0.001273,0.299375,0.002607,80
no_revision_belief,deformable_contact_replan,actuator_model_break,sparse_feedback,0.349684,0.003614,-0.490939,0.004433,0.354777,0.001878,0.535063,0.002125,0.297023,0.002477,0.253228,0.002591,0.265674,0.001418,0.328849,0.001421,0.094764,0.001881,0.238457,0.001312,0.297711,0.002588,80
no_revision_belief,deformable_contact_replan,combined_intervention_stress,combined_stress,0.223453,0.004059,-0.961069,0.004970,0.536714,0.001956,0.671637,0.002470,0.159409,0.002891,0.178175,0.002506,0.298456,0.001228,0.398116,0.001443,0.104072,0.002024,0.324417,0.001282,0.207543,0.002725,80
no_revision_belief,deformable_contact_replan,combined_intervention_stress,in_distribution,0.318809,0.003289,-0.618283,0.004809,0.472528,0.002317,0.510315,0.002487,0.203191,0.002378,0.230106,0.002497,0.269958,0.001073,0.252137,0.001526,0.096712,0.001971,0.288524,0.001436,0.205302,0.002771,80
no_revision_belief,deformable_contact_replan,combined_intervention_stress,long_horizon_recovery,0.264406,0.003827,-0.819591,0.004783,0.498004,0.001943,0.613848,0.002243,0.185506,0.002335,0.178741,0.002884,0.282218,0.001128,0.350812,0.001547,0.102343,0.002282,0.308399,0.001170,0.203079,0.002752,80
no_revision_belief,deformable_contact_replan,combined_intervention_stress,new_operator_interventions,0.285806,0.003873,-0.736702,0.004949,0.493899,0.002041,0.567836,0.001839,0.183245,0.002818,0.217987,0.002981,0.283910,0.001227,0.291740,0.001368,0.097998,0.001941,0.299271,0.001404,0.205357,0.002546,80
no_revision_belief,deformable_contact_replan,combined_intervention_stress,sparse_feedback,0.254498,0.003808,-0.848813,0.004399,0.535252,0.002100,0.602171,0.002178,0.174286,0.002631,0.209081,0.002860,0.289146,0.001341,0.359019,0.001715,0.101866,0.002462,0.312633,0.001533,0.205378,0.002442,80
no_revision_belief,deformable_contact_replan,contact_precondition_failure,combined_stress,0.331985,0.004099,-0.554923,0.004942,0.343508,0.002083,0.585971,0.002107,0.296912,0.002552,0.230720,0.002525,0.267798,0.001227,0.366701,0.001595,0.095538,0.001850,0.243186,0.001170,0.302730,0.002960,80
no_revision_belief,deformable_contact_replan,contact_precondition_failure,in_distribution,0.421266,0.003728,-0.221331,0.005027,0.282315,0.002284,0.424361,0.002354,0.337546,0.002729,0.281877,0.002649,0.239410,0.001285,0.221407,0.001431,0.088872,0.001848,0.209289,0.001710,0.305097,0.002912,80
no_revision_belief,deformable_contact_replan,contact_precondition_failure,long_horizon_recovery,0.373200,0.003910,-0.414561,0.004451,0.305702,0.002350,0.529086,0.002014,0.318327,0.002687,0.231588,0.002410,0.251257,0.001296,0.317723,0.001481,0.092448,0.002095,0.229138,0.001586,0.304915,0.002793,80
no_revision_belief,deformable_contact_replan,contact_precondition_failure,new_operator_interventions,0.388862,0.003995,-0.338320,0.004229,0.302359,0.002067,0.484378,0.002213,0.318763,0.002709,0.273012,0.002751,0.252092,0.001266,0.258843,0.001766,0.089862,0.001711,0.222210,0.001462,0.306621,0.002661,80
no_revision_belief,deformable_contact_replan,contact_precondition_failure,sparse_feedback,0.361476,0.003686,-0.449041,0.004994,0.343425,0.002030,0.517686,0.002251,0.307529,0.003027,0.263213,0.002794,0.260950,0.001285,0.327487,0.001687,0.093337,0.002093,0.234222,0.001249,0.303733,0.002877,80
no_revision_belief,deformable_contact_replan,environment_change_intervention,combined_stress,0.308884,0.004257,-0.651061,0.005185,0.374447,0.001860,0.620355,0.002296,0.271053,0.002579,0.209910,0.002620,0.279976,0.001356,0.372840,0.001516,0.098548,0.002052,0.260404,0.001278,0.290058,0.002328,80
no_revision_belief,deformable_contact_replan,environment_change_intervention,in_distribution,0.399941,0.003337,-0.310006,0.004557,0.311799,0.002034,0.456024,0.002143,0.313227,0.002353,0.260004,0.002374,0.251414,0.001402,0.224905,0.001543,0.089801,0.001768,0.222373,0.001511,0.290588,0.002469,80
no_revision_belief,deformable_contact_replan,environment_change_intervention,long_horizon_recovery,0.342997,0.004155,-0.515791,0.004636,0.337959,0.002011,0.562552,0.002138,0.296211,0.002663,0.210748,0.002583,0.264435,0.001182,0.323501,0.001665,0.093360,0.002056,0.242091,0.001256,0.287913,0.002558,80
no_revision_belief,deformable_contact_replan,environment_change_intervention,new_operator_interventions,0.363120,0.004267,-0.435900,0.004759,0.333698,0.002258,0.516353,0.002388,0.295388,0.002532,0.247977,0.002835,0.265957,0.001457,0.264945,0.001581,0.090493,0.001986,0.236574,0.001574,0.289687,0.002872,80
no_revision_belief,deformable_contact_replan,environment_change_intervention,sparse_feedback,0.333060,0.003924,-0.546686,0.005197,0.374473,0.002053,0.549427,0.002460,0.285304,0.002971,0.242075,0.002503,0.272272,0.001226,0.334276,0.001542,0.095936,0.002085,0.249205,0.001472,0.287575,0.002550,80
no_revision_belief,deformable_contact_replan,false_human_hint,combined_stress,0.335828,0.004305,-0.540662,0.004970,0.432806,0.002303,0.494778,0.002160,0.236707,0.002356,0.286759,0.002588,0.238000,0.001229,0.377792,0.001685,0.093275,0.001945,0.269253,0.001547,0.263422,0.002634,80
no_revision_belief,deformable_contact_replan,false_human_hint,in_distribution,0.429895,0.004417,-0.200219,0.005083,0.372674,0.002351,0.335116,0.002246,0.281825,0.002814,0.339754,0.002552,0.206489,0.001232,0.230816,0.001415,0.087775,0.001743,0.233872,0.001382,0.262048,0.002661,80
no_revision_belief,deformable_contact_replan,false_human_hint,long_horizon_recovery,0.380455,0.003998,-0.394648,0.004738,0.395797,0.002206,0.439082,0.002318,0.263972,0.002870,0.292111,0.002434,0.219805,0.001376,0.329103,0.001575,0.091791,0.002059,0.252902,0.001428,0.260433,0.002888,80
no_revision_belief,deformable_contact_replan,false_human_hint,new_operator_interventions,0.397316,0.003981,-0.318923,0.004773,0.388968,0.002374,0.394434,0.002016,0.262156,0.002088,0.327046,0.002935,0.221899,0.001210,0.271785,0.001739,0.090353,0.001958,0.246863,0.001446,0.262884,0.002514,80
no_revision_belief,deformable_contact_replan,false_human_hint,sparse_feedback,0.367370,0.003890,-0.427832,0.004318,0.431613,0.002208,0.425176,0.002100,0.249747,0.002646,0.320268,0.002160,0.228027,0.001436,0.336440,0.001666,0.092763,0.002301,0.259419,0.001505,0.261332,0.002352,80
no_revision_belief,deformable_contact_replan,noisy_observation,combined_stress,0.371333,0.003707,-0.402130,0.004171,0.358339,0.002366,0.473081,0.002212,0.279139,0.002462,0.302343,0.002914,0.228870,0.001290,0.372415,0.001405,0.091305,0.001891,0.228233,0.001611,0.295142,0.002321,80
no_revision_belief,deformable_contact_replan,noisy_observation,in_distribution,0.466282,0.003435,-0.061963,0.004308,0.297165,0.002198,0.312197,0.002064,0.324116,0.002753,0.355140,0.002705,0.200382,0.001523,0.224972,0.001438,0.085715,0.001604,0.194401,0.001542,0.295014,0.002496,80
no_revision_belief,deformable_contact_replan,noisy_observation,long_horizon_recovery,0.409447,0.003965,-0.266539,0.004664,0.323944,0.002609,0.418300,0.002082,0.304673,0.002726,0.303254,0.002743,0.211030,0.001505,0.322416,0.001486,0.088731,0.001765,0.214057,0.001383,0.294413,0.002720,80
no_revision_belief,deformable_contact_replan,noisy_observation,new_operator_interventions,0.432470,0.004340,-0.184385,0.005113,0.316558,0.002063,0.374441,0.002127,0.300915,0.002353,0.344260,0.002728,0.213498,0.001292,0.265748,0.001386,0.088193,0.001898,0.206602,0.001317,0.294369,0.002703,80
no_revision_belief,deformable_contact_replan,noisy_observation,sparse_feedback,0.405416,0.004713,-0.291268,0.005142,0.358756,0.001912,0.405989,0.002047,0.292967,0.002604,0.332290,0.002327,0.220407,0.001178,0.332518,0.001522,0.088411,0.001921,0.218659,0.001428,0.292954,0.002185,80
no_revision_belief,deformable_contact_replan,nominal,combined_stress,0.422993,0.003984,-0.216917,0.004830,0.283826,0.002129,0.424053,0.002106,0.335917,0.002522,0.334083,0.002556,0.210756,0.001172,0.354754,0.001704,0.088375,0.001790,0.201580,0.001523,0.335600,0.002673,80
no_revision_belief,deformable_contact_replan,nominal,in_distribution,0.516682,0.003865,0.125086,0.004564,0.222749,0.002162,0.261806,0.001957,0.381236,0.002496,0.390162,0.002456,0.180968,0.001213,0.207126,0.001350,0.083671,0.001322,0.167362,0.001201,0.339494,0.002668,80
no_revision_belief,deformable_contact_replan,nominal,long_horizon_recovery,0.462318,0.003903,-0.076301,0.004536,0.249473,0.002234,0.365013,0.001870,0.362507,0.002277,0.335940,0.002611,0.192648,0.001409,0.307573,0.001423,0.084631,0.001661,0.186102,0.001453,0.336651,0.002775,80
no_revision_belief,deformable_contact_replan,nominal,new_operator_interventions,0.482457,0.004160,0.001415,0.004702,0.242209,0.002372,0.323223,0.002183,0.360719,0.002579,0.376183,0.002830,0.195328,0.001225,0.248479,0.001372,0.084998,0.001579,0.180022,0.001434,0.335503,0.002449,80
no_revision_belief,deformable_contact_replan,nominal,sparse_feedback,0.451767,0.004351,-0.109051,0.005198,0.285822,0.002145,0.353879,0.002228,0.351332,0.002491,0.367958,0.002964,0.202769,0.001211,0.314357,0.001363,0.085788,0.001646,0.192692,0.001363,0.336868,0.002928,80
no_revision_belief,deformable_contact_replan,physical_rule_violation,combined_stress,0.332797,0.003671,-0.546439,0.004682,0.353304,0.002233,0.567785,0.002022,0.286602,0.002500,0.241144,0.002800,0.263879,0.001315,0.368949,0.001533,0.096178,0.001988,0.244531,0.001564,0.299394,0.002639,80
no_revision_belief,deformable_contact_replan,physical_rule_violation,in_distribution,0.424510,0.003941,-0.208458,0.004516,0.292052,0.002309,0.406748,0.002015,0.330090,0.002945,0.293401,0.002646,0.234361,0.001309,0.222962,0.001420,0.089753,0.001925,0.209410,0.001464,0.301616,0.002370,80
no_revision_belief,deformable_contact_replan,physical_rule_violation,long_horizon_recovery,0.370271,0.004417,-0.407565,0.004711,0.316972,0.002118,0.511207,0.002344,0.310875,0.002337,0.245997,0.002561,0.245523,0.001385,0.319368,0.001599,0.093288,0.001668,0.229130,0.001417,0.299120,0.002699,80
no_revision_belief,deformable_contact_replan,physical_rule_violation,new_operator_interventions,0.395145,0.004096,-0.321683,0.004364,0.309293,0.002413,0.467527,0.002086,0.309809,0.002932,0.283612,0.002584,0.247428,0.001226,0.260789,0.001506,0.089828,0.001849,0.220647,0.001384,0.299480,0.002640,80
no_revision_belief,deformable_contact_replan,physical_rule_violation,sparse_feedback,0.363782,0.003893,-0.435544,0.004388,0.353741,0.002203,0.500174,0.002503,0.301263,0.002799,0.274424,0.002499,0.252454,0.001174,0.330249,0.001469,0.093867,0.002157,0.235236,0.001574,0.299180,0.002695,80
no_revision_belief,mobile_base_intervention,actuator_model_break,combined_stress,0.325013,0.004139,-0.572130,0.004700,0.355326,0.001989,0.602617,0.002448,0.285752,0.002565,0.221114,0.002560,0.244831,0.001222,0.369822,0.001443,0.096789,0.001967,0.247147,0.001372,0.298579,0.002840,80
no_revision_belief,mobile_base_intervention,actuator_model_break,in_distribution,0.420606,0.003925,-0.228523,0.004921,0.291242,0.002322,0.440072,0.002251,0.328797,0.002450,0.273494,0.002537,0.216763,0.001334,0.224349,0.001601,0.089389,0.002087,0.211382,0.001385,0.298823,0.002575,80
no_revision_belief,mobile_base_intervention,actuator_model_break,long_horizon_recovery,0.363962,0.003920,-0.431696,0.004982,0.316892,0.002551,0.545616,0.002285,0.309234,0.002651,0.219631,0.002201,0.226371,0.001488,0.320562,0.001628,0.093558,0.002203,0.231303,0.001429,0.296825,0.002540,80
no_revision_belief,mobile_base_intervention,actuator_model_break,new_operator_interventions,0.385589,0.004484,-0.353738,0.005096,0.312530,0.002338,0.502522,0.002097,0.307614,0.003028,0.262238,0.002610,0.230374,0.001203,0.262694,0.001316,0.092259,0.001920,0.225119,0.001474,0.295699,0.003080,80
no_revision_belief,mobile_base_intervention,actuator_model_break,sparse_feedback,0.356811,0.003564,-0.460358,0.004591,0.353268,0.002322,0.534038,0.002181,0.299971,0.002522,0.251566,0.002542,0.235727,0.001278,0.329607,0.001519,0.094910,0.001899,0.238294,0.001413,0.299694,0.002427,80
no_revision_belief,mobile_base_intervention,combined_intervention_stress,combined_stress,0.231793,0.004005,-0.929048,0.004680,0.534930,0.002098,0.668919,0.001979,0.161257,0.002924,0.175877,0.002810,0.268721,0.001310,0.400744,0.001667,0.105009,0.002176,0.322823,0.001589,0.205599,0.002716,80
no_revision_belief,mobile_base_intervention,combined_intervention_stress,in_distribution,0.322974,0.004168,-0.593414,0.005209,0.472947,0.001961,0.512246,0.002057,0.202435,0.002759,0.229760,0.002432,0.238807,0.001274,0.251947,0.001490,0.097261,0.002190,0.287620,0.001471,0.204398,0.002678,80
no_revision_belief,mobile_base_intervention,combined_intervention_stress,long_horizon_recovery,0.272096,0.003289,-0.791791,0.003927,0.500572,0.001887,0.614860,0.002202,0.187037,0.002431,0.177707,0.002686,0.250915,0.001445,0.350091,0.001502,0.102791,0.002175,0.309365,0.001394,0.205003,0.002408,80
no_revision_belief,mobile_base_intervention,combined_intervention_stress,new_operator_interventions,0.292135,0.003672,-0.708361,0.004438,0.493401,0.002026,0.566876,0.002143,0.184160,0.002214,0.220043,0.002308,0.254210,0.001158,0.292169,0.001644,0.100337,0.002159,0.300226,0.001296,0.206179,0.002652,80
no_revision_belief,mobile_base_intervention,combined_intervention_stress,sparse_feedback,0.262362,0.004059,-0.818528,0.005110,0.533655,0.002197,0.600612,0.002256,0.173800,0.002702,0.208683,0.002818,0.258941,0.001175,0.359979,0.001555,0.101691,0.002160,0.314933,0.001333,0.206710,0.002569,80
no_revision_belief,mobile_base_intervention,contact_precondition_failure,combined_stress,0.338624,0.004068,-0.526707,0.004342,0.342321,0.002217,0.584803,0.002492,0.293278,0.002421,0.230674,0.002648,0.238895,0.001220,0.367014,0.001589,0.096365,0.002235,0.242383,0.001548,0.304094,0.003100,80
no_revision_belief,mobile_base_intervention,contact_precondition_failure,in_distribution,0.430920,0.004250,-0.188697,0.004931,0.280708,0.002374,0.424733,0.002086,0.338212,0.002798,0.281741,0.002754,0.208850,0.001204,0.220602,0.001768,0.089593,0.001988,0.208146,0.001499,0.302667,0.002409,80
no_revision_belief,mobile_base_intervention,contact_precondition_failure,long_horizon_recovery,0.378576,0.004181,-0.387076,0.005136,0.307075,0.002183,0.528078,0.002084,0.320849,0.002386,0.230654,0.003084,0.221888,0.001215,0.316944,0.001529,0.092882,0.002035,0.227926,0.001352,0.306819,0.002255,80
no_revision_belief,mobile_base_intervention,contact_precondition_failure,new_operator_interventions,0.397578,0.004536,-0.308954,0.005503,0.301399,0.002313,0.484527,0.002233,0.317700,0.002373,0.270350,0.002532,0.222956,0.001308,0.258405,0.001555,0.090385,0.001848,0.221328,0.001325,0.304789,0.002600,80
no_revision_belief,mobile_base_intervention,contact_precondition_failure,sparse_feedback,0.364998,0.003790,-0.420672,0.004309,0.341751,0.002458,0.517306,0.001906,0.308895,0.002636,0.263059,0.002653,0.229343,0.001356,0.327205,0.001519,0.092243,0.002262,0.233320,0.001265,0.302651,0.002405,80
no_revision_belief,mobile_base_intervention,environment_change_intervention,combined_stress,0.312063,0.003810,-0.623451,0.004774,0.374969,0.002608,0.616988,0.002059,0.270701,0.002469,0.208679,0.002890,0.249373,0.001220,0.372376,0.001355,0.099176,0.002015,0.257775,0.001493,0.286891,0.002344,80
no_revision_belief,mobile_base_intervention,environment_change_intervention,in_distribution,0.405440,0.003774,-0.283370,0.004784,0.312826,0.002311,0.457467,0.002088,0.316052,0.002893,0.260944,0.002731,0.220836,0.001150,0.224455,0.001663,0.089646,0.001983,0.222307,0.001416,0.288758,0.002813,80
no_revision_belief,mobile_base_intervention,environment_change_intervention,long_horizon_recovery,0.351143,0.003977,-0.486389,0.004525,0.338487,0.001934,0.563048,0.002147,0.297590,0.002753,0.210660,0.002809,0.233526,0.001280,0.324442,0.001607,0.092979,0.002140,0.243150,0.001420,0.289314,0.002700,80
no_revision_belief,mobile_base_intervention,environment_change_intervention,new_operator_interventions,0.374765,0.003961,-0.402810,0.004555,0.332787,0.001888,0.516813,0.002201,0.293829,0.002717,0.251588,0.002765,0.235174,0.001198,0.265014,0.001551,0.093529,0.001920,0.237001,0.001183,0.286239,0.002836,80
no_revision_belief,mobile_base_intervention,environment_change_intervention,sparse_feedback,0.341031,0.004460,-0.515232,0.004680,0.374648,0.002176,0.548285,0.002160,0.285715,0.002362,0.240155,0.002215,0.241209,0.001371,0.333222,0.001439,0.094205,0.002159,0.248443,0.001462,0.287281,0.002899,80
no_revision_belief,mobile_base_intervention,false_human_hint,combined_stress,0.344677,0.003812,-0.506372,0.004414,0.430182,0.002270,0.494798,0.002025,0.237639,0.002825,0.289605,0.002470,0.206338,0.001194,0.376234,0.001601,0.094304,0.001931,0.268397,0.001346,0.261409,0.002672,80
no_revision_belief,mobile_base_intervention,false_human_hint,in_distribution,0.438084,0.003389,-0.166221,0.004422,0.370122,0.002098,0.333309,0.002129,0.283349,0.002948,0.340837,0.002375,0.176356,0.001268,0.230309,0.001588,0.086840,0.001780,0.233090,0.001559,0.263830,0.002671,80
no_revision_belief,mobile_base_intervention,false_human_hint,long_horizon_recovery,0.382703,0.003360,-0.371724,0.004375,0.395633,0.002162,0.438723,0.002268,0.261363,0.002742,0.289499,0.002808,0.190523,0.001111,0.327177,0.001539,0.092902,0.002213,0.252871,0.001185,0.262385,0.002780,80
no_revision_belief,mobile_base_intervention,false_human_hint,new_operator_interventions,0.402300,0.002898,-0.292246,0.003623,0.390668,0.001965,0.394379,0.002416,0.262604,0.002471,0.330761,0.002680,0.191868,0.001229,0.271016,0.001409,0.090583,0.001887,0.246238,0.001430,0.261327,0.002747,80
no_revision_belief,mobile_base_intervention,false_human_hint,sparse_feedback,0.373800,0.004218,-0.401301,0.005257,0.431636,0.001918,0.426836,0.002222,0.249636,0.002758,0.318303,0.002795,0.197590,0.001142,0.336575,0.001739,0.091880,0.002148,0.259360,0.001159,0.259165,0.002451,80
no_revision_belief,mobile_base_intervention,noisy_observation,combined_stress,0.380006,0.003941,-0.374145,0.004551,0.360506,0.002130,0.474091,0.002104,0.280128,0.002582,0.301907,0.002972,0.198700,0.001372,0.372633,0.001426,0.091694,0.002028,0.229052,0.001475,0.296651,0.003165,80
no_revision_belief,mobile_base_intervention,noisy_observation,in_distribution,0.471162,0.003766,-0.034882,0.005090,0.296519,0.002292,0.313905,0.002145,0.324191,0.002555,0.355737,0.002831,0.169337,0.001298,0.224951,0.001484,0.084126,0.001513,0.193207,0.001557,0.292691,0.002608,80
no_revision_belief,mobile_base_intervention,noisy_observation,long_horizon_recovery,0.419499,0.003970,-0.234296,0.004550,0.322076,0.002315,0.416464,0.002268,0.302826,0.002220,0.301908,0.002720,0.181790,0.001149,0.322706,0.001262,0.090151,0.001751,0.213451,0.001401,0.291805,0.002694,80
no_revision_belief,mobile_base_intervention,noisy_observation,new_operator_interventions,0.437045,0.003630,-0.154482,0.004657,0.317013,0.002464,0.371400,0.002790,0.305653,0.002762,0.344357,0.002702,0.183263,0.001386,0.265833,0.001808,0.086365,0.001755,0.205798,0.001404,0.294009,0.002329,80
no_revision_belief,mobile_base_intervention,noisy_observation,sparse_feedback,0.409054,0.003935,-0.264346,0.004760,0.358572,0.001829,0.404073,0.002115,0.293907,0.002427,0.335675,0.002763,0.190532,0.001197,0.332311,0.001579,0.090093,0.001741,0.219245,0.001546,0.292459,0.002450,80
no_revision_belief,mobile_base_intervention,nominal,combined_stress,0.429734,0.003892,-0.186026,0.004330,0.283771,0.002210,0.421285,0.002352,0.337671,0.002573,0.333258,0.002185,0.180563,0.001245,0.354555,0.001385,0.087612,0.002011,0.201879,0.001347,0.338161,0.002846,80
no_revision_belief,mobile_base_intervention,nominal,in_distribution,0.523736,0.004233,0.151784,0.005192,0.221689,0.002386,0.262312,0.001944,0.380275,0.002782,0.389296,0.002981,0.151983,0.001454,0.208177,0.001504,0.084208,0.001432,0.167902,0.001443,0.335917,0.002743,80
no_revision_belief,mobile_base_intervention,nominal,long_horizon_recovery,0.469084,0.003914,-0.051792,0.004672,0.248994,0.002227,0.367236,0.002257,0.360452,0.002464,0.336175,0.002938,0.164322,0.001425,0.305591,0.001509,0.086219,0.001890,0.188776,0.001311,0.337746,0.002512,80
no_revision_belief,mobile_base_intervention,nominal,new_operator_interventions,0.489273,0.004538,0.030450,0.005103,0.242887,0.002018,0.321400,0.001890,0.359418,0.002869,0.377086,0.002611,0.165019,0.001352,0.248705,0.001495,0.085968,0.001625,0.180247,0.001407,0.336872,0.002634,80
no_revision_belief,mobile_base_intervention,nominal,sparse_feedback,0.457858,0.003894,-0.079901,0.004755,0.283751,0.002303,0.353808,0.001971,0.351495,0.002819,0.366174,0.002600,0.171646,0.001397,0.314548,0.001474,0.085556,0.001783,0.192902,0.001573,0.335688,0.002679,80
no_revision_belief,mobile_base_intervention,physical_rule_violation,combined_stress,0.339551,0.003471,-0.516088,0.004033,0.351859,0.002209,0.568011,0.002118,0.286395,0.002572,0.244150,0.002801,0.233539,0.001220,0.369381,0.001626,0.094382,0.001863,0.242935,0.001421,0.295598,0.002306,80
no_revision_belief,mobile_base_intervention,physical_rule_violation,in_distribution,0.435955,0.004584,-0.172611,0.005292,0.290025,0.001866,0.405816,0.002065,0.329785,0.002351,0.293557,0.002853,0.203436,0.001297,0.222282,0.001669,0.088398,0.001721,0.208740,0.001349,0.299260,0.002511,80
no_revision_belief,mobile_base_intervention,physical_rule_violation,long_horizon_recovery,0.382155,0.003678,-0.376699,0.004108,0.318609,0.002075,0.511372,0.002199,0.310118,0.002437,0.242577,0.002692,0.215943,0.001409,0.321403,0.001500,0.092985,0.001879,0.228582,0.001312,0.301374,0.002456,80
no_revision_belief,mobile_base_intervention,physical_rule_violation,new_operator_interventions,0.403145,0.004239,-0.295620,0.005114,0.311522,0.002506,0.468059,0.002552,0.309491,0.002758,0.283583,0.002560,0.218535,0.001347,0.263877,0.001535,0.091386,0.001802,0.220205,0.001414,0.301329,0.002529,80
no_revision_belief,mobile_base_intervention,physical_rule_violation,sparse_feedback,0.367421,0.004067,-0.410528,0.005344,0.352644,0.002198,0.500192,0.002285,0.298878,0.002663,0.272810,0.002382,0.223476,0.001480,0.329237,0.001439,0.094032,0.001972,0.233634,0.001421,0.298611,0.002706,80
no_revision_belief,occluded_drawer_recovery,actuator_model_break,combined_stress,0.329848,0.004406,-0.560185,0.005219,0.353929,0.002102,0.603402,0.001967,0.286161,0.002788,0.219929,0.002790,0.234417,0.001381,0.372272,0.001646,0.096057,0.002116,0.247028,0.001352,0.298534,0.002710,80
no_revision_belief,occluded_drawer_recovery,actuator_model_break,in_distribution,0.424512,0.003771,-0.219632,0.004626,0.293075,0.002134,0.441615,0.002298,0.329501,0.002417,0.273957,0.002739,0.205673,0.001228,0.223547,0.001458,0.089952,0.001762,0.213404,0.001462,0.296607,0.002769,80
no_revision_belief,occluded_drawer_recovery,actuator_model_break,long_horizon_recovery,0.371146,0.003828,-0.418439,0.004828,0.318298,0.002017,0.544975,0.002313,0.311778,0.002698,0.222291,0.002697,0.218667,0.001249,0.319445,0.001489,0.094949,0.002288,0.231887,0.001445,0.298137,0.002755,80
no_revision_belief,occluded_drawer_recovery,actuator_model_break,new_operator_interventions,0.387654,0.004024,-0.342059,0.005019,0.312027,0.002112,0.499618,0.001868,0.307574,0.002538,0.261198,0.002738,0.221000,0.001218,0.263544,0.001484,0.091278,0.002060,0.223864,0.001600,0.298672,0.002876,80
no_revision_belief,occluded_drawer_recovery,actuator_model_break,sparse_feedback,0.359697,0.003759,-0.451579,0.004962,0.354384,0.002204,0.534247,0.002244,0.296613,0.002669,0.250906,0.002845,0.224871,0.001151,0.329829,0.001731,0.095949,0.002244,0.237169,0.001396,0.296863,0.002868,80
no_revision_belief,occluded_drawer_recovery,combined_intervention_stress,combined_stress,0.233826,0.004023,-0.920506,0.004141,0.536155,0.002005,0.669878,0.001843,0.162758,0.003124,0.176852,0.003022,0.258870,0.001209,0.398479,0.001301,0.103879,0.002122,0.323806,0.001328,0.204710,0.002630,80
no_revision_belief,occluded_drawer_recovery,combined_intervention_stress,in_distribution,0.328594,0.004008,-0.578332,0.004913,0.473033,0.002343,0.508608,0.002134,0.207404,0.002575,0.228505,0.002539,0.229548,0.001418,0.253555,0.001367,0.095566,0.001980,0.288790,0.001381,0.205080,0.002659,80
no_revision_belief,occluded_drawer_recovery,combined_intervention_stress,long_horizon_recovery,0.271462,0.003871,-0.780896,0.004215,0.499732,0.002112,0.610721,0.002266,0.188602,0.002354,0.179363,0.002792,0.241180,0.001306,0.351307,0.001475,0.101135,0.002146,0.308521,0.001443,0.204801,0.002422,80
no_revision_belief,occluded_drawer_recovery,combined_intervention_stress,new_operator_interventions,0.295106,0.003816,-0.699843,0.004497,0.495310,0.002280,0.568265,0.002012,0.184161,0.002573,0.220763,0.002498,0.243818,0.001363,0.292532,0.001290,0.098906,0.002095,0.300249,0.001415,0.205584,0.002381,80
no_revision_belief,occluded_drawer_recovery,combined_intervention_stress,sparse_feedback,0.264259,0.004136,-0.812335,0.004321,0.535751,0.002123,0.602753,0.002003,0.174150,0.002294,0.208620,0.002822,0.249979,0.001233,0.359295,0.001627,0.101111,0.002165,0.313659,0.001344,0.204508,0.002631,80
no_revision_belief,occluded_drawer_recovery,contact_precondition_failure,combined_stress,0.342485,0.003795,-0.514725,0.004751,0.343287,0.002199,0.583833,0.002026,0.296611,0.002561,0.230240,0.002354,0.228384,0.001509,0.366390,0.001345,0.096463,0.002332,0.243171,0.001342,0.304440,0.002520,80
no_revision_belief,occluded_drawer_recovery,contact_precondition_failure,in_distribution,0.436572,0.003247,-0.175730,0.004419,0.281633,0.002530,0.425009,0.002047,0.338518,0.002560,0.284171,0.002749,0.199110,0.001195,0.219630,0.001273,0.088462,0.001724,0.208534,0.001288,0.305256,0.002216,80
no_revision_belief,occluded_drawer_recovery,contact_precondition_failure,long_horizon_recovery,0.380353,0.003689,-0.381415,0.004365,0.308907,0.002248,0.528445,0.002102,0.319548,0.002128,0.231232,0.002489,0.212786,0.001384,0.319470,0.001570,0.091799,0.002025,0.228902,0.001352,0.304771,0.002306,80
no_revision_belief,occluded_drawer_recovery,contact_precondition_failure,new_operator_interventions,0.400953,0.004050,-0.298033,0.005030,0.300811,0.002447,0.484491,0.002379,0.317870,0.002451,0.272568,0.002611,0.213329,0.001384,0.259514,0.001452,0.092064,0.002176,0.220893,0.001542,0.306835,0.002354,80
no_revision_belief,occluded_drawer_recovery,contact_precondition_failure,sparse_feedback,0.371327,0.004391,-0.406635,0.004566,0.340443,0.002469,0.517808,0.002121,0.308956,0.002391,0.261489,0.002627,0.219280,0.001156,0.326013,0.001721,0.092968,0.001988,0.233367,0.001662,0.305802,0.003086,80
no_revision_belief,occluded_drawer_recovery,environment_change_intervention,combined_stress,0.312003,0.003633,-0.617990,0.004173,0.374616,0.001946,0.618880,0.002203,0.274233,0.002696,0.210103,0.002631,0.242058,0.001170,0.372636,0.001680,0.098348,0.001922,0.258254,0.001328,0.289895,0.002764,80
no_revision_belief,occluded_drawer_recovery,environment_change_intervention,in_distribution,0.407590,0.003802,-0.275547,0.004748,0.313422,0.002068,0.457853,0.001979,0.318485,0.002888,0.263004,0.002630,0.211317,0.001379,0.226788,0.001482,0.091029,0.001807,0.224061,0.001230,0.289610,0.002805,80
no_revision_belief,occluded_drawer_recovery,environment_change_intervention,long_horizon_recovery,0.356965,0.003880,-0.476114,0.004739,0.339886,0.002190,0.563394,0.002414,0.297164,0.002685,0.210728,0.002450,0.223581,0.001277,0.324937,0.001388,0.096827,0.002009,0.243869,0.001440,0.287375,0.002252,80
no_revision_belief,occluded_drawer_recovery,environment_change_intervention,new_operator_interventions,0.371171,0.004417,-0.399217,0.005448,0.331631,0.002250,0.518605,0.001915,0.294280,0.002670,0.251131,0.002491,0.225328,0.001373,0.266052,0.001584,0.093504,0.001905,0.235700,0.001535,0.288988,0.002708,80
no_revision_belief,occluded_drawer_recovery,environment_change_intervention,sparse_feedback,0.347448,0.003494,-0.503191,0.004907,0.373886,0.002612,0.551070,0.002118,0.286723,0.002812,0.242057,0.002962,0.231522,0.001332,0.332547,0.001703,0.097005,0.001905,0.248936,0.001409,0.289141,0.002529,80
no_revision_belief,occluded_drawer_recovery,false_human_hint,combined_stress,0.348745,0.003583,-0.499380,0.004987,0.432496,0.002051,0.496659,0.002295,0.236265,0.002673,0.287663,0.002632,0.197472,0.001199,0.375796,0.001395,0.093648,0.001810,0.268927,0.001495,0.262355,0.002599,80
no_revision_belief,occluded_drawer_recovery,false_human_hint,in_distribution,0.443964,0.004679,-0.158699,0.005227,0.371445,0.002187,0.336874,0.002173,0.280978,0.002737,0.340723,0.002412,0.167374,0.001158,0.230316,0.001443,0.087019,0.001754,0.234463,0.001202,0.261995,0.002462,80
no_revision_belief,occluded_drawer_recovery,false_human_hint,long_horizon_recovery,0.385588,0.003941,-0.363980,0.004462,0.398589,0.002034,0.439137,0.001914,0.262510,0.002396,0.288663,0.002687,0.180340,0.001343,0.329156,0.001532,0.089964,0.001794,0.253959,0.001361,0.262385,0.002874,80
no_revision_belief,occluded_drawer_recovery,false_human_hint,new_operator_interventions,0.406685,0.004308,-0.283346,0.004607,0.392702,0.002121,0.394459,0.002395,0.262631,0.002719,0.329194,0.002804,0.182072,0.001175,0.271293,0.001388,0.090926,0.001768,0.248322,0.001291,0.263539,0.002425,80
no_revision_belief,occluded_drawer_recovery,false_human_hint,sparse_feedback,0.374086,0.003467,-0.394713,0.004587,0.433806,0.002173,0.427918,0.002226,0.250815,0.002702,0.321770,0.002733,0.186945,0.001420,0.337057,0.001656,0.093839,0.002150,0.258954,0.001235,0.259640,0.002443,80
no_revision_belief,occluded_drawer_recovery,noisy_observation,combined_stress,0.381794,0.003182,-0.361137,0.003912,0.357867,0.002174,0.472487,0.002320,0.279791,0.002669,0.302064,0.002932,0.187515,0.001459,0.373633,0.001377,0.090653,0.002044,0.227821,0.001463,0.296902,0.003044,80
no_revision_belief,occluded_drawer_recovery,noisy_observation,in_distribution,0.475357,0.003870,-0.021617,0.004991,0.295762,0.002009,0.312156,0.002205,0.324033,0.002760,0.355690,0.002899,0.159106,0.001359,0.225804,0.001596,0.084035,0.001402,0.193082,0.001487,0.295621,0.002707,80
no_revision_belief,occluded_drawer_recovery,noisy_observation,long_horizon_recovery,0.420756,0.003980,-0.225257,0.005113,0.321309,0.002338,0.418128,0.002185,0.306887,0.002995,0.306588,0.002832,0.172316,0.001432,0.324201,0.001404,0.089850,0.001786,0.213801,0.001263,0.293273,0.002397,80
no_revision_belief,occluded_drawer_recovery,noisy_observation,new_operator_interventions,0.441898,0.004170,-0.143062,0.004744,0.314257,0.002110,0.371539,0.002058,0.302596,0.002516,0.342160,0.002289,0.173311,0.001128,0.266758,0.001218,0.088035,0.001811,0.206596,0.001430,0.294150,0.002296,80
no_revision_belief,occluded_drawer_recovery,noisy_observation,sparse_feedback,0.407742,0.004106,-0.260013,0.004781,0.359365,0.001906,0.404836,0.002204,0.290450,0.002526,0.336084,0.002977,0.179629,0.001297,0.333879,0.001268,0.090026,0.001800,0.219268,0.001384,0.291847,0.002522,80
no_revision_belief,occluded_drawer_recovery,nominal,combined_stress,0.430646,0.003915,-0.178937,0.004834,0.283894,0.002210,0.424767,0.001946,0.339055,0.002561,0.338307,0.002679,0.170339,0.001554,0.354136,0.001754,0.086343,0.001619,0.202730,0.001411,0.337155,0.002899,80
no_revision_belief,occluded_drawer_recovery,nominal,in_distribution,0.526046,0.003526,0.162772,0.004565,0.222225,0.002424,0.262319,0.002144,0.382194,0.002698,0.389017,0.002817,0.141515,0.001299,0.206993,0.001315,0.083215,0.001224,0.166525,0.001330,0.336310,0.002669,80
no_revision_belief,occluded_drawer_recovery,nominal,long_horizon_recovery,0.474228,0.003994,-0.037124,0.004547,0.248723,0.002008,0.367539,0.002224,0.363987,0.002407,0.337456,0.002732,0.153606,0.001440,0.305508,0.001681,0.086245,0.001716,0.186476,0.001282,0.336178,0.002730,80
no_revision_belief,occluded_drawer_recovery,nominal,new_operator_interventions,0.488690,0.004281,0.037841,0.005112,0.243844,0.002344,0.321359,0.002491,0.363802,0.002459,0.376773,0.002539,0.156271,0.001461,0.246593,0.001734,0.085248,0.001711,0.178848,0.001483,0.336517,0.002552,80
no_revision_belief,occluded_drawer_recovery,nominal,sparse_feedback,0.463689,0.003917,-0.066471,0.004206,0.284580,0.002074,0.352866,0.002230,0.352385,0.002618,0.365358,0.002597,0.160483,0.001209,0.315360,0.001753,0.084498,0.001629,0.194290,0.001482,0.336507,0.002640,80
no_revision_belief,occluded_drawer_recovery,physical_rule_violation,combined_stress,0.345928,0.003755,-0.505566,0.004923,0.354358,0.002302,0.568696,0.002055,0.286353,0.002689,0.241530,0.002557,0.223920,0.001346,0.369001,0.001380,0.096588,0.002003,0.243079,0.001475,0.299260,0.002395,80
no_revision_belief,occluded_drawer_recovery,physical_rule_violation,in_distribution,0.439287,0.003629,-0.162794,0.004375,0.292202,0.002404,0.406376,0.002108,0.330363,0.002901,0.294829,0.002737,0.193128,0.001280,0.221722,0.001618,0.087961,0.001567,0.208259,0.001535,0.299450,0.002584,80
no_revision_belief,occluded_drawer_recovery,physical_rule_violation,long_horizon_recovery,0.383196,0.003981,-0.366465,0.005102,0.318773,0.002008,0.511063,0.002456,0.312314,0.002299,0.244041,0.002317,0.205190,0.001350,0.318343,0.001597,0.092337,0.001956,0.229397,0.001468,0.300619,0.002612,80
no_revision_belief,occluded_drawer_recovery,physical_rule_violation,new_operator_interventions,0.410046,0.004156,-0.281470,0.004941,0.311483,0.002296,0.467547,0.002165,0.308684,0.002729,0.282237,0.002617,0.207098,0.001248,0.263455,0.001556,0.092130,0.001942,0.221050,0.001466,0.297869,0.002776,80
no_revision_belief,occluded_drawer_recovery,physical_rule_violation,sparse_feedback,0.372107,0.004060,-0.398500,0.004721,0.353471,0.001997,0.499523,0.002304,0.299750,0.002840,0.274397,0.002363,0.214281,0.001282,0.328213,0.001336,0.091944,0.002167,0.234868,0.001471,0.299970,0.002765,80
no_revision_belief,payload_shift_pick,actuator_model_break,combined_stress,0.324245,0.003259,-0.578937,0.004321,0.354024,0.002045,0.601333,0.002191,0.287257,0.002649,0.219582,0.002305,0.255523,0.001449,0.368290,0.001637,0.097420,0.001944,0.247666,0.001473,0.297168,0.002422,80
no_revision_belief,payload_shift_pick,actuator_model_break,in_distribution,0.413678,0.003936,-0.243547,0.004592,0.291660,0.002116,0.441064,0.001936,0.328007,0.002833,0.271615,0.002833,0.226137,0.001426,0.224272,0.001714,0.089739,0.002059,0.211479,0.001511,0.300437,0.002716,80
no_revision_belief,payload_shift_pick,actuator_model_break,long_horizon_recovery,0.361081,0.003793,-0.444824,0.004919,0.318464,0.002191,0.546427,0.002214,0.310043,0.002933,0.222730,0.002809,0.238492,0.001249,0.321734,0.001632,0.092913,0.001974,0.233686,0.001329,0.299473,0.002562,80
no_revision_belief,payload_shift_pick,actuator_model_break,new_operator_interventions,0.381470,0.003873,-0.361990,0.004405,0.312108,0.001873,0.502344,0.002024,0.309222,0.002275,0.263560,0.002921,0.239439,0.001219,0.263257,0.001527,0.090877,0.002000,0.223298,0.001349,0.299235,0.002423,80
no_revision_belief,payload_shift_pick,actuator_model_break,sparse_feedback,0.355493,0.003716,-0.468193,0.004074,0.354012,0.002230,0.534143,0.002176,0.300011,0.002685,0.254972,0.002777,0.245767,0.001260,0.329585,0.001543,0.092373,0.002130,0.237851,0.001353,0.297317,0.002897,80
no_revision_belief,payload_shift_pick,combined_intervention_stress,combined_stress,0.230531,0.003943,-0.938210,0.004658,0.536567,0.002576,0.669063,0.001943,0.159067,0.002581,0.179254,0.002714,0.278651,0.001267,0.399393,0.001651,0.104302,0.002104,0.323544,0.001470,0.204932,0.002655,80
no_revision_belief,payload_shift_pick,combined_intervention_stress,in_distribution,0.323322,0.003351,-0.597716,0.004461,0.474892,0.001992,0.507435,0.002303,0.204611,0.002606,0.229627,0.002585,0.248415,0.001253,0.252745,0.001701,0.095671,0.001706,0.288566,0.001306,0.203468,0.002600,80
no_revision_belief,payload_shift_pick,combined_intervention_stress,long_horizon_recovery,0.268786,0.003424,-0.799416,0.004488,0.500172,0.002389,0.613572,0.001990,0.186646,0.002678,0.179746,0.002568,0.261220,0.001173,0.348860,0.001471,0.100013,0.002520,0.307375,0.001388,0.203235,0.002504,80
no_revision_belief,payload_shift_pick,combined_intervention_stress,new_operator_interventions,0.289340,0.003853,-0.717164,0.004635,0.493659,0.001911,0.567348,0.001819,0.183296,0.002964,0.220776,0.002927,0.262988,0.001427,0.290642,0.001332,0.099499,0.002158,0.299837,0.001204,0.206819,0.002478,80
no_revision_belief,payload_shift_pick,combined_intervention_stress,sparse_feedback,0.258079,0.004242,-0.829924,0.005159,0.533841,0.001880,0.601919,0.002188,0.174494,0.002720,0.209780,0.002512,0.269378,0.001344,0.358920,0.001416,0.101366,0.002326,0.313307,0.001415,0.205854,0.002449,80
no_revision_belief,payload_shift_pick,contact_precondition_failure,combined_stress,0.337153,0.004192,-0.536054,0.004892,0.342294,0.002471,0.586397,0.002382,0.295787,0.002784,0.229493,0.002331,0.247682,0.001267,0.367106,0.001438,0.096103,0.002049,0.244054,0.001547,0.302609,0.002611,80
no_revision_belief,payload_shift_pick,contact_precondition_failure,in_distribution,0.429793,0.003767,-0.193227,0.004725,0.279826,0.002074,0.423225,0.002264,0.339821,0.002745,0.287521,0.002179,0.218795,0.001307,0.218607,0.001522,0.088286,0.002077,0.209084,0.001460,0.303565,0.002402,80
no_revision_belief,payload_shift_pick,contact_precondition_failure,long_horizon_recovery,0.374591,0.003793,-0.396154,0.004115,0.306920,0.002203,0.527334,0.002109,0.322183,0.002726,0.232479,0.002790,0.231706,0.001441,0.317584,0.001573,0.090723,0.001793,0.227403,0.001490,0.307563,0.002566,80
no_revision_belief,payload_shift_pick,contact_precondition_failure,new_operator_interventions,0.397406,0.003450,-0.317971,0.004832,0.301473,0.002270,0.484501,0.002279,0.316206,0.003103,0.270640,0.002976,0.234059,0.001228,0.259997,0.001608,0.091443,0.002014,0.220809,0.001538,0.303552,0.002512,80
no_revision_belief,payload_shift_pick,contact_precondition_failure,sparse_feedback,0.364156,0.004151,-0.428782,0.005066,0.341149,0.001866,0.518823,0.002120,0.306692,0.002894,0.262410,0.002741,0.238801,0.001295,0.324850,0.001685,0.092271,0.001998,0.232897,0.001382,0.303670,0.002659,80
no_revision_belief,payload_shift_pick,environment_change_intervention,combined_stress,0.313616,0.003958,-0.630407,0.005115,0.372983,0.002179,0.618810,0.002494,0.273473,0.002662,0.209334,0.002502,0.262271,0.001449,0.373470,0.001636,0.097289,0.001953,0.258107,0.001589,0.287785,0.002540,80
no_revision_belief,payload_shift_pick,environment_change_intervention,in_distribution,0.402278,0.003767,-0.299253,0.004253,0.315277,0.001960,0.460070,0.002517,0.315571,0.002578,0.261938,0.002654,0.231661,0.001297,0.227031,0.001446,0.089742,0.001702,0.225199,0.001306,0.290280,0.002291,80
no_revision_belief,payload_shift_pick,environment_change_intervention,long_horizon_recovery,0.349513,0.003729,-0.497294,0.005003,0.338309,0.002263,0.563185,0.002050,0.297721,0.002639,0.210052,0.002459,0.245186,0.001447,0.323413,0.001557,0.096394,0.001983,0.244206,0.001269,0.289668,0.002567,80
no_revision_belief,payload_shift_pick,environment_change_intervention,new_operator_interventions,0.366342,0.003462,-0.418964,0.004503,0.331225,0.002266,0.519822,0.002520,0.293641,0.002754,0.250031,0.002859,0.244820,0.001167,0.265758,0.001626,0.091607,0.001927,0.236492,0.001337,0.287903,0.002251,80
no_revision_belief,payload_shift_pick,environment_change_intervention,sparse_feedback,0.336454,0.003941,-0.531013,0.004862,0.376567,0.002238,0.551240,0.002216,0.285280,0.002271,0.241476,0.002670,0.251950,0.001301,0.332674,0.001396,0.095403,0.002254,0.249353,0.001559,0.287168,0.002833,80
no_revision_belief,payload_shift_pick,false_human_hint,combined_stress,0.342160,0.003349,-0.519883,0.004313,0.432852,0.002221,0.497242,0.002055,0.238873,0.002282,0.289504,0.002442,0.216925,0.001496,0.377068,0.001461,0.093998,0.001833,0.268933,0.001485,0.261935,0.002946,80
no_revision_belief,payload_shift_pick,false_human_hint,in_distribution,0.439522,0.003662,-0.172396,0.004170,0.369120,0.002196,0.332424,0.001980,0.281581,0.002468,0.342891,0.002695,0.187273,0.001291,0.230714,0.001342,0.087986,0.001841,0.234491,0.001402,0.263138,0.002245,80
no_revision_belief,payload_shift_pick,false_human_hint,long_horizon_recovery,0.380227,0.003719,-0.383210,0.004360,0.398204,0.002034,0.439287,0.002009,0.263207,0.002627,0.289279,0.002829,0.199746,0.001441,0.329799,0.001409,0.090933,0.002266,0.253906,0.001347,0.261355,0.002501,80
no_revision_belief,payload_shift_pick,false_human_hint,new_operator_interventions,0.399579,0.003470,-0.303516,0.004332,0.391628,0.002287,0.395928,0.002237,0.260936,0.002538,0.331849,0.002648,0.201267,0.001099,0.271702,0.001420,0.088458,0.001683,0.247044,0.001290,0.262291,0.002735,80
no_revision_belief,payload_shift_pick,false_human_hint,sparse_feedback,0.374146,0.003482,-0.409020,0.004313,0.432727,0.002305,0.427983,0.002333,0.251193,0.002669,0.321055,0.002428,0.207981,0.001342,0.337965,0.001387,0.091868,0.002185,0.259508,0.001289,0.262621,0.002664,80
no_revision_belief,payload_shift_pick,noisy_observation,combined_stress,0.374515,0.003399,-0.382031,0.004336,0.356412,0.002232,0.474075,0.002693,0.279784,0.001821,0.304224,0.002871,0.207411,0.001353,0.372772,0.001570,0.090331,0.001789,0.227412,0.001235,0.295301,0.002824,80
no_revision_belief,payload_shift_pick,noisy_observation,in_distribution,0.467242,0.004332,-0.048247,0.004851,0.298489,0.002313,0.312758,0.002031,0.321940,0.002814,0.356572,0.002604,0.179453,0.001243,0.227180,0.001561,0.086468,0.001752,0.194195,0.001397,0.292668,0.002724,80
no_revision_belief,payload_shift_pick,noisy_observation,long_horizon_recovery,0.416962,0.003865,-0.240483,0.004904,0.321146,0.002034,0.415688,0.002294,0.306589,0.002818,0.307283,0.002182,0.192159,0.001458,0.323419,0.001632,0.089515,0.001917,0.212903,0.001285,0.295687,0.002747,80
no_revision_belief,payload_shift_pick,noisy_observation,new_operator_interventions,0.435459,0.003825,-0.167708,0.004402,0.317294,0.002254,0.374546,0.001979,0.302427,0.002710,0.344684,0.002623,0.193531,0.001420,0.267481,0.001470,0.087166,0.001735,0.207127,0.001439,0.293476,0.002885,80
no_revision_belief,payload_shift_pick,noisy_observation,sparse_feedback,0.404954,0.003986,-0.273091,0.005179,0.356261,0.002062,0.406169,0.002261,0.294565,0.002741,0.336419,0.002745,0.198684,0.001277,0.332676,0.001664,0.089449,0.002033,0.218091,0.001741,0.295831,0.002695,80
no_revision_belief,payload_shift_pick,nominal,combined_stress,0.427223,0.003662,-0.196392,0.004725,0.284023,0.002162,0.422226,0.002461,0.338053,0.002495,0.338253,0.002567,0.190641,0.001215,0.356757,0.001347,0.087420,0.001997,0.202653,0.001312,0.336504,0.002207,80
no_revision_belief,payload_shift_pick,nominal,in_distribution,0.519227,0.003995,0.142135,0.004841,0.220711,0.001926,0.260840,0.002207,0.377960,0.002512,0.388196,0.002215,0.160963,0.001255,0.208890,0.001477,0.083106,0.001348,0.167062,0.001418,0.336005,0.003002,80
no_revision_belief,payload_shift_pick,nominal,long_horizon_recovery,0.464460,0.004372,-0.062835,0.004894,0.249518,0.002152,0.368146,0.002119,0.362139,0.002963,0.337178,0.002488,0.173014,0.001160,0.306362,0.001580,0.085913,0.001409,0.187571,0.001385,0.334919,0.003067,80
no_revision_belief,payload_shift_pick,nominal,new_operator_interventions,0.485370,0.003675,0.018154,0.004579,0.241899,0.002465,0.323289,0.001949,0.361288,0.002863,0.374117,0.002483,0.175578,0.001341,0.248177,0.001504,0.085188,0.001494,0.180300,0.001453,0.334625,0.002381,80
no_revision_belief,payload_shift_pick,nominal,sparse_feedback,0.457451,0.004303,-0.088459,0.005354,0.285144,0.002172,0.354412,0.002254,0.352245,0.002875,0.369814,0.002387,0.181728,0.001386,0.315860,0.001489,0.087077,0.001646,0.192742,0.001373,0.335528,0.002685,80
no_revision_belief,payload_shift_pick,physical_rule_violation,combined_stress,0.339755,0.003536,-0.523374,0.004013,0.352682,0.002019,0.568123,0.002343,0.284262,0.002270,0.241578,0.002256,0.243105,0.001422,0.367326,0.001537,0.094669,0.002211,0.242856,0.001440,0.301196,0.002561,80
no_revision_belief,payload_shift_pick,physical_rule_violation,in_distribution,0.430000,0.003754,-0.185745,0.004800,0.291123,0.002330,0.406839,0.002032,0.332018,0.002834,0.293966,0.002685,0.211932,0.001405,0.223341,0.001643,0.088050,0.001810,0.209406,0.001582,0.300023,0.002132,80
no_revision_belief,payload_shift_pick,physical_rule_violation,long_horizon_recovery,0.382696,0.004322,-0.380303,0.004929,0.315760,0.002229,0.512208,0.002179,0.313785,0.002543,0.242208,0.002713,0.225387,0.001329,0.321218,0.001711,0.089930,0.001963,0.228591,0.001419,0.301672,0.002586,80
no_revision_belief,payload_shift_pick,physical_rule_violation,new_operator_interventions,0.401103,0.003929,-0.303257,0.004483,0.310922,0.002411,0.466730,0.001951,0.308272,0.002866,0.284328,0.002697,0.227944,0.001194,0.262222,0.001467,0.091229,0.001837,0.220740,0.001551,0.298614,0.002394,80
no_revision_belief,payload_shift_pick,physical_rule_violation,sparse_feedback,0.375714,0.004211,-0.409934,0.004961,0.352705,0.002252,0.501126,0.002344,0.298823,0.002564,0.272687,0.002630,0.232853,0.001325,0.328639,0.001646,0.093168,0.002051,0.234819,0.001199,0.299811,0.003007,80
no_revision_belief,tool_use_correction,actuator_model_break,combined_stress,0.321272,0.004174,-0.587828,0.004846,0.353227,0.002325,0.601304,0.002179,0.283517,0.002688,0.220710,0.002640,0.264378,0.001501,0.371397,0.001485,0.096010,0.002026,0.245668,0.001379,0.299358,0.002818,80
no_revision_belief,tool_use_correction,actuator_model_break,in_distribution,0.416754,0.003737,-0.245039,0.004557,0.291252,0.002255,0.440601,0.002325,0.330310,0.002782,0.274796,0.002681,0.235456,0.001396,0.224525,0.001456,0.088718,0.001962,0.210658,0.001467,0.299346,0.002817,80
no_revision_belief,tool_use_correction,actuator_model_break,long_horizon_recovery,0.358497,0.003669,-0.453944,0.004292,0.317442,0.002180,0.547074,0.002117,0.307653,0.002498,0.221187,0.002287,0.247578,0.001172,0.322464,0.001649,0.093419,0.002151,0.230751,0.001580,0.296930,0.002486,80
no_revision_belief,tool_use_correction,actuator_model_break,new_operator_interventions,0.381889,0.004736,-0.368058,0.005992,0.310630,0.002094,0.501647,0.002285,0.309014,0.002676,0.263494,0.002410,0.249810,0.001280,0.263752,0.001635,0.090664,0.002062,0.223724,0.001361,0.298372,0.002532,80
no_revision_belief,tool_use_correction,actuator_model_break,sparse_feedback,0.349842,0.003924,-0.480691,0.004871,0.351550,0.002007,0.533777,0.001980,0.297917,0.002580,0.251483,0.002472,0.255856,0.001400,0.330873,0.001576,0.094319,0.002051,0.236893,0.001221,0.298446,0.002825,80
no_revision_belief,tool_use_correction,combined_intervention_stress,combined_stress,0.222964,0.003224,-0.951324,0.004201,0.535465,0.001959,0.669831,0.002212,0.160660,0.002801,0.177505,0.002671,0.286511,0.001374,0.400172,0.001637,0.104739,0.002121,0.324218,0.001622,0.206661,0.002630,80
no_revision_belief,tool_use_correction,combined_intervention_stress,in_distribution,0.319249,0.003819,-0.607835,0.004390,0.472414,0.002047,0.508375,0.002240,0.206740,0.002515,0.227058,0.002536,0.259185,0.001462,0.252151,0.001501,0.094377,0.002154,0.288052,0.001204,0.205195,0.002500,80
no_revision_belief,tool_use_correction,combined_intervention_stress,long_horizon_recovery,0.266833,0.003798,-0.807142,0.004614,0.498774,0.001989,0.611281,0.002320,0.187111,0.002674,0.178654,0.002534,0.271357,0.001320,0.350936,0.001791,0.100927,0.002105,0.307774,0.001266,0.203580,0.002906,80
no_revision_belief,tool_use_correction,combined_intervention_stress,new_operator_interventions,0.289940,0.004737,-0.725769,0.005140,0.494362,0.002500,0.568416,0.002267,0.185257,0.002487,0.219712,0.002604,0.272975,0.001339,0.292279,0.001631,0.099148,0.002030,0.301129,0.001516,0.205258,0.002597,80
no_revision_belief,tool_use_correction,combined_intervention_stress,sparse_feedback,0.256201,0.003799,-0.840184,0.004481,0.537245,0.002305,0.600967,0.002107,0.176277,0.003058,0.209996,0.002476,0.280001,0.001325,0.358516,0.001519,0.102872,0.002086,0.312460,0.001447,0.206244,0.002356,80
no_revision_belief,tool_use_correction,contact_precondition_failure,combined_stress,0.332499,0.004106,-0.547748,0.004570,0.343716,0.002233,0.585221,0.002189,0.296614,0.002716,0.229587,0.002623,0.259289,0.001348,0.366193,0.001611,0.097885,0.002189,0.241764,0.001502,0.304812,0.002700,80
no_revision_belief,tool_use_correction,contact_precondition_failure,in_distribution,0.428040,0.003917,-0.205679,0.004662,0.279704,0.002109,0.427106,0.002210,0.338125,0.002775,0.284131,0.002466,0.228429,0.001197,0.221382,0.001600,0.088108,0.001753,0.207529,0.001263,0.303867,0.002637,80
no_revision_belief,tool_use_correction,contact_precondition_failure,long_horizon_recovery,0.374913,0.003819,-0.403753,0.004422,0.304515,0.002064,0.528201,0.002289,0.319030,0.002657,0.234141,0.002816,0.241555,0.001291,0.318270,0.001584,0.092364,0.002032,0.228494,0.001348,0.304046,0.002668,80
no_revision_belief,tool_use_correction,contact_precondition_failure,new_operator_interventions,0.395642,0.003672,-0.323358,0.004111,0.301619,0.002029,0.482338,0.002126,0.318029,0.002493,0.271790,0.002613,0.242904,0.001377,0.259643,0.001623,0.089158,0.001768,0.221014,0.001421,0.304883,0.002282,80
no_revision_belief,tool_use_correction,contact_precondition_failure,sparse_feedback,0.366370,0.003640,-0.435875,0.004858,0.342446,0.002338,0.518241,0.002256,0.307702,0.002392,0.262027,0.002349,0.250089,0.001311,0.326512,0.001542,0.091713,0.002200,0.234617,0.001360,0.305120,0.002914,80
no_revision_belief,tool_use_correction,environment_change_intervention,combined_stress,0.308828,0.004178,-0.642519,0.005155,0.372727,0.002134,0.618595,0.002263,0.272820,0.002681,0.209496,0.002769,0.271396,0.001275,0.373391,0.001480,0.098325,0.002068,0.259638,0.001271,0.285716,0.002857,80
no_revision_belief,tool_use_correction,environment_change_intervention,in_distribution,0.402632,0.003868,-0.302915,0.004447,0.312772,0.002226,0.459745,0.002051,0.314724,0.002664,0.262860,0.002298,0.240566,0.001267,0.225827,0.001310,0.089323,0.001744,0.224114,0.001505,0.287984,0.002140,80
no_revision_belief,tool_use_correction,environment_change_intervention,long_horizon_recovery,0.345851,0.004132,-0.503631,0.004785,0.339558,0.002275,0.560492,0.002268,0.297341,0.002954,0.211728,0.002498,0.252103,0.001213,0.324446,0.001730,0.093376,0.002001,0.243260,0.001381,0.290775,0.002807,80
no_revision_belief,tool_use_correction,environment_change_intervention,new_operator_interventions,0.364565,0.004152,-0.425903,0.004841,0.332433,0.002063,0.516164,0.002527,0.293528,0.002489,0.250659,0.002611,0.254656,0.001264,0.265021,0.001361,0.094247,0.002189,0.235584,0.001505,0.287076,0.002462,80
no_revision_belief,tool_use_correction,environment_change_intervention,sparse_feedback,0.339279,0.004415,-0.534505,0.005306,0.375715,0.002092,0.551636,0.002372,0.286078,0.002950,0.242398,0.002411,0.260571,0.001486,0.332672,0.001687,0.095408,0.002177,0.250625,0.001287,0.285538,0.002474,80
no_revision_belief,tool_use_correction,false_human_hint,combined_stress,0.337835,0.003720,-0.530901,0.004417,0.432552,0.002073,0.495393,0.001879,0.237904,0.002981,0.287567,0.002993,0.227124,0.001367,0.376900,0.001433,0.095239,0.002198,0.268747,0.001422,0.260618,0.002456,80
no_revision_belief,tool_use_correction,false_human_hint,in_distribution,0.434025,0.003983,-0.186053,0.004863,0.368298,0.002341,0.335316,0.002072,0.283214,0.002729,0.339421,0.002469,0.197459,0.001300,0.230891,0.001388,0.085910,0.001617,0.233083,0.001328,0.263036,0.002496,80
no_revision_belief,tool_use_correction,false_human_hint,long_horizon_recovery,0.380582,0.004152,-0.387421,0.004639,0.396706,0.002169,0.438179,0.002174,0.262848,0.002293,0.291112,0.002326,0.209669,0.001226,0.328331,0.001461,0.090952,0.002135,0.253777,0.001390,0.262685,0.001923,80
no_revision_belief,tool_use_correction,false_human_hint,new_operator_interventions,0.403272,0.003832,-0.310136,0.004611,0.392410,0.001967,0.396385,0.002239,0.259177,0.002253,0.327763,0.002434,0.212321,0.001220,0.271439,0.001540,0.090554,0.002057,0.246525,0.001471,0.262078,0.002381,80
no_revision_belief,tool_use_correction,false_human_hint,sparse_feedback,0.371303,0.003714,-0.419884,0.004674,0.432473,0.001912,0.429105,0.002591,0.248702,0.003038,0.321391,0.002194,0.217965,0.001185,0.335793,0.001346,0.090197,0.001984,0.261098,0.001416,0.262932,0.002380,80
no_revision_belief,tool_use_correction,noisy_observation,combined_stress,0.375211,0.003853,-0.389060,0.004611,0.358424,0.002247,0.472039,0.002163,0.280932,0.002636,0.304106,0.002178,0.218462,0.001255,0.371335,0.001458,0.090511,0.002065,0.228312,0.001352,0.293893,0.002755,80
no_revision_belief,tool_use_correction,noisy_observation,in_distribution,0.465689,0.004453,-0.054502,0.005354,0.296801,0.002035,0.311443,0.002368,0.322195,0.002429,0.355413,0.002737,0.189680,0.001213,0.226569,0.001508,0.085465,0.001540,0.193475,0.001443,0.294622,0.003132,80
no_revision_belief,tool_use_correction,noisy_observation,long_horizon_recovery,0.416103,0.003547,-0.249916,0.004392,0.321552,0.002631,0.415809,0.002168,0.306249,0.002910,0.302613,0.002352,0.201843,0.001386,0.324340,0.001617,0.089053,0.001949,0.212911,0.001426,0.295453,0.002749,80
no_revision_belief,tool_use_correction,noisy_observation,new_operator_interventions,0.434075,0.003689,-0.176475,0.004270,0.318850,0.002523,0.373686,0.001937,0.302564,0.002634,0.343392,0.002805,0.204345,0.001345,0.265785,0.001553,0.085755,0.001786,0.206746,0.001409,0.294547,0.002479,80
no_revision_belief,tool_use_correction,noisy_observation,sparse_feedback,0.404342,0.004234,-0.283406,0.004929,0.358098,0.002206,0.405526,0.002162,0.294049,0.002448,0.333582,0.002503,0.209961,0.001281,0.332393,0.001524,0.089303,0.001687,0.218426,0.001545,0.294614,0.002569,80
no_revision_belief,tool_use_correction,nominal,combined_stress,0.426091,0.003925,-0.206655,0.004285,0.285153,0.002353,0.423149,0.002025,0.335665,0.003025,0.336317,0.002774,0.201494,0.001110,0.355172,0.001365,0.086481,0.001634,0.201680,0.001367,0.336481,0.002595,80
no_revision_belief,tool_use_correction,nominal,in_distribution,0.512298,0.004326,0.125007,0.005138,0.223108,0.001960,0.263858,0.002295,0.381172,0.002860,0.389719,0.002326,0.171520,0.001357,0.208617,0.001565,0.083393,0.001340,0.167858,0.001441,0.336777,0.002902,80
no_revision_belief,tool_use_correction,nominal,long_horizon_recovery,0.463048,0.003674,-0.073298,0.004236,0.249243,0.002188,0.368057,0.002412,0.360674,0.002577,0.334373,0.002432,0.184006,0.001502,0.306954,0.001490,0.086225,0.001700,0.188158,0.001331,0.335247,0.002304,80
no_revision_belief,tool_use_correction,nominal,new_operator_interventions,0.482740,0.004007,0.008498,0.004973,0.242887,0.002301,0.323142,0.002370,0.359689,0.002524,0.377168,0.002547,0.185021,0.001479,0.248601,0.001688,0.085132,0.001515,0.180181,0.001249,0.334529,0.002661,80
no_revision_belief,tool_use_correction,nominal,sparse_feedback,0.456746,0.003778,-0.094473,0.004739,0.283554,0.002244,0.353211,0.002325,0.350637,0.002732,0.365993,0.003052,0.190826,0.001240,0.315904,0.001515,0.086396,0.001857,0.191894,0.001435,0.336992,0.002786,80
no_revision_belief,tool_use_correction,physical_rule_violation,combined_stress,0.337741,0.003800,-0.535199,0.004693,0.353867,0.002364,0.570627,0.002327,0.287364,0.002567,0.240706,0.002369,0.251841,0.001232,0.368599,0.001563,0.095862,0.002268,0.245017,0.001241,0.299688,0.002527,80
no_revision_belief,tool_use_correction,physical_rule_violation,in_distribution,0.431364,0.003761,-0.190717,0.005016,0.290037,0.002168,0.405395,0.002208,0.329148,0.001978,0.294518,0.002387,0.223115,0.001383,0.222597,0.001563,0.087670,0.001733,0.208654,0.001489,0.300438,0.002719,80
no_revision_belief,tool_use_correction,physical_rule_violation,long_horizon_recovery,0.375855,0.003459,-0.393139,0.004764,0.317133,0.002335,0.510678,0.002193,0.315417,0.002499,0.243157,0.002291,0.234381,0.001497,0.320104,0.001573,0.092369,0.001840,0.228696,0.001435,0.299328,0.002596,80
no_revision_belief,tool_use_correction,physical_rule_violation,new_operator_interventions,0.393387,0.003789,-0.318368,0.004330,0.312528,0.001845,0.466732,0.001924,0.308612,0.002430,0.284657,0.002890,0.237847,0.001398,0.261601,0.001703,0.089994,0.001847,0.220725,0.001415,0.298713,0.002330,80
no_revision_belief,tool_use_correction,physical_rule_violation,sparse_feedback,0.366973,0.004416,-0.427077,0.005129,0.355585,0.002457,0.500779,0.002299,0.302088,0.002632,0.274080,0.002565,0.244468,0.001446,0.327468,0.001504,0.093554,0.002016,0.235008,0.001464,0.300708,0.002888,80
oracle_physical_belief_revision,bin_packing_recovery,actuator_model_break,combined_stress,0.803786,0.003630,0.988055,0.004022,0.000000,0.000000,0.112750,0.002347,0.897501,0.002684,0.773183,0.002612,0.135623,0.001293,0.313539,0.001573,0.042872,0.000878,0.000000,0.000000,0.815119,0.002506,80
oracle_physical_belief_revision,bin_packing_recovery,actuator_model_break,in_distribution,0.898425,0.004601,1.241676,0.004940,0.000000,0.000000,0.000000,0.000000,0.941893,0.002301,0.830659,0.002808,0.106496,0.001350,0.166795,0.001496,0.046095,0.001108,0.000000,0.000000,0.816825,0.002776,80
oracle_physical_belief_revision,bin_packing_recovery,actuator_model_break,long_horizon_recovery,0.841041,0.003635,1.093892,0.004214,0.000000,0.000000,0.057029,0.002190,0.924220,0.002707,0.775750,0.002583,0.119423,0.001373,0.266614,0.001609,0.045139,0.000929,0.000000,0.000000,0.814461,0.002401,80
oracle_physical_belief_revision,bin_packing_recovery,actuator_model_break,new_operator_interventions,0.863612,0.004004,1.168706,0.004051,0.000000,0.000000,0.013190,0.001986,0.920875,0.002780,0.815691,0.002609,0.121146,0.001335,0.207730,0.001589,0.045787,0.001044,0.000000,0.000000,0.815297,0.002687,80
oracle_physical_belief_revision,bin_packing_recovery,actuator_model_break,sparse_feedback,0.833555,0.003943,1.089025,0.004287,0.000000,0.000000,0.046660,0.002275,0.910112,0.002637,0.807290,0.002713,0.128615,0.001394,0.273383,0.001361,0.044065,0.001053,0.000000,0.000000,0.812673,0.002803,80
oracle_physical_belief_revision,bin_packing_recovery,combined_intervention_stress,combined_stress,0.712455,0.003512,0.726933,0.004366,0.079151,0.002429,0.181458,0.002162,0.775093,0.002387,0.734827,0.002228,0.158935,0.001344,0.342270,0.001494,0.039741,0.001019,0.008777,0.001174,0.721941,0.002517,80
oracle_physical_belief_revision,bin_packing_recovery,combined_intervention_stress,in_distribution,0.804079,0.003546,1.053111,0.004138,0.015671,0.002006,0.017998,0.001862,0.820791,0.003005,0.785084,0.002693,0.131506,0.001132,0.196544,0.001490,0.043273,0.000934,0.000000,0.000000,0.721604,0.002524,80
oracle_physical_belief_revision,bin_packing_recovery,combined_intervention_stress,long_horizon_recovery,0.747999,0.004192,0.859334,0.004967,0.041611,0.002331,0.123135,0.002454,0.800939,0.002801,0.734515,0.002760,0.142520,0.001294,0.294587,0.001465,0.041379,0.000967,0.000653,0.000479,0.722269,0.002797,80
oracle_physical_belief_revision,bin_packing_recovery,combined_intervention_stress,new_operator_interventions,0.765753,0.003419,0.932466,0.004266,0.037081,0.002257,0.079681,0.001903,0.797950,0.002717,0.772037,0.002258,0.143269,0.001264,0.235081,0.001445,0.042006,0.000933,0.000001,0.000001,0.721152,0.002550,80
oracle_physical_belief_revision,bin_packing_recovery,combined_intervention_stress,sparse_feedback,0.738916,0.003975,0.828427,0.004886,0.077265,0.002370,0.112590,0.002099,0.784973,0.002508,0.764211,0.002642,0.151918,0.001444,0.304178,0.001746,0.041911,0.000890,0.002133,0.000694,0.722326,0.002725,80
oracle_physical_belief_revision,bin_packing_recovery,contact_precondition_failure,combined_stress,0.819124,0.004135,1.023462,0.004686,0.000000,0.000000,0.098087,0.002159,0.908490,0.002815,0.785908,0.002723,0.130628,0.001062,0.311582,0.001537,0.042951,0.000989,0.000000,0.000000,0.820979,0.002607,80
oracle_physical_belief_revision,bin_packing_recovery,contact_precondition_failure,in_distribution,0.913815,0.003797,1.265845,0.003667,0.000000,0.000000,0.000000,0.000000,0.953445,0.002642,0.837611,0.002648,0.101410,0.001236,0.163537,0.001543,0.047214,0.000989,0.000000,0.000000,0.821821,0.002545,80
oracle_physical_belief_revision,bin_packing_recovery,contact_precondition_failure,long_horizon_recovery,0.857997,0.004167,1.132622,0.004645,0.000000,0.000000,0.040554,0.002082,0.932939,0.002602,0.786092,0.002716,0.114243,0.001439,0.261032,0.001553,0.044098,0.000854,0.000000,0.000000,0.822714,0.002422,80
oracle_physical_belief_revision,bin_packing_recovery,contact_precondition_failure,new_operator_interventions,0.878732,0.003602,1.203078,0.003522,0.000000,0.000000,0.001709,0.000844,0.932026,0.002449,0.829962,0.002387,0.115197,0.001306,0.203403,0.001537,0.045447,0.000982,0.000000,0.000000,0.817553,0.002338,80
oracle_physical_belief_revision,bin_packing_recovery,contact_precondition_failure,sparse_feedback,0.848656,0.003655,1.129246,0.004222,0.000000,0.000000,0.027802,0.001995,0.924146,0.003001,0.815360,0.002213,0.121235,0.001352,0.270289,0.001247,0.044560,0.000969,0.000000,0.000000,0.823260,0.002002,80
oracle_physical_belief_revision,bin_packing_recovery,environment_change_intervention,combined_stress,0.791492,0.003785,0.952589,0.004279,0.000000,0.000000,0.130758,0.002396,0.887398,0.002941,0.763201,0.002438,0.142120,0.001240,0.315944,0.001450,0.042128,0.000890,0.000000,0.000000,0.804740,0.002585,80
oracle_physical_belief_revision,bin_packing_recovery,environment_change_intervention,in_distribution,0.882329,0.003830,1.213523,0.003958,0.000000,0.000000,0.000000,0.000000,0.931579,0.002396,0.816981,0.002593,0.113426,0.001196,0.169054,0.001541,0.046056,0.001070,0.000000,0.000000,0.803580,0.002559,80
oracle_physical_belief_revision,bin_packing_recovery,environment_change_intervention,long_horizon_recovery,0.827797,0.004048,1.056769,0.004515,0.000000,0.000000,0.074935,0.002029,0.908790,0.002317,0.766286,0.002861,0.126257,0.001208,0.267446,0.001447,0.043591,0.000914,0.000000,0.000000,0.804495,0.002699,80
oracle_physical_belief_revision,bin_packing_recovery,environment_change_intervention,new_operator_interventions,0.849157,0.004199,1.131962,0.004575,0.000000,0.000000,0.029860,0.002033,0.907554,0.002761,0.806247,0.002483,0.127222,0.001370,0.209743,0.001536,0.043751,0.000929,0.000000,0.000000,0.803853,0.002635,80
oracle_physical_belief_revision,bin_packing_recovery,environment_change_intervention,sparse_feedback,0.820608,0.003773,1.055780,0.004010,0.000000,0.000000,0.061999,0.001736,0.899743,0.002852,0.797139,0.002471,0.133386,0.001258,0.276485,0.001413,0.043883,0.000967,0.000000,0.000000,0.803761,0.002555,80
oracle_physical_belief_revision,bin_packing_recovery,false_human_hint,combined_stress,0.825853,0.004019,1.107562,0.004386,0.000000,0.000000,0.008567,0.001816,0.851077,0.002639,0.842161,0.002739,0.097470,0.001355,0.321992,0.001650,0.045077,0.000981,0.000000,0.000000,0.776010,0.002754,80
oracle_physical_belief_revision,bin_packing_recovery,false_human_hint,in_distribution,0.913529,0.003743,1.280654,0.003881,0.000000,0.000000,0.000000,0.000000,0.897048,0.002583,0.895782,0.002443,0.069033,0.001233,0.174070,0.001807,0.048418,0.000961,0.000000,0.000000,0.776782,0.002739,80
oracle_physical_belief_revision,bin_packing_recovery,false_human_hint,long_horizon_recovery,0.861278,0.003820,1.179143,0.003867,0.000000,0.000000,0.000000,0.000000,0.876155,0.002960,0.845044,0.002449,0.082086,0.001425,0.272815,0.001551,0.045381,0.000938,0.000000,0.000000,0.780136,0.002810,80
oracle_physical_belief_revision,bin_packing_recovery,false_human_hint,new_operator_interventions,0.880989,0.003468,1.220198,0.003529,0.000000,0.000000,0.000000,0.000000,0.875795,0.002699,0.882220,0.002591,0.083977,0.001228,0.214280,0.001528,0.045495,0.000969,0.000000,0.000000,0.778257,0.003004,80
oracle_physical_belief_revision,bin_packing_recovery,false_human_hint,sparse_feedback,0.853763,0.004160,1.167156,0.004273,0.000000,0.000000,0.000000,0.000000,0.863522,0.002406,0.875796,0.002554,0.090597,0.001261,0.281050,0.001726,0.044780,0.000892,0.000000,0.000000,0.778067,0.002681,80
oracle_physical_belief_revision,bin_packing_recovery,noisy_observation,combined_stress,0.858073,0.003293,1.169963,0.003551,0.000000,0.000000,0.000128,0.000127,0.895591,0.002544,0.858349,0.002536,0.090066,0.001188,0.315305,0.001553,0.045077,0.000899,0.000000,0.000000,0.812047,0.002884,80
oracle_physical_belief_revision,bin_packing_recovery,noisy_observation,in_distribution,0.948300,0.003646,1.337240,0.003749,0.000000,0.000000,0.000000,0.000000,0.937124,0.002755,0.911463,0.002272,0.061373,0.001317,0.171269,0.001352,0.050209,0.000913,0.000000,0.000000,0.812338,0.002727,80
oracle_physical_belief_revision,bin_packing_recovery,noisy_observation,long_horizon_recovery,0.896001,0.003851,1.236732,0.003976,0.000000,0.000000,0.000000,0.000000,0.919052,0.002370,0.859145,0.002585,0.073499,0.001267,0.268582,0.001486,0.046866,0.001054,0.000000,0.000000,0.811907,0.002533,80
oracle_physical_belief_revision,bin_packing_recovery,noisy_observation,new_operator_interventions,0.912794,0.003984,1.274586,0.004240,0.000000,0.000000,0.000000,0.000000,0.919015,0.002975,0.899204,0.002724,0.076238,0.001424,0.210162,0.001603,0.048357,0.000969,0.000000,0.000000,0.808648,0.002648,80
oracle_physical_belief_revision,bin_packing_recovery,noisy_observation,sparse_feedback,0.888337,0.003522,1.225330,0.003730,0.000000,0.000000,0.000000,0.000000,0.909327,0.002989,0.889698,0.002736,0.081802,0.001393,0.276910,0.001525,0.047221,0.000974,0.000000,0.000000,0.811255,0.002537,80
oracle_physical_belief_revision,bin_packing_recovery,nominal,combined_stress,0.906777,0.004478,1.258483,0.004576,0.000000,0.000000,0.000000,0.000000,0.951816,0.002424,0.890337,0.003022,0.073169,0.001267,0.299531,0.001603,0.046553,0.000873,0.000000,0.000000,0.854029,0.002428,80
oracle_physical_belief_revision,bin_packing_recovery,nominal,in_distribution,0.978389,0.001104,1.398840,0.000997,0.000000,0.000000,0.000000,0.000000,0.987618,0.001050,0.945589,0.002964,0.043274,0.001354,0.152551,0.001593,0.051851,0.001075,0.000000,0.000000,0.851605,0.002151,80
oracle_physical_belief_revision,bin_packing_recovery,nominal,long_horizon_recovery,0.945804,0.003826,1.329966,0.003848,0.000000,0.000000,0.000000,0.000000,0.976597,0.002484,0.894849,0.002272,0.053930,0.001401,0.250162,0.001593,0.048315,0.000878,0.000000,0.000000,0.853627,0.002381,80
oracle_physical_belief_revision,bin_packing_recovery,nominal,new_operator_interventions,0.967418,0.002855,1.369825,0.003013,0.000000,0.000000,0.000000,0.000000,0.973887,0.002243,0.931069,0.002470,0.058663,0.001295,0.192065,0.001577,0.049049,0.000859,0.000000,0.000000,0.851709,0.002338,80
oracle_physical_belief_revision,bin_packing_recovery,nominal,sparse_feedback,0.936644,0.003200,1.315000,0.003197,0.000000,0.000000,0.000000,0.000000,0.964473,0.002194,0.922246,0.002494,0.063614,0.001296,0.258947,0.001549,0.048271,0.000955,0.000000,0.000000,0.855042,0.002506,80
oracle_physical_belief_revision,bin_packing_recovery,physical_rule_violation,combined_stress,0.816035,0.004137,1.037996,0.004702,0.000000,0.000000,0.079048,0.002392,0.898845,0.002405,0.797377,0.002634,0.123511,0.001361,0.313728,0.001571,0.043593,0.000881,0.000000,0.000000,0.816861,0.002398,80
oracle_physical_belief_revision,bin_packing_recovery,physical_rule_violation,in_distribution,0.912212,0.003662,1.268258,0.003859,0.000000,0.000000,0.000000,0.000000,0.945473,0.002774,0.849427,0.002917,0.095057,0.001367,0.166070,0.001442,0.047608,0.000940,0.000000,0.000000,0.816435,0.002409,80
oracle_physical_belief_revision,bin_packing_recovery,physical_rule_violation,long_horizon_recovery,0.859188,0.003991,1.150625,0.004440,0.000000,0.000000,0.022460,0.002338,0.925836,0.002871,0.798504,0.002657,0.107106,0.001404,0.264661,0.001727,0.046304,0.000927,0.000000,0.000000,0.816609,0.002919,80
oracle_physical_belief_revision,bin_packing_recovery,physical_rule_violation,new_operator_interventions,0.879760,0.004423,1.209021,0.004669,0.000000,0.000000,0.000000,0.000000,0.923649,0.002757,0.838829,0.002461,0.108950,0.001308,0.205467,0.001633,0.045518,0.000845,0.000000,0.000000,0.816073,0.002631,80
oracle_physical_belief_revision,bin_packing_recovery,physical_rule_violation,sparse_feedback,0.850166,0.004130,1.145468,0.004525,0.000000,0.000000,0.011858,0.001929,0.916297,0.002871,0.828119,0.002866,0.116182,0.001301,0.272170,0.001430,0.044207,0.000856,0.000000,0.000000,0.817650,0.002607,80
oracle_physical_belief_revision,deformable_contact_replan,actuator_model_break,combined_stress,0.812423,0.003600,1.004816,0.004648,0.000000,0.000000,0.112329,0.002769,0.898278,0.002728,0.774572,0.002728,0.125079,0.001396,0.313919,0.001538,0.042320,0.001007,0.000000,0.000000,0.814180,0.002709,80
oracle_physical_belief_revision,deformable_contact_replan,actuator_model_break,in_distribution,0.902734,0.003925,1.251179,0.004337,0.000000,0.000000,0.000000,0.000000,0.942434,0.002738,0.828066,0.002793,0.097569,0.001082,0.167533,0.001412,0.046437,0.000868,0.000000,0.000000,0.812375,0.002307,80
oracle_physical_belief_revision,deformable_contact_replan,actuator_model_break,long_horizon_recovery,0.846023,0.003849,1.107875,0.004632,0.000000,0.000000,0.055914,0.002456,0.925326,0.002665,0.776933,0.002460,0.109244,0.001175,0.265123,0.001476,0.044690,0.000870,0.000000,0.000000,0.814351,0.002366,80
oracle_physical_belief_revision,deformable_contact_replan,actuator_model_break,new_operator_interventions,0.864571,0.003765,1.177835,0.004209,0.000000,0.000000,0.013777,0.002004,0.923586,0.002335,0.816207,0.002550,0.110454,0.001138,0.207788,0.001276,0.044779,0.000775,0.000000,0.000000,0.814805,0.002828,80
oracle_physical_belief_revision,deformable_contact_replan,actuator_model_break,sparse_feedback,0.836964,0.004514,1.101741,0.005007,0.000000,0.000000,0.044831,0.002433,0.909507,0.002706,0.807312,0.002896,0.116856,0.001409,0.275221,0.001369,0.044118,0.000927,0.000000,0.000000,0.815250,0.002523,80
oracle_physical_belief_revision,deformable_contact_replan,combined_intervention_stress,combined_stress,0.712132,0.004341,0.732481,0.005317,0.077767,0.002016,0.181820,0.002204,0.775410,0.002317,0.731164,0.002500,0.150341,0.001224,0.342277,0.001503,0.040355,0.000908,0.009164,0.001353,0.722837,0.002496,80
oracle_physical_belief_revision,deformable_contact_replan,combined_intervention_stress,in_distribution,0.806253,0.004443,1.062206,0.004758,0.017124,0.002146,0.018144,0.002218,0.819404,0.002885,0.784686,0.002822,0.120349,0.001271,0.195576,0.001538,0.044091,0.001029,0.000000,0.000000,0.724267,0.002642,80
oracle_physical_belief_revision,deformable_contact_replan,combined_intervention_stress,long_horizon_recovery,0.748035,0.003754,0.864530,0.004521,0.041027,0.002044,0.124568,0.002601,0.799563,0.002526,0.734222,0.002430,0.133849,0.001344,0.294540,0.001557,0.041095,0.000896,0.000583,0.000342,0.720817,0.002265,80
oracle_physical_belief_revision,deformable_contact_replan,combined_intervention_stress,new_operator_interventions,0.775288,0.003977,0.946132,0.004428,0.038693,0.002241,0.079082,0.001840,0.795827,0.002467,0.772306,0.002457,0.135404,0.001146,0.236914,0.001479,0.042101,0.000924,0.000127,0.000132,0.723536,0.002757,80
oracle_physical_belief_revision,deformable_contact_replan,combined_intervention_stress,sparse_feedback,0.742235,0.004293,0.841273,0.004986,0.076068,0.002159,0.112288,0.001989,0.787834,0.002387,0.762995,0.002944,0.140895,0.001350,0.303173,0.001444,0.040822,0.000916,0.002304,0.000833,0.721084,0.002736,80
oracle_physical_belief_revision,deformable_contact_replan,contact_precondition_failure,combined_stress,0.819798,0.003786,1.031514,0.004215,0.000000,0.000000,0.097509,0.002263,0.908299,0.002377,0.785940,0.002140,0.120574,0.001443,0.311534,0.001932,0.043973,0.000853,0.000000,0.000000,0.820764,0.002468,80
oracle_physical_belief_revision,deformable_contact_replan,contact_precondition_failure,in_distribution,0.912079,0.004455,1.271302,0.004492,0.000000,0.000000,0.000000,0.000000,0.949899,0.002572,0.839504,0.002706,0.090531,0.001189,0.163876,0.001400,0.047702,0.000928,0.000000,0.000000,0.821282,0.002730,80
oracle_physical_belief_revision,deformable_contact_replan,contact_precondition_failure,long_horizon_recovery,0.860902,0.004086,1.145156,0.004912,0.000000,0.000000,0.038733,0.002499,0.933703,0.002964,0.790147,0.003012,0.103715,0.001317,0.260749,0.001583,0.044205,0.001002,0.000000,0.000000,0.819740,0.002727,80
oracle_physical_belief_revision,deformable_contact_replan,contact_precondition_failure,new_operator_interventions,0.874098,0.003731,1.205424,0.003926,0.000000,0.000000,0.001585,0.000739,0.929623,0.003197,0.829596,0.002780,0.105103,0.001358,0.203530,0.001632,0.046366,0.000946,0.000000,0.000000,0.821625,0.002750,80
oracle_physical_belief_revision,deformable_contact_replan,contact_precondition_failure,sparse_feedback,0.851072,0.004010,1.139697,0.004359,0.000000,0.000000,0.027258,0.002092,0.922253,0.002603,0.820314,0.002334,0.110995,0.001347,0.270647,0.001512,0.044620,0.001060,0.000000,0.000000,0.821261,0.002832,80
oracle_physical_belief_revision,deformable_contact_replan,environment_change_intervention,combined_stress,0.793659,0.003601,0.963483,0.004146,0.000000,0.000000,0.128408,0.002046,0.885391,0.002430,0.766740,0.002834,0.131775,0.001326,0.317791,0.001381,0.043248,0.000972,0.000000,0.000000,0.805600,0.003104,80
oracle_physical_belief_revision,deformable_contact_replan,environment_change_intervention,in_distribution,0.886905,0.003822,1.225338,0.004075,0.000000,0.000000,0.000000,0.000000,0.929772,0.002721,0.817536,0.002458,0.103303,0.001362,0.169079,0.001629,0.046024,0.000980,0.000000,0.000000,0.807105,0.002560,80
oracle_physical_belief_revision,deformable_contact_replan,environment_change_intervention,long_horizon_recovery,0.831040,0.003540,1.069307,0.004054,0.000000,0.000000,0.073247,0.002050,0.910081,0.002433,0.764970,0.002528,0.114960,0.001387,0.267142,0.001399,0.043740,0.001009,0.000000,0.000000,0.804236,0.002477,80
oracle_physical_belief_revision,deformable_contact_replan,environment_change_intervention,new_operator_interventions,0.853722,0.003992,1.143948,0.004239,0.000000,0.000000,0.027168,0.002578,0.908662,0.002419,0.804229,0.002427,0.118454,0.001440,0.211106,0.001391,0.044681,0.000899,0.000000,0.000000,0.804186,0.002464,80
oracle_physical_belief_revision,deformable_contact_replan,environment_change_intervention,sparse_feedback,0.823256,0.004199,1.067339,0.004553,0.000000,0.000000,0.060314,0.002468,0.899220,0.002534,0.795455,0.002213,0.122483,0.001390,0.275879,0.001486,0.043950,0.000996,0.000000,0.000000,0.806614,0.002420,80
oracle_physical_belief_revision,deformable_contact_replan,false_human_hint,combined_stress,0.826919,0.003887,1.115715,0.004170,0.000000,0.000000,0.009047,0.001886,0.850997,0.002763,0.841761,0.002780,0.087363,0.001173,0.322231,0.001499,0.044189,0.000921,0.000000,0.000000,0.777604,0.002612,80
oracle_physical_belief_revision,deformable_contact_replan,false_human_hint,in_distribution,0.922045,0.003992,1.296633,0.004102,0.000000,0.000000,0.000000,0.000000,0.895534,0.002290,0.898991,0.002530,0.059331,0.001362,0.174551,0.001478,0.047910,0.001089,0.000000,0.000000,0.780063,0.002572,80
oracle_physical_belief_revision,deformable_contact_replan,false_human_hint,long_horizon_recovery,0.860777,0.004316,1.186030,0.004521,0.000000,0.000000,0.000000,0.000000,0.876650,0.002228,0.844074,0.002772,0.071459,0.001248,0.273693,0.001164,0.045300,0.000947,0.000000,0.000000,0.780469,0.002623,80
oracle_physical_belief_revision,deformable_contact_replan,false_human_hint,new_operator_interventions,0.888907,0.004425,1.236096,0.004618,0.000000,0.000000,0.000000,0.000000,0.873996,0.002654,0.885938,0.002483,0.072849,0.001104,0.214392,0.001446,0.046969,0.001044,0.000000,0.000000,0.778886,0.002593,80
oracle_physical_belief_revision,deformable_contact_replan,false_human_hint,sparse_feedback,0.854289,0.003936,1.176212,0.004279,0.000000,0.000000,0.000000,0.000000,0.865603,0.002929,0.875916,0.003013,0.079770,0.001531,0.280197,0.001380,0.045015,0.001047,0.000000,0.000000,0.778512,0.002555,80
oracle_physical_belief_revision,deformable_contact_replan,noisy_observation,combined_stress,0.859379,0.004123,1.175139,0.004207,0.000000,0.000000,0.000347,0.000391,0.893636,0.002343,0.855801,0.002872,0.081137,0.001273,0.317892,0.001649,0.045870,0.000924,0.000000,0.000000,0.806856,0.002818,80
oracle_physical_belief_revision,deformable_contact_replan,noisy_observation,in_distribution,0.954043,0.003519,1.351902,0.003826,0.000000,0.000000,0.000000,0.000000,0.938886,0.002214,0.909757,0.002609,0.050295,0.001329,0.168667,0.001457,0.048759,0.000970,0.000000,0.000000,0.812784,0.002375,80
oracle_physical_belief_revision,deformable_contact_replan,noisy_observation,long_horizon_recovery,0.901285,0.003920,1.249300,0.004133,0.000000,0.000000,0.000000,0.000000,0.918888,0.002628,0.860304,0.002511,0.063547,0.001388,0.267617,0.001456,0.046819,0.001011,0.000000,0.000000,0.809389,0.003126,80
oracle_physical_belief_revision,deformable_contact_replan,noisy_observation,new_operator_interventions,0.919224,0.003929,1.288441,0.004166,0.000000,0.000000,0.000000,0.000000,0.917477,0.003247,0.898526,0.002645,0.065732,0.001266,0.209686,0.001487,0.047561,0.000949,0.000000,0.000000,0.810890,0.002981,80
oracle_physical_belief_revision,deformable_contact_replan,noisy_observation,sparse_feedback,0.889870,0.003439,1.234637,0.003929,0.000000,0.000000,0.000000,0.000000,0.907710,0.002743,0.892273,0.002700,0.071110,0.001287,0.276357,0.001479,0.047485,0.000863,0.000000,0.000000,0.809629,0.002564,80
oracle_physical_belief_revision,deformable_contact_replan,nominal,combined_stress,0.909449,0.004364,1.269384,0.004457,0.000000,0.000000,0.000000,0.000000,0.950705,0.002717,0.890326,0.002613,0.061202,0.001205,0.298577,0.001367,0.047135,0.000942,0.000000,0.000000,0.852049,0.002724,80
oracle_physical_belief_revision,deformable_contact_replan,nominal,in_distribution,0.979344,0.000644,1.399958,0.000082,0.000000,0.000000,0.000000,0.000000,0.987051,0.001197,0.943464,0.002665,0.032784,0.001404,0.151040,0.001720,0.050780,0.000918,0.000000,0.000000,0.852871,0.002639,80
oracle_physical_belief_revision,deformable_contact_replan,nominal,long_horizon_recovery,0.946843,0.003864,1.336436,0.003926,0.000000,0.000000,0.000000,0.000000,0.976055,0.002271,0.894954,0.002285,0.045645,0.001270,0.251013,0.001604,0.049529,0.001075,0.000000,0.000000,0.854197,0.002733,80
oracle_physical_belief_revision,deformable_contact_replan,nominal,new_operator_interventions,0.966265,0.003179,1.376084,0.003502,0.000000,0.000000,0.000000,0.000000,0.972576,0.002673,0.931527,0.002881,0.048006,0.001362,0.192810,0.001562,0.048944,0.000974,0.000000,0.000000,0.853581,0.002618,80
oracle_physical_belief_revision,deformable_contact_replan,nominal,sparse_feedback,0.940908,0.004216,1.326236,0.004360,0.000000,0.000000,0.000000,0.000000,0.965240,0.002577,0.922414,0.002555,0.053935,0.001209,0.258347,0.001317,0.048212,0.001058,0.000000,0.000000,0.852034,0.002278,80
oracle_physical_belief_revision,deformable_contact_replan,physical_rule_violation,combined_stress,0.821650,0.004758,1.049538,0.005390,0.000000,0.000000,0.079554,0.001862,0.900851,0.002572,0.795092,0.002262,0.114397,0.001337,0.314394,0.001599,0.043653,0.000887,0.000000,0.000000,0.817225,0.002747,80
oracle_physical_belief_revision,deformable_contact_replan,physical_rule_violation,in_distribution,0.914440,0.004120,1.277677,0.004422,0.000000,0.000000,0.000000,0.000000,0.944908,0.002617,0.848828,0.002420,0.085013,0.001171,0.165704,0.001683,0.046658,0.000880,0.000000,0.000000,0.816299,0.002541,80
oracle_physical_belief_revision,deformable_contact_replan,physical_rule_violation,long_horizon_recovery,0.859996,0.003857,1.157826,0.004216,0.000000,0.000000,0.025311,0.002218,0.927001,0.002468,0.800231,0.002324,0.096755,0.001308,0.264531,0.001695,0.045116,0.001004,0.000000,0.000000,0.816815,0.002562,80
oracle_physical_belief_revision,deformable_contact_replan,physical_rule_violation,new_operator_interventions,0.882481,0.004108,1.218658,0.004253,0.000000,0.000000,0.000081,0.000147,0.922838,0.002777,0.840121,0.002696,0.098888,0.001242,0.205892,0.001290,0.045764,0.000841,0.000000,0.000000,0.814601,0.002233,80
oracle_physical_belief_revision,deformable_contact_replan,physical_rule_violation,sparse_feedback,0.851942,0.003664,1.154635,0.004121,0.000000,0.000000,0.011989,0.001865,0.916178,0.002501,0.828785,0.002610,0.105509,0.001289,0.272701,0.001422,0.045100,0.000906,0.000000,0.000000,0.817970,0.002695,80
oracle_physical_belief_revision,mobile_base_intervention,actuator_model_break,combined_stress,0.814198,0.004294,1.026691,0.004584,0.000000,0.000000,0.113694,0.002308,0.898043,0.002721,0.774396,0.002346,0.095136,0.001289,0.315218,0.001553,0.042994,0.001010,0.000000,0.000000,0.815187,0.003017,80
oracle_physical_belief_revision,mobile_base_intervention,actuator_model_break,in_distribution,0.908861,0.003588,1.279770,0.003957,0.000000,0.000000,0.000000,0.000000,0.942931,0.002712,0.826068,0.002433,0.066328,0.001295,0.167295,0.001691,0.046123,0.000998,0.000000,0.000000,0.815257,0.002743,80
oracle_physical_belief_revision,mobile_base_intervention,actuator_model_break,long_horizon_recovery,0.852684,0.003600,1.135519,0.004042,0.000000,0.000000,0.056125,0.002022,0.923532,0.002514,0.778602,0.002184,0.079739,0.001280,0.265375,0.001361,0.044178,0.000891,0.000000,0.000000,0.814813,0.002298,80
oracle_physical_belief_revision,mobile_base_intervention,actuator_model_break,new_operator_interventions,0.874452,0.004143,1.211581,0.004515,0.000000,0.000000,0.008677,0.001566,0.922887,0.002662,0.813953,0.002485,0.080724,0.001379,0.207748,0.001603,0.046402,0.000946,0.000000,0.000000,0.815456,0.002723,80
oracle_physical_belief_revision,mobile_base_intervention,actuator_model_break,sparse_feedback,0.843643,0.004172,1.129405,0.004105,0.000000,0.000000,0.045988,0.002327,0.912786,0.002551,0.806654,0.002484,0.087728,0.001204,0.273909,0.001345,0.044169,0.000969,0.000000,0.000000,0.815077,0.002617,80
oracle_physical_belief_revision,mobile_base_intervention,combined_intervention_stress,combined_stress,0.717898,0.004255,0.759475,0.005250,0.078539,0.002366,0.180668,0.002158,0.774817,0.002094,0.731200,0.002555,0.120480,0.001469,0.343597,0.001377,0.039326,0.000894,0.009235,0.001259,0.721012,0.002516,80
oracle_physical_belief_revision,mobile_base_intervention,combined_intervention_stress,in_distribution,0.812641,0.003649,1.088497,0.004265,0.016424,0.001950,0.019718,0.002306,0.818724,0.002862,0.784226,0.002826,0.091081,0.001368,0.196394,0.001536,0.042596,0.000907,0.000000,0.000000,0.722312,0.002522,80
oracle_physical_belief_revision,mobile_base_intervention,combined_intervention_stress,long_horizon_recovery,0.760430,0.003748,0.899909,0.004671,0.042744,0.002205,0.122676,0.002126,0.802569,0.002706,0.732121,0.002531,0.102788,0.001316,0.294343,0.001359,0.041482,0.000960,0.000375,0.000236,0.723692,0.002344,80
oracle_physical_belief_revision,mobile_base_intervention,combined_intervention_stress,new_operator_interventions,0.780371,0.004099,0.971274,0.004501,0.038291,0.002258,0.081429,0.002245,0.796794,0.002592,0.772490,0.002676,0.105807,0.001384,0.236186,0.001450,0.041641,0.000968,0.000231,0.000260,0.720879,0.002825,80
oracle_physical_belief_revision,mobile_base_intervention,combined_intervention_stress,sparse_feedback,0.750583,0.004374,0.869406,0.005022,0.079591,0.002213,0.110720,0.002266,0.788455,0.002530,0.763245,0.002638,0.111634,0.001162,0.302982,0.001515,0.040974,0.001004,0.002884,0.000862,0.721012,0.002258,80
oracle_physical_belief_revision,mobile_base_intervention,contact_precondition_failure,combined_stress,0.828435,0.004478,1.060832,0.004735,0.000000,0.000000,0.098604,0.002183,0.906644,0.002127,0.784917,0.002603,0.090124,0.001323,0.311396,0.001505,0.043782,0.000871,0.000000,0.000000,0.823213,0.002583,80
oracle_physical_belief_revision,mobile_base_intervention,contact_precondition_failure,in_distribution,0.922517,0.003796,1.303420,0.003748,0.000000,0.000000,0.000000,0.000000,0.954294,0.003284,0.839351,0.002794,0.062032,0.001261,0.163030,0.001357,0.046980,0.000957,0.000000,0.000000,0.821123,0.002307,80
oracle_physical_belief_revision,mobile_base_intervention,contact_precondition_failure,long_horizon_recovery,0.865767,0.003746,1.172232,0.004431,0.000000,0.000000,0.039466,0.002315,0.933139,0.002698,0.792440,0.002832,0.072794,0.001152,0.260621,0.001573,0.044733,0.000995,0.000000,0.000000,0.822356,0.002969,80
oracle_physical_belief_revision,mobile_base_intervention,contact_precondition_failure,new_operator_interventions,0.885988,0.003680,1.239305,0.003752,0.000000,0.000000,0.002272,0.001045,0.933723,0.002399,0.828321,0.002606,0.074651,0.001247,0.204051,0.001504,0.045385,0.001030,0.000000,0.000000,0.821821,0.002649,80
oracle_physical_belief_revision,mobile_base_intervention,contact_precondition_failure,sparse_feedback,0.855821,0.003718,1.164849,0.004604,0.000000,0.000000,0.028384,0.002289,0.923580,0.002758,0.819760,0.002289,0.081405,0.001241,0.270494,0.001484,0.045815,0.001051,0.000000,0.000000,0.821100,0.002844,80
oracle_physical_belief_revision,mobile_base_intervention,environment_change_intervention,combined_stress,0.804030,0.003777,0.991975,0.004540,0.000000,0.000000,0.131499,0.002447,0.884586,0.002662,0.764906,0.002674,0.102332,0.001232,0.317387,0.001615,0.042683,0.001031,0.000000,0.000000,0.802307,0.002545,80
oracle_physical_belief_revision,mobile_base_intervention,environment_change_intervention,in_distribution,0.894631,0.003699,1.253876,0.003549,0.000000,0.000000,0.000000,0.000000,0.930963,0.003083,0.816084,0.002962,0.073312,0.001068,0.170890,0.001561,0.045408,0.000942,0.000000,0.000000,0.804659,0.002276,80
oracle_physical_belief_revision,mobile_base_intervention,environment_change_intervention,long_horizon_recovery,0.842297,0.004438,1.100770,0.004537,0.000000,0.000000,0.073372,0.002085,0.911001,0.002818,0.763286,0.002525,0.085993,0.001346,0.269369,0.001683,0.043572,0.001023,0.000000,0.000000,0.807811,0.002507,80
oracle_physical_belief_revision,mobile_base_intervention,environment_change_intervention,new_operator_interventions,0.866531,0.003936,1.178692,0.004002,0.000000,0.000000,0.028027,0.002093,0.907369,0.002969,0.804102,0.002863,0.086716,0.001278,0.209565,0.001624,0.045446,0.000892,0.000000,0.000000,0.804513,0.002155,80
oracle_physical_belief_revision,mobile_base_intervention,environment_change_intervention,sparse_feedback,0.831958,0.004127,1.094542,0.004586,0.000000,0.000000,0.062640,0.002254,0.898669,0.002509,0.798159,0.002668,0.094379,0.001282,0.276619,0.001634,0.043926,0.000995,0.000000,0.000000,0.804549,0.002686,80
oracle_physical_belief_revision,mobile_base_intervention,false_human_hint,combined_stress,0.835335,0.003830,1.147092,0.003870,0.000000,0.000000,0.007482,0.001764,0.851205,0.002647,0.845028,0.002664,0.058285,0.001566,0.321301,0.001225,0.043467,0.000910,0.000000,0.000000,0.777023,0.002600,80
oracle_physical_belief_revision,mobile_base_intervention,false_human_hint,in_distribution,0.923460,0.004134,1.319669,0.004371,0.000000,0.000000,0.000000,0.000000,0.895758,0.002958,0.896224,0.002749,0.028102,0.001330,0.175315,0.001401,0.047951,0.000967,0.000000,0.000000,0.779328,0.002746,80
oracle_physical_belief_revision,mobile_base_intervention,false_human_hint,long_horizon_recovery,0.871289,0.003999,1.218546,0.004194,0.000000,0.000000,0.000000,0.000000,0.877024,0.002618,0.845835,0.002283,0.041380,0.001509,0.271940,0.001587,0.045652,0.000958,0.000000,0.000000,0.777419,0.002393,80
oracle_physical_belief_revision,mobile_base_intervention,false_human_hint,new_operator_interventions,0.892836,0.004630,1.261331,0.004659,0.000000,0.000000,0.000000,0.000000,0.875426,0.002650,0.884055,0.002253,0.042863,0.001284,0.216254,0.001546,0.045491,0.000876,0.000000,0.000000,0.779432,0.002582,80
oracle_physical_belief_revision,mobile_base_intervention,false_human_hint,sparse_feedback,0.863799,0.003950,1.206313,0.004505,0.000000,0.000000,0.000000,0.000000,0.863468,0.002333,0.876039,0.002426,0.050149,0.001564,0.281082,0.001530,0.045636,0.000827,0.000000,0.000000,0.781445,0.002812,80
oracle_physical_belief_revision,mobile_base_intervention,noisy_observation,combined_stress,0.862503,0.003789,1.202793,0.004030,0.000000,0.000000,0.000150,0.000276,0.894545,0.002462,0.857064,0.002751,0.049308,0.001108,0.316400,0.001498,0.044882,0.000891,0.000000,0.000000,0.811422,0.002499,80
oracle_physical_belief_revision,mobile_base_intervention,noisy_observation,in_distribution,0.960451,0.003815,1.378412,0.003796,0.000000,0.000000,0.000000,0.000000,0.937764,0.002524,0.910607,0.002394,0.021012,0.001219,0.170027,0.001439,0.048765,0.000823,0.000000,0.000000,0.812437,0.002472,80
oracle_physical_belief_revision,mobile_base_intervention,noisy_observation,long_horizon_recovery,0.906891,0.003978,1.276082,0.004028,0.000000,0.000000,0.000000,0.000000,0.916674,0.002523,0.860616,0.002756,0.033591,0.001439,0.267075,0.001519,0.047756,0.000891,0.000000,0.000000,0.811680,0.002949,80
oracle_physical_belief_revision,mobile_base_intervention,noisy_observation,new_operator_interventions,0.928533,0.004032,1.319541,0.004345,0.000000,0.000000,0.000000,0.000000,0.917324,0.002942,0.900749,0.002915,0.035783,0.001370,0.210316,0.001539,0.047429,0.000965,0.000000,0.000000,0.811882,0.002528,80
oracle_physical_belief_revision,mobile_base_intervention,noisy_observation,sparse_feedback,0.898246,0.004320,1.262764,0.004529,0.000000,0.000000,0.000000,0.000000,0.906459,0.002713,0.887883,0.002441,0.042264,0.001353,0.276857,0.001526,0.046112,0.000929,0.000000,0.000000,0.812333,0.002306,80
oracle_physical_belief_revision,mobile_base_intervention,nominal,combined_stress,0.915225,0.003696,1.296485,0.003706,0.000000,0.000000,0.000000,0.000000,0.953055,0.002845,0.889717,0.002332,0.032367,0.001399,0.298820,0.001329,0.047856,0.000914,0.000000,0.000000,0.856615,0.002474,80
oracle_physical_belief_revision,mobile_base_intervention,nominal,in_distribution,0.979968,0.000050,1.400000,0.000000,0.000000,0.000000,0.000000,0.000000,0.987258,0.001114,0.944273,0.002899,0.004911,0.001043,0.152157,0.001675,0.051123,0.000981,0.000000,0.000000,0.853673,0.002324,80
oracle_physical_belief_revision,mobile_base_intervention,nominal,long_horizon_recovery,0.957939,0.003334,1.369171,0.003419,0.000000,0.000000,0.000000,0.000000,0.975688,0.002430,0.893923,0.002791,0.015075,0.001328,0.250861,0.001639,0.048352,0.000808,0.000000,0.000000,0.853101,0.002823,80
oracle_physical_belief_revision,mobile_base_intervention,nominal,new_operator_interventions,0.970852,0.002491,1.396231,0.001560,0.000000,0.000000,0.000000,0.000000,0.972818,0.002282,0.931566,0.002947,0.016191,0.001455,0.192709,0.001420,0.048897,0.000871,0.000000,0.000000,0.853537,0.002781,80
oracle_physical_belief_revision,mobile_base_intervention,nominal,sparse_feedback,0.948777,0.003794,1.356061,0.004042,0.000000,0.000000,0.000000,0.000000,0.964017,0.002761,0.923923,0.002309,0.022915,0.001333,0.259553,0.001313,0.047923,0.000896,0.000000,0.000000,0.851992,0.002355,80
oracle_physical_belief_revision,mobile_base_intervention,physical_rule_violation,combined_stress,0.831742,0.003783,1.082018,0.004187,0.000000,0.000000,0.080609,0.002530,0.903347,0.003047,0.797282,0.002666,0.083930,0.001212,0.312555,0.001672,0.044586,0.000864,0.000000,0.000000,0.817432,0.002992,80
oracle_physical_belief_revision,mobile_base_intervention,physical_rule_violation,in_distribution,0.924101,0.004427,1.308620,0.004668,0.000000,0.000000,0.000000,0.000000,0.944909,0.002703,0.850144,0.002785,0.054421,0.001253,0.166907,0.001708,0.047985,0.000827,0.000000,0.000000,0.813670,0.002184,80
oracle_physical_belief_revision,mobile_base_intervention,physical_rule_violation,long_horizon_recovery,0.867321,0.003200,1.186963,0.003777,0.000000,0.000000,0.022956,0.002014,0.924797,0.002561,0.798974,0.002474,0.067383,0.001292,0.264725,0.001511,0.044746,0.000971,0.000000,0.000000,0.816256,0.002821,80
oracle_physical_belief_revision,mobile_base_intervention,physical_rule_violation,new_operator_interventions,0.890239,0.003809,1.247538,0.003888,0.000000,0.000000,0.000000,0.000000,0.923055,0.002806,0.838942,0.002485,0.068855,0.001183,0.206281,0.001482,0.046186,0.000914,0.000000,0.000000,0.814493,0.002394,80
oracle_physical_belief_revision,mobile_base_intervention,physical_rule_violation,sparse_feedback,0.861828,0.003400,1.184852,0.004280,0.000000,0.000000,0.013610,0.001889,0.915315,0.002559,0.828520,0.002776,0.075171,0.001278,0.272762,0.001501,0.044764,0.000943,0.000000,0.000000,0.818329,0.002692,80
oracle_physical_belief_revision,occluded_drawer_recovery,actuator_model_break,combined_stress,0.816836,0.003981,1.037377,0.004236,0.000000,0.000000,0.112628,0.002391,0.900219,0.002469,0.775988,0.002593,0.086329,0.001199,0.313727,0.001609,0.044134,0.000949,0.000000,0.000000,0.815009,0.002084,80
oracle_physical_belief_revision,occluded_drawer_recovery,actuator_model_break,in_distribution,0.910686,0.003889,1.289486,0.004172,0.000000,0.000000,0.000000,0.000000,0.943533,0.002756,0.829008,0.002580,0.056476,0.001231,0.168132,0.001429,0.046208,0.000951,0.000000,0.000000,0.818032,0.002670,80
oracle_physical_belief_revision,occluded_drawer_recovery,actuator_model_break,long_horizon_recovery,0.854269,0.004259,1.144655,0.004476,0.000000,0.000000,0.055475,0.001980,0.922724,0.002476,0.777066,0.002742,0.068508,0.001158,0.266504,0.001286,0.043942,0.000929,0.000000,0.000000,0.813017,0.002625,80
oracle_physical_belief_revision,occluded_drawer_recovery,actuator_model_break,new_operator_interventions,0.875122,0.003808,1.217484,0.004218,0.000000,0.000000,0.011443,0.001688,0.921237,0.002277,0.816410,0.003299,0.071121,0.001319,0.207436,0.001534,0.045622,0.001046,0.000000,0.000000,0.814320,0.002650,80
oracle_physical_belief_revision,occluded_drawer_recovery,actuator_model_break,sparse_feedback,0.847882,0.003885,1.141890,0.004515,0.000000,0.000000,0.045034,0.002333,0.912135,0.002539,0.808928,0.002706,0.077610,0.001423,0.274153,0.001503,0.043256,0.001043,0.000000,0.000000,0.814222,0.002504,80
oracle_physical_belief_revision,occluded_drawer_recovery,combined_intervention_stress,combined_stress,0.722058,0.003657,0.770941,0.004250,0.080321,0.001998,0.180762,0.002466,0.773827,0.002712,0.732918,0.002814,0.108671,0.001354,0.342955,0.001727,0.040394,0.000949,0.009966,0.001326,0.723709,0.002922,80
oracle_physical_belief_revision,occluded_drawer_recovery,combined_intervention_stress,in_distribution,0.816722,0.004117,1.100576,0.005046,0.014034,0.001844,0.020241,0.001974,0.819100,0.002569,0.784818,0.003156,0.082044,0.001400,0.196042,0.001395,0.043038,0.001018,0.000000,0.000000,0.724643,0.002501,80
oracle_physical_belief_revision,occluded_drawer_recovery,combined_intervention_stress,long_horizon_recovery,0.761564,0.003093,0.907560,0.003977,0.041849,0.001941,0.123682,0.002257,0.801668,0.002617,0.733776,0.002815,0.093596,0.001305,0.294558,0.001538,0.041360,0.000903,0.000642,0.000311,0.724359,0.002515,80
oracle_physical_belief_revision,occluded_drawer_recovery,combined_intervention_stress,new_operator_interventions,0.781229,0.004349,0.983218,0.004829,0.037608,0.002308,0.078575,0.002040,0.798813,0.002516,0.775294,0.002555,0.095390,0.001267,0.235874,0.001578,0.041902,0.000875,0.000007,0.000014,0.720446,0.002754,80
oracle_physical_belief_revision,occluded_drawer_recovery,combined_intervention_stress,sparse_feedback,0.751098,0.003874,0.878067,0.005132,0.077301,0.002236,0.112335,0.002291,0.787390,0.002513,0.764788,0.002828,0.100893,0.001285,0.304237,0.001531,0.040998,0.000896,0.002440,0.000847,0.722946,0.002463,80
oracle_physical_belief_revision,occluded_drawer_recovery,contact_precondition_failure,combined_stress,0.827999,0.003578,1.069223,0.003802,0.000000,0.000000,0.097165,0.002252,0.906843,0.002173,0.786002,0.002398,0.080088,0.001152,0.309563,0.001403,0.043706,0.001054,0.000000,0.000000,0.821283,0.002847,80
oracle_physical_belief_revision,occluded_drawer_recovery,contact_precondition_failure,in_distribution,0.922106,0.004253,1.309775,0.004507,0.000000,0.000000,0.000000,0.000000,0.952449,0.002935,0.837691,0.002562,0.051325,0.001419,0.164139,0.001552,0.047334,0.001086,0.000000,0.000000,0.823269,0.002778,80
oracle_physical_belief_revision,occluded_drawer_recovery,contact_precondition_failure,long_horizon_recovery,0.869865,0.003917,1.181988,0.004056,0.000000,0.000000,0.039002,0.002228,0.932734,0.002556,0.789272,0.002518,0.063540,0.001182,0.261731,0.001524,0.045082,0.001135,0.000000,0.000000,0.821423,0.002591,80
oracle_physical_belief_revision,occluded_drawer_recovery,contact_precondition_failure,new_operator_interventions,0.892481,0.004172,1.252991,0.004381,0.000000,0.000000,0.001258,0.000605,0.932035,0.002929,0.829085,0.002187,0.064950,0.001298,0.203637,0.001572,0.046344,0.000947,0.000000,0.000000,0.821317,0.002438,80
oracle_physical_belief_revision,occluded_drawer_recovery,contact_precondition_failure,sparse_feedback,0.857073,0.003917,1.173408,0.004147,0.000000,0.000000,0.027351,0.001920,0.922868,0.002420,0.817989,0.002692,0.071821,0.001327,0.269968,0.001576,0.045423,0.000909,0.000000,0.000000,0.821644,0.002443,80
oracle_physical_belief_revision,occluded_drawer_recovery,environment_change_intervention,combined_stress,0.803765,0.003779,1.000552,0.004322,0.000000,0.000000,0.129568,0.002127,0.887024,0.002512,0.764317,0.002229,0.092426,0.001265,0.318492,0.001594,0.043114,0.000907,0.000000,0.000000,0.805026,0.002630,80
oracle_physical_belief_revision,occluded_drawer_recovery,environment_change_intervention,in_distribution,0.897269,0.004472,1.264575,0.004934,0.000000,0.000000,0.000000,0.000000,0.931199,0.002473,0.818015,0.002540,0.063694,0.001357,0.169188,0.001765,0.045913,0.000928,0.000000,0.000000,0.808311,0.002594,80
oracle_physical_belief_revision,occluded_drawer_recovery,environment_change_intervention,long_horizon_recovery,0.843311,0.003766,1.110017,0.004269,0.000000,0.000000,0.073626,0.002300,0.912328,0.002628,0.766831,0.002722,0.076246,0.001201,0.267761,0.001460,0.043580,0.000929,0.000000,0.000000,0.806799,0.002355,80
oracle_physical_belief_revision,occluded_drawer_recovery,environment_change_intervention,new_operator_interventions,0.859834,0.004043,1.179849,0.004526,0.000000,0.000000,0.027457,0.002059,0.910485,0.002650,0.802601,0.002977,0.077152,0.001602,0.209889,0.001642,0.044904,0.000793,0.000000,0.000000,0.804436,0.002353,80
oracle_physical_belief_revision,occluded_drawer_recovery,environment_change_intervention,sparse_feedback,0.832243,0.004031,1.104347,0.004162,0.000000,0.000000,0.060128,0.002345,0.897950,0.002830,0.799519,0.002528,0.083213,0.001201,0.276999,0.001366,0.044244,0.001024,0.000000,0.000000,0.802173,0.002621,80
oracle_physical_belief_revision,occluded_drawer_recovery,false_human_hint,combined_stress,0.835348,0.004086,1.153024,0.004327,0.000000,0.000000,0.008068,0.001818,0.849775,0.002743,0.844542,0.002732,0.048396,0.001152,0.322265,0.001598,0.044041,0.000983,0.000000,0.000000,0.777270,0.002821,80
oracle_physical_belief_revision,occluded_drawer_recovery,false_human_hint,in_distribution,0.929528,0.004078,1.331879,0.004189,0.000000,0.000000,0.000000,0.000000,0.894467,0.002736,0.899094,0.002852,0.019706,0.001239,0.175673,0.001444,0.048103,0.000812,0.000000,0.000000,0.779530,0.002528,80
oracle_physical_belief_revision,occluded_drawer_recovery,false_human_hint,long_horizon_recovery,0.873388,0.004184,1.226258,0.004219,0.000000,0.000000,0.000000,0.000000,0.877092,0.002875,0.842521,0.002705,0.032126,0.001579,0.272665,0.001482,0.046253,0.000895,0.000000,0.000000,0.777549,0.002953,80
oracle_physical_belief_revision,occluded_drawer_recovery,false_human_hint,new_operator_interventions,0.893036,0.003781,1.269028,0.003912,0.000000,0.000000,0.000000,0.000000,0.875157,0.002289,0.884767,0.002765,0.032763,0.001181,0.214961,0.001447,0.046134,0.000907,0.000000,0.000000,0.778718,0.002823,80
oracle_physical_belief_revision,occluded_drawer_recovery,false_human_hint,sparse_feedback,0.865156,0.003898,1.216070,0.003995,0.000000,0.000000,0.000000,0.000000,0.865581,0.002669,0.875590,0.002634,0.038462,0.001344,0.282866,0.001337,0.045365,0.000953,0.000000,0.000000,0.781589,0.002887,80
oracle_physical_belief_revision,occluded_drawer_recovery,noisy_observation,combined_stress,0.871887,0.003843,1.218160,0.004083,0.000000,0.000000,0.000114,0.000158,0.892161,0.002110,0.859604,0.002674,0.040086,0.001323,0.318246,0.001547,0.044970,0.001010,0.000000,0.000000,0.811590,0.002765,80
oracle_physical_belief_revision,occluded_drawer_recovery,noisy_observation,in_distribution,0.962775,0.003383,1.386910,0.003087,0.000000,0.000000,0.000000,0.000000,0.937735,0.002823,0.911903,0.002719,0.011244,0.001264,0.170210,0.001531,0.048207,0.000928,0.000000,0.000000,0.811915,0.002635,80
oracle_physical_belief_revision,occluded_drawer_recovery,noisy_observation,long_horizon_recovery,0.906634,0.003831,1.283634,0.003707,0.000000,0.000000,0.000000,0.000000,0.919626,0.002361,0.859013,0.002387,0.023176,0.001305,0.267131,0.001532,0.047268,0.000948,0.000000,0.000000,0.810343,0.002444,80
oracle_physical_belief_revision,occluded_drawer_recovery,noisy_observation,new_operator_interventions,0.925986,0.004098,1.324393,0.004195,0.000000,0.000000,0.000000,0.000000,0.917310,0.002885,0.897086,0.002763,0.024645,0.001388,0.208290,0.001368,0.048956,0.000841,0.000000,0.000000,0.811039,0.003114,80
oracle_physical_belief_revision,occluded_drawer_recovery,noisy_observation,sparse_feedback,0.900581,0.003610,1.272600,0.003752,0.000000,0.000000,0.000000,0.000000,0.909264,0.002489,0.890776,0.002511,0.032564,0.001506,0.277928,0.001455,0.046455,0.000912,0.000000,0.000000,0.808356,0.002845,80
oracle_physical_belief_revision,occluded_drawer_recovery,nominal,combined_stress,0.918672,0.003900,1.305813,0.003654,0.000000,0.000000,0.000000,0.000000,0.951764,0.002618,0.889855,0.002670,0.022984,0.001249,0.299589,0.001610,0.047627,0.000910,0.000000,0.000000,0.852902,0.002444,80
oracle_physical_belief_revision,occluded_drawer_recovery,nominal,in_distribution,0.979715,0.000395,1.400000,0.000000,0.000000,0.000000,0.000000,0.000000,0.987677,0.001158,0.944410,0.002207,0.000399,0.000337,0.151614,0.001399,0.051073,0.000961,0.000000,0.000000,0.849800,0.002897,80
oracle_physical_belief_revision,occluded_drawer_recovery,nominal,long_horizon_recovery,0.961509,0.003534,1.378629,0.003698,0.000000,0.000000,0.000000,0.000000,0.976940,0.002344,0.889311,0.002486,0.006062,0.001191,0.249735,0.001487,0.048324,0.000970,0.000000,0.000000,0.855039,0.002506,80
oracle_physical_belief_revision,occluded_drawer_recovery,nominal,new_operator_interventions,0.969104,0.002962,1.397056,0.001532,0.000000,0.000000,0.000000,0.000000,0.974663,0.002530,0.932309,0.002709,0.007148,0.001062,0.194816,0.001539,0.049514,0.000836,0.000000,0.000000,0.855966,0.002691,80
oracle_physical_belief_revision,occluded_drawer_recovery,nominal,sparse_feedback,0.947500,0.004059,1.361719,0.004117,0.000000,0.000000,0.000000,0.000000,0.965144,0.002755,0.925302,0.002671,0.014173,0.001316,0.258685,0.001476,0.048299,0.000964,0.000000,0.000000,0.852271,0.002815,80
oracle_physical_belief_revision,occluded_drawer_recovery,physical_rule_violation,combined_stress,0.831944,0.003518,1.089140,0.003719,0.000000,0.000000,0.080028,0.001950,0.899914,0.002499,0.795749,0.002351,0.072642,0.001538,0.314613,0.001556,0.043692,0.000867,0.000000,0.000000,0.816506,0.002662,80
oracle_physical_belief_revision,occluded_drawer_recovery,physical_rule_violation,in_distribution,0.927329,0.003855,1.319118,0.004362,0.000000,0.000000,0.000000,0.000000,0.945615,0.002850,0.848847,0.002673,0.045409,0.001225,0.165916,0.001592,0.046685,0.000951,0.000000,0.000000,0.818119,0.002514,80
oracle_physical_belief_revision,occluded_drawer_recovery,physical_rule_violation,long_horizon_recovery,0.869898,0.003560,1.196083,0.004036,0.000000,0.000000,0.022405,0.002041,0.925505,0.002920,0.799165,0.002827,0.058627,0.001367,0.265219,0.001483,0.045057,0.000945,0.000000,0.000000,0.815083,0.002609,80
oracle_physical_belief_revision,occluded_drawer_recovery,physical_rule_violation,new_operator_interventions,0.892020,0.003719,1.257550,0.003892,0.000000,0.000000,0.000143,0.000169,0.923008,0.002970,0.837401,0.002461,0.057352,0.001219,0.205867,0.001742,0.045161,0.000913,0.000000,0.000000,0.815722,0.002520,80
oracle_physical_belief_revision,occluded_drawer_recovery,physical_rule_violation,sparse_feedback,0.864120,0.004287,1.194500,0.004641,0.000000,0.000000,0.011332,0.001706,0.914762,0.002776,0.825694,0.002546,0.065700,0.001220,0.272223,0.001622,0.045069,0.000950,0.000000,0.000000,0.814951,0.002867,80
oracle_physical_belief_revision,payload_shift_pick,actuator_model_break,combined_stress,0.809585,0.003808,1.014712,0.004271,0.000000,0.000000,0.114039,0.002274,0.898995,0.002595,0.777288,0.002661,0.106669,0.001416,0.314729,0.001658,0.043017,0.000894,0.000000,0.000000,0.816186,0.002616,80
oracle_physical_belief_revision,payload_shift_pick,actuator_model_break,in_distribution,0.908825,0.003977,1.273358,0.004112,0.000000,0.000000,0.000000,0.000000,0.943121,0.002351,0.829071,0.002720,0.075430,0.001429,0.167969,0.001613,0.047448,0.000901,0.000000,0.000000,0.814362,0.002543,80
oracle_physical_belief_revision,payload_shift_pick,actuator_model_break,long_horizon_recovery,0.851561,0.003444,1.126504,0.003863,0.000000,0.000000,0.057711,0.002452,0.924043,0.002679,0.778354,0.002830,0.089655,0.001489,0.263827,0.001486,0.044478,0.000760,0.000000,0.000000,0.814066,0.002575,80
oracle_physical_belief_revision,payload_shift_pick,actuator_model_break,new_operator_interventions,0.876378,0.003584,1.202746,0.004222,0.000000,0.000000,0.013448,0.002143,0.921243,0.002148,0.816835,0.002632,0.091368,0.001379,0.207841,0.001514,0.045921,0.000818,0.000000,0.000000,0.815155,0.002881,80
oracle_physical_belief_revision,payload_shift_pick,actuator_model_break,sparse_feedback,0.841850,0.003948,1.121552,0.004227,0.000000,0.000000,0.043501,0.002298,0.911710,0.002858,0.805757,0.002791,0.098466,0.001240,0.273025,0.001675,0.043681,0.000923,0.000000,0.000000,0.815301,0.002408,80
oracle_physical_belief_revision,payload_shift_pick,combined_intervention_stress,combined_stress,0.720063,0.004132,0.755381,0.004843,0.077254,0.002213,0.182404,0.002153,0.774884,0.002776,0.734838,0.002746,0.129451,0.001235,0.342937,0.001733,0.039675,0.000984,0.009944,0.001268,0.721422,0.002497,80
oracle_physical_belief_revision,payload_shift_pick,combined_intervention_stress,in_distribution,0.809661,0.003377,1.078386,0.003639,0.017860,0.002145,0.018574,0.002075,0.817544,0.002749,0.784341,0.002792,0.100279,0.001351,0.196637,0.001487,0.043755,0.000958,0.000000,0.000000,0.723056,0.002828,80
oracle_physical_belief_revision,payload_shift_pick,combined_intervention_stress,long_horizon_recovery,0.753457,0.003806,0.884937,0.004694,0.042489,0.002471,0.124452,0.002189,0.801044,0.002647,0.733110,0.002564,0.112357,0.001247,0.293879,0.001237,0.040419,0.000981,0.000764,0.000482,0.721834,0.002775,80
oracle_physical_belief_revision,payload_shift_pick,combined_intervention_stress,new_operator_interventions,0.776912,0.004287,0.967564,0.004882,0.035889,0.002352,0.076189,0.002255,0.798914,0.002616,0.774998,0.002940,0.114864,0.001400,0.235919,0.001664,0.042375,0.000780,0.000002,0.000005,0.720514,0.002797,80
oracle_physical_belief_revision,payload_shift_pick,combined_intervention_stress,sparse_feedback,0.748066,0.004172,0.861811,0.005192,0.078146,0.002307,0.109390,0.002178,0.787835,0.003201,0.764814,0.002360,0.121809,0.001507,0.303689,0.001331,0.041073,0.000948,0.002176,0.000737,0.721810,0.002266,80
oracle_physical_belief_revision,payload_shift_pick,contact_precondition_failure,combined_stress,0.823348,0.003965,1.051340,0.004728,0.000000,0.000000,0.095748,0.002495,0.910314,0.002136,0.784780,0.002663,0.100526,0.001180,0.310748,0.001485,0.043199,0.000941,0.000000,0.000000,0.821686,0.002521,80
oracle_physical_belief_revision,payload_shift_pick,contact_precondition_failure,in_distribution,0.921231,0.003559,1.296148,0.004088,0.000000,0.000000,0.000000,0.000000,0.952086,0.002813,0.839476,0.003181,0.069337,0.001409,0.164281,0.001508,0.046362,0.001051,0.000000,0.000000,0.820650,0.002591,80
oracle_physical_belief_revision,payload_shift_pick,contact_precondition_failure,long_horizon_recovery,0.863449,0.004053,1.161430,0.004473,0.000000,0.000000,0.039692,0.002224,0.933946,0.002449,0.787569,0.002786,0.082914,0.001338,0.260389,0.001499,0.045362,0.000947,0.000000,0.000000,0.820945,0.002446,80
oracle_physical_belief_revision,payload_shift_pick,contact_precondition_failure,new_operator_interventions,0.883006,0.003922,1.227883,0.003930,0.000000,0.000000,0.001539,0.000742,0.930463,0.002248,0.827292,0.002384,0.085429,0.001228,0.204423,0.001671,0.045842,0.000868,0.000000,0.000000,0.821267,0.002607,80
oracle_physical_belief_revision,payload_shift_pick,contact_precondition_failure,sparse_feedback,0.856363,0.004054,1.158177,0.004407,0.000000,0.000000,0.027939,0.002139,0.923399,0.002462,0.818414,0.002240,0.091116,0.001103,0.271848,0.001684,0.045614,0.000890,0.000000,0.000000,0.822389,0.002658,80
oracle_physical_belief_revision,payload_shift_pick,environment_change_intervention,combined_stress,0.797000,0.004116,0.977733,0.004352,0.000000,0.000000,0.131093,0.002669,0.885950,0.002821,0.762738,0.002462,0.112848,0.001282,0.317415,0.001438,0.043355,0.000969,0.000000,0.000000,0.804573,0.002372,80
oracle_physical_belief_revision,payload_shift_pick,environment_change_intervention,in_distribution,0.894373,0.004587,1.246881,0.004651,0.000000,0.000000,0.000000,0.000000,0.929916,0.002436,0.817128,0.002795,0.082641,0.001201,0.170747,0.001443,0.046081,0.000791,0.000000,0.000000,0.805591,0.002329,80
oracle_physical_belief_revision,payload_shift_pick,environment_change_intervention,long_horizon_recovery,0.839902,0.003832,1.091658,0.004207,0.000000,0.000000,0.073417,0.002050,0.910377,0.002962,0.764562,0.002437,0.095462,0.001319,0.268136,0.001466,0.043906,0.001138,0.000000,0.000000,0.804813,0.002616,80
oracle_physical_belief_revision,payload_shift_pick,environment_change_intervention,new_operator_interventions,0.856067,0.003834,1.161087,0.004631,0.000000,0.000000,0.029104,0.001721,0.908069,0.002778,0.804897,0.002745,0.096211,0.001169,0.210586,0.001800,0.044333,0.000950,0.000000,0.000000,0.803917,0.002872,80
oracle_physical_belief_revision,payload_shift_pick,environment_change_intervention,sparse_feedback,0.828512,0.003755,1.085921,0.004312,0.000000,0.000000,0.060577,0.002189,0.900775,0.002596,0.796171,0.002859,0.103309,0.001234,0.277224,0.001405,0.043999,0.000830,0.000000,0.000000,0.803004,0.002713,80
oracle_physical_belief_revision,payload_shift_pick,false_human_hint,combined_stress,0.830795,0.003857,1.134618,0.004303,0.000044,0.000065,0.007602,0.001806,0.852006,0.002684,0.843024,0.002995,0.068295,0.001373,0.321825,0.001382,0.044849,0.000944,0.000000,0.000000,0.776568,0.002608,80
oracle_physical_belief_revision,payload_shift_pick,false_human_hint,in_distribution,0.922511,0.003474,1.310461,0.003684,0.000000,0.000000,0.000000,0.000000,0.895068,0.002693,0.895637,0.002805,0.039278,0.001206,0.175349,0.001533,0.047034,0.001012,0.000000,0.000000,0.778213,0.002704,80
oracle_physical_belief_revision,payload_shift_pick,false_human_hint,long_horizon_recovery,0.866263,0.003708,1.205886,0.003934,0.000000,0.000000,0.000000,0.000000,0.876566,0.003041,0.846017,0.002632,0.051918,0.001405,0.272828,0.001470,0.045746,0.000905,0.000000,0.000000,0.779143,0.002677,80
oracle_physical_belief_revision,payload_shift_pick,false_human_hint,new_operator_interventions,0.889542,0.003924,1.250470,0.004163,0.000000,0.000000,0.000000,0.000000,0.873985,0.002290,0.886774,0.002611,0.053334,0.001156,0.215592,0.001517,0.047139,0.000979,0.000000,0.000000,0.777552,0.002700,80
oracle_physical_belief_revision,payload_shift_pick,false_human_hint,sparse_feedback,0.862743,0.004187,1.198018,0.004068,0.000015,0.000030,0.000000,0.000000,0.863913,0.002406,0.875488,0.002742,0.059578,0.001125,0.282229,0.001583,0.045213,0.000962,0.000000,0.000000,0.779108,0.002508,80
oracle_physical_belief_revision,payload_shift_pick,noisy_observation,combined_stress,0.865609,0.003862,1.199440,0.003993,0.000000,0.000000,0.000149,0.000141,0.896840,0.002562,0.856352,0.002741,0.058917,0.001166,0.316212,0.001382,0.045365,0.000989,0.000000,0.000000,0.813167,0.002575,80
oracle_physical_belief_revision,payload_shift_pick,noisy_observation,in_distribution,0.955082,0.003443,1.365876,0.003460,0.000000,0.000000,0.000000,0.000000,0.937289,0.002484,0.909884,0.002809,0.030619,0.001260,0.171291,0.001511,0.049186,0.000888,0.000000,0.000000,0.811908,0.002458,80
oracle_physical_belief_revision,payload_shift_pick,noisy_observation,long_horizon_recovery,0.900229,0.004016,1.261894,0.004114,0.000000,0.000000,0.000000,0.000000,0.917162,0.002768,0.860952,0.002515,0.043782,0.001545,0.269152,0.001566,0.046552,0.000954,0.000000,0.000000,0.809540,0.002689,80
oracle_physical_belief_revision,payload_shift_pick,noisy_observation,new_operator_interventions,0.925204,0.004209,1.309127,0.004590,0.000000,0.000000,0.000000,0.000000,0.917947,0.002331,0.898650,0.002550,0.045547,0.001403,0.209446,0.001784,0.047941,0.000863,0.000000,0.000000,0.812552,0.002482,80
oracle_physical_belief_revision,payload_shift_pick,noisy_observation,sparse_feedback,0.896848,0.003694,1.256019,0.003748,0.000000,0.000000,0.000000,0.000000,0.908051,0.002482,0.890579,0.002816,0.051054,0.001307,0.276189,0.001522,0.046715,0.001036,0.000000,0.000000,0.811597,0.002704,80
oracle_physical_belief_revision,payload_shift_pick,nominal,combined_stress,0.920558,0.004059,1.294329,0.004184,0.000000,0.000000,0.000000,0.000000,0.953024,0.002491,0.891430,0.002875,0.042771,0.001370,0.299341,0.001303,0.047135,0.000903,0.000000,0.000000,0.853923,0.002639,80
oracle_physical_belief_revision,payload_shift_pick,nominal,in_distribution,0.979352,0.000687,1.400000,0.000000,0.000000,0.000000,0.000000,0.000000,0.986625,0.001378,0.943477,0.002888,0.012040,0.001418,0.153690,0.001559,0.050714,0.000996,0.000000,0.000000,0.854405,0.002634,80
oracle_physical_belief_revision,payload_shift_pick,nominal,long_horizon_recovery,0.953188,0.003728,1.357778,0.003774,0.000000,0.000000,0.000000,0.000000,0.977391,0.002241,0.893083,0.002610,0.024928,0.001408,0.250367,0.001526,0.048328,0.000903,0.000000,0.000000,0.853111,0.002767,80
oracle_physical_belief_revision,payload_shift_pick,nominal,new_operator_interventions,0.970351,0.002603,1.392565,0.002363,0.000000,0.000000,0.000000,0.000000,0.974224,0.002349,0.932495,0.002839,0.027146,0.001474,0.192692,0.001660,0.049434,0.001091,0.000000,0.000000,0.855509,0.002435,80
oracle_physical_belief_revision,payload_shift_pick,nominal,sparse_feedback,0.945450,0.003623,1.345165,0.003834,0.000000,0.000000,0.000000,0.000000,0.963174,0.002761,0.922942,0.002548,0.033282,0.001275,0.258997,0.001389,0.047924,0.000991,0.000000,0.000000,0.853026,0.002803,80
oracle_physical_belief_revision,payload_shift_pick,physical_rule_violation,combined_stress,0.829042,0.004643,1.072691,0.005220,0.000000,0.000000,0.079636,0.002174,0.902096,0.002772,0.797400,0.002564,0.093934,0.001337,0.312135,0.001298,0.044179,0.000995,0.000000,0.000000,0.816662,0.002197,80
oracle_physical_belief_revision,payload_shift_pick,physical_rule_violation,in_distribution,0.919909,0.003458,1.297460,0.003548,0.000000,0.000000,0.000000,0.000000,0.943735,0.002510,0.849760,0.002754,0.064527,0.001343,0.166580,0.001512,0.046518,0.000849,0.000000,0.000000,0.815786,0.002630,80
oracle_physical_belief_revision,payload_shift_pick,physical_rule_violation,long_horizon_recovery,0.864370,0.004392,1.176705,0.004624,0.000000,0.000000,0.023250,0.002523,0.926941,0.002253,0.798718,0.003106,0.077860,0.001328,0.264845,0.001622,0.044250,0.001001,0.000000,0.000000,0.814817,0.002971,80
oracle_physical_belief_revision,payload_shift_pick,physical_rule_violation,new_operator_interventions,0.885199,0.003880,1.236169,0.004186,0.000000,0.000000,0.000115,0.000225,0.924869,0.002379,0.838843,0.002309,0.078337,0.001344,0.206503,0.001461,0.046209,0.000986,0.000000,0.000000,0.815749,0.002729,80
oracle_physical_belief_revision,payload_shift_pick,physical_rule_violation,sparse_feedback,0.855791,0.003896,1.173237,0.003961,0.000000,0.000000,0.011155,0.002045,0.913148,0.002692,0.830015,0.002631,0.085088,0.001164,0.272313,0.001555,0.045142,0.000903,0.000000,0.000000,0.817049,0.002428,80
oracle_physical_belief_revision,tool_use_correction,actuator_model_break,combined_stress,0.812964,0.003919,1.009603,0.004477,0.000000,0.000000,0.114230,0.002223,0.899035,0.002337,0.775573,0.002560,0.117791,0.001354,0.313724,0.001381,0.043389,0.000781,0.000000,0.000000,0.815199,0.002941,80
oracle_physical_belief_revision,tool_use_correction,actuator_model_break,in_distribution,0.902819,0.004412,1.259937,0.004653,0.000000,0.000000,0.000000,0.000000,0.944919,0.002584,0.827141,0.002437,0.086612,0.001484,0.167370,0.001615,0.046832,0.000924,0.000000,0.000000,0.816669,0.002878,80
oracle_physical_belief_revision,tool_use_correction,actuator_model_break,long_horizon_recovery,0.851438,0.003970,1.118600,0.004346,0.000000,0.000000,0.058307,0.002132,0.925085,0.002820,0.778331,0.002910,0.099902,0.001459,0.265693,0.001624,0.044629,0.001002,0.000000,0.000000,0.816876,0.002829,80
oracle_physical_belief_revision,tool_use_correction,actuator_model_break,new_operator_interventions,0.866985,0.003715,1.187267,0.003776,0.000000,0.000000,0.012816,0.001924,0.922634,0.002383,0.815122,0.002263,0.101407,0.001308,0.207081,0.001411,0.045347,0.000983,0.000000,0.000000,0.817570,0.002586,80
oracle_physical_belief_revision,tool_use_correction,actuator_model_break,sparse_feedback,0.841484,0.003886,1.111697,0.004600,0.000000,0.000000,0.047362,0.002242,0.913307,0.002701,0.808941,0.002606,0.108512,0.001096,0.274643,0.001788,0.043673,0.000836,0.000000,0.000000,0.813063,0.002704,80
oracle_physical_belief_revision,tool_use_correction,combined_intervention_stress,combined_stress,0.715588,0.003952,0.745675,0.004591,0.077286,0.002030,0.178134,0.002582,0.775616,0.002201,0.734399,0.002539,0.141521,0.001379,0.343296,0.001545,0.039641,0.000948,0.008961,0.001415,0.721387,0.002653,80
oracle_physical_belief_revision,tool_use_correction,combined_intervention_stress,in_distribution,0.812662,0.003635,1.072967,0.004841,0.017623,0.002097,0.019865,0.002276,0.815412,0.002274,0.785664,0.002975,0.110556,0.001394,0.195966,0.001434,0.043582,0.000979,0.000000,0.000000,0.721125,0.002555,80
oracle_physical_belief_revision,tool_use_correction,combined_intervention_stress,long_horizon_recovery,0.756040,0.003541,0.880066,0.004147,0.042437,0.002160,0.122670,0.001947,0.799937,0.002638,0.730374,0.002708,0.123209,0.001270,0.292810,0.001572,0.040909,0.000963,0.000730,0.000452,0.719888,0.002141,80
oracle_physical_belief_revision,tool_use_correction,combined_intervention_stress,new_operator_interventions,0.769898,0.004454,0.952927,0.005024,0.034862,0.002317,0.079346,0.001991,0.797821,0.002820,0.775900,0.002867,0.123389,0.001167,0.236474,0.001427,0.042688,0.001184,0.000109,0.000140,0.723158,0.002725,80
oracle_physical_belief_revision,tool_use_correction,combined_intervention_stress,sparse_feedback,0.741800,0.004145,0.844711,0.004921,0.080516,0.002126,0.111390,0.002064,0.785843,0.002646,0.761950,0.002595,0.131240,0.001272,0.302831,0.001677,0.041833,0.000929,0.003180,0.000867,0.723391,0.002863,80
oracle_physical_belief_revision,tool_use_correction,contact_precondition_failure,combined_stress,0.822546,0.004063,1.042282,0.004707,0.000000,0.000000,0.097732,0.002170,0.908121,0.002908,0.788000,0.002757,0.109977,0.001402,0.310966,0.001701,0.043935,0.000789,0.000000,0.000000,0.821119,0.002496,80
oracle_physical_belief_revision,tool_use_correction,contact_precondition_failure,in_distribution,0.914664,0.003567,1.281490,0.003840,0.000000,0.000000,0.000000,0.000000,0.952857,0.002218,0.840218,0.002705,0.081379,0.001293,0.164215,0.001783,0.047267,0.000846,0.000000,0.000000,0.823278,0.002643,80
oracle_physical_belief_revision,tool_use_correction,contact_precondition_failure,long_horizon_recovery,0.859828,0.003474,1.149585,0.004209,0.000000,0.000000,0.041072,0.002199,0.934073,0.002567,0.786374,0.002397,0.092418,0.001265,0.261490,0.001607,0.045260,0.000902,0.000000,0.000000,0.821040,0.002424,80
oracle_physical_belief_revision,tool_use_correction,contact_precondition_failure,new_operator_interventions,0.884070,0.004072,1.221332,0.004469,0.000000,0.000000,0.002656,0.001154,0.931106,0.002619,0.826665,0.002793,0.094906,0.001290,0.204049,0.001622,0.046534,0.000972,0.000000,0.000000,0.821627,0.002321,80
oracle_physical_belief_revision,tool_use_correction,contact_precondition_failure,sparse_feedback,0.851497,0.003626,1.146601,0.003784,0.000000,0.000000,0.027296,0.002021,0.923269,0.002567,0.816751,0.002441,0.101553,0.001186,0.269042,0.001728,0.045304,0.001044,0.000000,0.000000,0.821018,0.002636,80
oracle_physical_belief_revision,tool_use_correction,environment_change_intervention,combined_stress,0.798236,0.004250,0.972499,0.004408,0.000000,0.000000,0.130208,0.002223,0.883939,0.002809,0.765330,0.002728,0.123026,0.001212,0.316786,0.001540,0.043077,0.000898,0.000000,0.000000,0.804133,0.002892,80
oracle_physical_belief_revision,tool_use_correction,environment_change_intervention,in_distribution,0.897083,0.004444,1.242846,0.004715,0.000000,0.000000,0.000000,0.000000,0.929828,0.002663,0.819928,0.002557,0.092371,0.001348,0.171302,0.001573,0.046618,0.000995,0.000000,0.000000,0.805312,0.002675,80
oracle_physical_belief_revision,tool_use_correction,environment_change_intervention,long_horizon_recovery,0.834212,0.004582,1.080864,0.005031,0.000000,0.000000,0.072188,0.002107,0.910424,0.002208,0.766732,0.002615,0.104444,0.001225,0.268306,0.001570,0.044757,0.000975,0.000000,0.000000,0.805952,0.002825,80
oracle_physical_belief_revision,tool_use_correction,environment_change_intervention,new_operator_interventions,0.854737,0.003716,1.152213,0.004724,0.000000,0.000000,0.030199,0.001940,0.910565,0.002638,0.806571,0.002666,0.107035,0.001429,0.210122,0.001444,0.045182,0.001004,0.000000,0.000000,0.804616,0.002557,80
oracle_physical_belief_revision,tool_use_correction,environment_change_intervention,sparse_feedback,0.828839,0.003747,1.077817,0.004121,0.000000,0.000000,0.062763,0.002250,0.899985,0.002469,0.798400,0.002929,0.113453,0.001357,0.277431,0.001438,0.044040,0.000977,0.000000,0.000000,0.804703,0.003085,80
oracle_physical_belief_revision,tool_use_correction,false_human_hint,combined_stress,0.825743,0.003769,1.122165,0.004055,0.000000,0.000000,0.007155,0.001546,0.849436,0.002308,0.842946,0.002336,0.079102,0.001267,0.320820,0.001522,0.043943,0.000904,0.000000,0.000000,0.777881,0.002513,80
oracle_physical_belief_revision,tool_use_correction,false_human_hint,in_distribution,0.922125,0.003712,1.302483,0.003920,0.000000,0.000000,0.000000,0.000000,0.894882,0.002590,0.896864,0.002860,0.049347,0.001277,0.175823,0.001623,0.048192,0.001058,0.000000,0.000000,0.776009,0.002841,80
oracle_physical_belief_revision,tool_use_correction,false_human_hint,long_horizon_recovery,0.868258,0.004022,1.200568,0.004247,0.000000,0.000000,0.000000,0.000000,0.876367,0.002624,0.844397,0.002188,0.061955,0.001195,0.272199,0.001465,0.045715,0.000877,0.000000,0.000000,0.781019,0.002708,80
oracle_physical_belief_revision,tool_use_correction,false_human_hint,new_operator_interventions,0.893227,0.004087,1.249342,0.004323,0.000000,0.000000,0.000000,0.000000,0.876348,0.002635,0.886373,0.002755,0.061715,0.001362,0.214662,0.001832,0.046124,0.000997,0.000000,0.000000,0.781260,0.002769,80
oracle_physical_belief_revision,tool_use_correction,false_human_hint,sparse_feedback,0.857961,0.003915,1.185830,0.004185,0.000094,0.000165,0.000000,0.000000,0.864158,0.002784,0.874319,0.002087,0.068931,0.001287,0.282724,0.001496,0.046232,0.001021,0.000000,0.000000,0.777237,0.002683,80
oracle_physical_belief_revision,tool_use_correction,noisy_observation,combined_stress,0.858266,0.003965,1.184309,0.004122,0.000000,0.000000,0.000049,0.000084,0.892492,0.002553,0.858004,0.002650,0.068527,0.001163,0.317931,0.001324,0.045847,0.000860,0.000000,0.000000,0.814550,0.002265,80
oracle_physical_belief_revision,tool_use_correction,noisy_observation,in_distribution,0.955102,0.003647,1.359402,0.003648,0.000000,0.000000,0.000000,0.000000,0.938117,0.002614,0.912792,0.002205,0.041235,0.001250,0.170582,0.001641,0.048979,0.000928,0.000000,0.000000,0.812752,0.002905,80
oracle_physical_belief_revision,tool_use_correction,noisy_observation,long_horizon_recovery,0.902514,0.003688,1.257538,0.003818,0.000000,0.000000,0.000000,0.000000,0.920072,0.002387,0.859274,0.002542,0.053420,0.001246,0.268847,0.001255,0.046903,0.000933,0.000000,0.000000,0.809598,0.002545,80
oracle_physical_belief_revision,tool_use_correction,noisy_observation,new_operator_interventions,0.921410,0.003462,1.297546,0.003619,0.000000,0.000000,0.000000,0.000000,0.915613,0.002586,0.898313,0.002585,0.055695,0.001123,0.208943,0.001491,0.047334,0.001003,0.000000,0.000000,0.810809,0.002691,80
oracle_physical_belief_revision,tool_use_correction,noisy_observation,sparse_feedback,0.892033,0.004002,1.243089,0.004239,0.000000,0.000000,0.000000,0.000000,0.905851,0.002600,0.893484,0.002683,0.061905,0.001172,0.278391,0.001413,0.046176,0.000868,0.000000,0.000000,0.811138,0.002576,80
oracle_physical_belief_revision,tool_use_correction,nominal,combined_stress,0.909466,0.003716,1.276811,0.003535,0.000000,0.000000,0.000000,0.000000,0.952374,0.002638,0.891157,0.002775,0.051991,0.001047,0.299296,0.001646,0.046641,0.001035,0.000000,0.000000,0.854885,0.002676,80
oracle_physical_belief_revision,tool_use_correction,nominal,in_distribution,0.979046,0.000813,1.399970,0.000059,0.000000,0.000000,0.000000,0.000000,0.987478,0.000920,0.943304,0.002283,0.023025,0.001438,0.152286,0.001323,0.050792,0.000984,0.000000,0.000000,0.854054,0.002895,80
oracle_physical_belief_revision,tool_use_correction,nominal,long_horizon_recovery,0.951974,0.003719,1.347248,0.003933,0.000000,0.000000,0.000000,0.000000,0.973740,0.002408,0.892217,0.002372,0.035622,0.001172,0.252788,0.001609,0.048076,0.000825,0.000000,0.000000,0.853159,0.002609,80
oracle_physical_belief_revision,tool_use_correction,nominal,new_operator_interventions,0.967854,0.002591,1.385324,0.002648,0.000000,0.000000,0.000000,0.000000,0.974016,0.002646,0.933020,0.002843,0.037074,0.001390,0.192602,0.001280,0.050574,0.000828,0.000000,0.000000,0.853233,0.002798,80
oracle_physical_belief_revision,tool_use_correction,nominal,sparse_feedback,0.947562,0.003757,1.340655,0.003795,0.000000,0.000000,0.000000,0.000000,0.967576,0.002608,0.921000,0.002463,0.042944,0.001271,0.260066,0.001443,0.047831,0.000951,0.000000,0.000000,0.853095,0.002306,80
oracle_physical_belief_revision,tool_use_correction,physical_rule_violation,combined_stress,0.822090,0.004155,1.057174,0.004606,0.000000,0.000000,0.079251,0.002152,0.901004,0.002710,0.797145,0.002847,0.104709,0.001370,0.314793,0.001458,0.044283,0.000921,0.000000,0.000000,0.814817,0.002521,80
oracle_physical_belief_revision,tool_use_correction,physical_rule_violation,in_distribution,0.918235,0.003817,1.288108,0.004098,0.000000,0.000000,0.000000,0.000000,0.946032,0.002718,0.849527,0.002539,0.074926,0.001360,0.168252,0.001426,0.047674,0.001124,0.000000,0.000000,0.815216,0.002389,80
oracle_physical_belief_revision,tool_use_correction,physical_rule_violation,long_horizon_recovery,0.862642,0.004304,1.168250,0.004548,0.000000,0.000000,0.022967,0.002004,0.924712,0.002462,0.799516,0.002766,0.087212,0.001136,0.264228,0.001530,0.044565,0.000913,0.000000,0.000000,0.815181,0.002417,80
oracle_physical_belief_revision,tool_use_correction,physical_rule_violation,new_operator_interventions,0.885507,0.004079,1.230243,0.004284,0.000000,0.000000,0.000000,0.000000,0.924289,0.002910,0.837970,0.002493,0.087171,0.001379,0.205501,0.001540,0.046368,0.000903,0.000000,0.000000,0.817301,0.002868,80
oracle_physical_belief_revision,tool_use_correction,physical_rule_violation,sparse_feedback,0.855836,0.003784,1.165664,0.004283,0.000000,0.000000,0.010813,0.001859,0.914127,0.002831,0.828070,0.002476,0.095572,0.001264,0.272484,0.001411,0.045836,0.000974,0.000000,0.000000,0.817736,0.002508,80
periodic_bayes_update,bin_packing_recovery,actuator_model_break,combined_stress,0.392414,0.003699,-0.407324,0.003757,0.309812,0.002188,0.541460,0.002381,0.356380,0.002514,0.276800,0.002482,0.268005,0.001339,0.395832,0.001560,0.078787,0.001615,0.217224,0.001296,0.356604,0.002871,80
periodic_bayes_update,bin_packing_recovery,actuator_model_break,in_distribution,0.484529,0.004134,-0.070507,0.005064,0.249318,0.001865,0.382099,0.001988,0.403747,0.002450,0.331461,0.002593,0.238770,0.001283,0.249832,0.001464,0.075178,0.001380,0.183338,0.001313,0.357890,0.002549,80
periodic_bayes_update,bin_packing_recovery,actuator_model_break,long_horizon_recovery,0.425887,0.003966,-0.275597,0.005135,0.276595,0.002311,0.484207,0.002136,0.385192,0.002738,0.277336,0.003098,0.250090,0.001282,0.348854,0.001761,0.076128,0.001279,0.204070,0.001500,0.357089,0.002991,80
periodic_bayes_update,bin_packing_recovery,actuator_model_break,new_operator_interventions,0.449660,0.004467,-0.190257,0.005344,0.268711,0.002332,0.439868,0.002312,0.385666,0.002634,0.316744,0.002630,0.252045,0.001462,0.291561,0.001664,0.076420,0.001439,0.194701,0.001350,0.356784,0.002773,80
periodic_bayes_update,bin_packing_recovery,actuator_model_break,sparse_feedback,0.423430,0.003945,-0.297974,0.004568,0.312552,0.002379,0.471253,0.001811,0.373554,0.002597,0.306470,0.002366,0.258467,0.001231,0.356964,0.001473,0.075854,0.001538,0.208994,0.001443,0.355031,0.002532,80
periodic_bayes_update,bin_packing_recovery,combined_intervention_stress,combined_stress,0.293511,0.004628,-0.773619,0.004968,0.495566,0.002097,0.608891,0.002151,0.234587,0.002415,0.231528,0.002341,0.291986,0.001116,0.426730,0.001517,0.084855,0.001949,0.293717,0.001545,0.264893,0.002675,80
periodic_bayes_update,bin_packing_recovery,combined_intervention_stress,in_distribution,0.391071,0.003287,-0.426779,0.004372,0.431825,0.002302,0.448198,0.002162,0.279990,0.002923,0.289011,0.003028,0.262483,0.001402,0.278920,0.001135,0.077911,0.001802,0.259200,0.001463,0.266145,0.002655,80
periodic_bayes_update,bin_packing_recovery,combined_intervention_stress,long_horizon_recovery,0.337185,0.003919,-0.627798,0.004987,0.459117,0.001962,0.551091,0.002388,0.260942,0.002531,0.235546,0.002434,0.274124,0.001247,0.376985,0.001615,0.082358,0.001695,0.278883,0.001276,0.267180,0.002935,80
periodic_bayes_update,bin_packing_recovery,combined_intervention_stress,new_operator_interventions,0.354530,0.004112,-0.549282,0.004824,0.451940,0.002179,0.506803,0.002162,0.260275,0.002933,0.276452,0.002342,0.275657,0.001521,0.319244,0.001448,0.082086,0.001769,0.270790,0.001398,0.265837,0.002878,80
periodic_bayes_update,bin_packing_recovery,combined_intervention_stress,sparse_feedback,0.324623,0.003710,-0.660441,0.003819,0.495162,0.002449,0.538737,0.002290,0.248274,0.002543,0.265983,0.002453,0.281780,0.001308,0.385855,0.001437,0.081878,0.001943,0.284088,0.001565,0.263391,0.002548,80
periodic_bayes_update,bin_packing_recovery,contact_precondition_failure,combined_stress,0.402437,0.004410,-0.367046,0.004985,0.302260,0.002219,0.524152,0.002027,0.372103,0.002438,0.288503,0.002528,0.260987,0.001210,0.393149,0.001592,0.077570,0.001456,0.215410,0.001463,0.362127,0.002738,80
periodic_bayes_update,bin_packing_recovery,contact_precondition_failure,in_distribution,0.495425,0.003745,-0.026118,0.004652,0.237819,0.002479,0.362745,0.002094,0.415404,0.002805,0.341049,0.002631,0.232138,0.001445,0.246897,0.001487,0.074636,0.001009,0.178780,0.001651,0.363548,0.002841,80
periodic_bayes_update,bin_packing_recovery,contact_precondition_failure,long_horizon_recovery,0.441966,0.003992,-0.229847,0.004369,0.265342,0.002446,0.467434,0.002183,0.393706,0.002553,0.288027,0.002383,0.245415,0.001145,0.345010,0.001531,0.076583,0.001235,0.199147,0.001326,0.362456,0.003095,80
periodic_bayes_update,bin_packing_recovery,contact_precondition_failure,new_operator_interventions,0.461885,0.003590,-0.146719,0.004085,0.257097,0.002413,0.423288,0.002023,0.392734,0.002750,0.331130,0.002478,0.246444,0.001450,0.286727,0.001671,0.076369,0.001392,0.190538,0.001176,0.365193,0.002566,80
periodic_bayes_update,bin_packing_recovery,contact_precondition_failure,sparse_feedback,0.433097,0.004018,-0.258193,0.005004,0.302657,0.002213,0.455558,0.002346,0.382724,0.002582,0.320660,0.002509,0.252010,0.001404,0.353466,0.001507,0.077107,0.001387,0.204867,0.001387,0.363254,0.002429,80
periodic_bayes_update,bin_packing_recovery,environment_change_intervention,combined_stress,0.380773,0.003593,-0.458335,0.004916,0.332507,0.002287,0.557275,0.002197,0.345779,0.002581,0.265715,0.002714,0.272335,0.001243,0.399730,0.001588,0.078978,0.001681,0.227913,0.001578,0.348395,0.003027,80
periodic_bayes_update,bin_packing_recovery,environment_change_intervention,in_distribution,0.465060,0.003965,-0.130349,0.004704,0.272799,0.002152,0.397001,0.002356,0.392279,0.002870,0.319567,0.002429,0.244687,0.001395,0.253226,0.001554,0.076184,0.001318,0.193663,0.001443,0.350662,0.003074,80
periodic_bayes_update,bin_packing_recovery,environment_change_intervention,long_horizon_recovery,0.414828,0.004081,-0.329109,0.005009,0.299252,0.002653,0.502360,0.002399,0.371929,0.002358,0.267750,0.002616,0.256760,0.001349,0.350045,0.001803,0.077508,0.001472,0.214363,0.001526,0.347926,0.002483,80
periodic_bayes_update,bin_packing_recovery,environment_change_intervention,new_operator_interventions,0.434582,0.003638,-0.250008,0.004046,0.292196,0.002299,0.458623,0.002013,0.369602,0.002543,0.308206,0.002623,0.259120,0.001474,0.292950,0.001600,0.076995,0.001429,0.206908,0.001194,0.348231,0.002382,80
periodic_bayes_update,bin_packing_recovery,environment_change_intervention,sparse_feedback,0.411954,0.003628,-0.350335,0.004672,0.331356,0.002517,0.489565,0.002303,0.359093,0.002438,0.297727,0.002639,0.265081,0.001050,0.359801,0.001482,0.078193,0.001715,0.219919,0.001446,0.348152,0.002469,80
periodic_bayes_update,bin_packing_recovery,false_human_hint,combined_stress,0.408637,0.004238,-0.350313,0.005150,0.390704,0.002368,0.435165,0.002339,0.311236,0.002518,0.347141,0.002991,0.229471,0.001311,0.403987,0.001512,0.077911,0.001522,0.240580,0.001413,0.318890,0.002686,80
periodic_bayes_update,bin_packing_recovery,false_human_hint,in_distribution,0.505512,0.003520,-0.007405,0.004585,0.330737,0.002322,0.273740,0.002014,0.355114,0.002371,0.400146,0.002427,0.199687,0.001229,0.256517,0.001643,0.074880,0.001207,0.204400,0.001581,0.319028,0.002687,80
periodic_bayes_update,bin_packing_recovery,false_human_hint,long_horizon_recovery,0.450850,0.003507,-0.207601,0.004238,0.354201,0.002110,0.377167,0.002171,0.336404,0.002546,0.349424,0.002610,0.213532,0.001344,0.355291,0.001693,0.076037,0.001327,0.224295,0.001430,0.321087,0.003010,80
periodic_bayes_update,bin_packing_recovery,false_human_hint,new_operator_interventions,0.469056,0.003773,-0.126515,0.004464,0.346378,0.002117,0.332019,0.002480,0.335253,0.002672,0.389415,0.002722,0.213996,0.001297,0.297545,0.001578,0.076013,0.001340,0.215874,0.001510,0.321541,0.002573,80
periodic_bayes_update,bin_packing_recovery,false_human_hint,sparse_feedback,0.437155,0.004000,-0.242557,0.004841,0.390687,0.002160,0.366106,0.002338,0.324109,0.002419,0.376198,0.002749,0.220500,0.001401,0.363746,0.001392,0.076086,0.001508,0.230068,0.001455,0.321610,0.002727,80
periodic_bayes_update,bin_packing_recovery,noisy_observation,combined_stress,0.443527,0.003690,-0.212716,0.004206,0.317159,0.002164,0.412641,0.002303,0.354313,0.002562,0.359699,0.002329,0.220145,0.001351,0.399703,0.001759,0.075962,0.001549,0.199481,0.001428,0.353468,0.002742,80
periodic_bayes_update,bin_packing_recovery,noisy_observation,in_distribution,0.537955,0.004270,0.122574,0.004735,0.257099,0.002235,0.252784,0.002141,0.398038,0.002601,0.411359,0.003032,0.193087,0.001399,0.253870,0.001377,0.077304,0.001360,0.165271,0.001719,0.356020,0.002749,80
periodic_bayes_update,bin_packing_recovery,noisy_observation,long_horizon_recovery,0.482188,0.004116,-0.073050,0.004557,0.280645,0.002244,0.353642,0.002199,0.379567,0.002925,0.360913,0.002422,0.204363,0.001140,0.349166,0.001638,0.075887,0.001360,0.183204,0.001576,0.355047,0.002626,80
periodic_bayes_update,bin_packing_recovery,noisy_observation,new_operator_interventions,0.502669,0.004527,0.005891,0.005238,0.275146,0.002282,0.310090,0.002302,0.378856,0.002485,0.403456,0.002504,0.206671,0.001196,0.293413,0.001652,0.075227,0.001261,0.176335,0.001615,0.354408,0.002600,80
periodic_bayes_update,bin_packing_recovery,noisy_observation,sparse_feedback,0.471823,0.003701,-0.104570,0.004410,0.316267,0.001916,0.343162,0.002389,0.367310,0.002364,0.391715,0.002314,0.211638,0.001178,0.360016,0.001465,0.075093,0.001236,0.188514,0.001425,0.351891,0.002950,80
periodic_bayes_update,bin_packing_recovery,nominal,combined_stress,0.491737,0.003556,-0.032105,0.004301,0.243871,0.002169,0.362697,0.002210,0.411340,0.002686,0.393052,0.002629,0.202839,0.001263,0.382682,0.001736,0.076437,0.001180,0.173542,0.001640,0.396043,0.002855,80
periodic_bayes_update,bin_packing_recovery,nominal,in_distribution,0.587122,0.003671,0.305809,0.004989,0.181943,0.002102,0.203073,0.002278,0.454935,0.002268,0.445548,0.002593,0.175358,0.001399,0.235167,0.001690,0.078514,0.001592,0.138868,0.001376,0.396093,0.002941,80
periodic_bayes_update,bin_packing_recovery,nominal,long_horizon_recovery,0.532434,0.003907,0.111517,0.004798,0.206453,0.002230,0.303653,0.002289,0.439787,0.002684,0.396872,0.002643,0.186690,0.001372,0.332601,0.001436,0.076337,0.001235,0.157254,0.001383,0.396365,0.002695,80
periodic_bayes_update,bin_packing_recovery,nominal,new_operator_interventions,0.553941,0.004013,0.187952,0.005076,0.201338,0.002524,0.261708,0.001949,0.434064,0.002526,0.435242,0.002466,0.188695,0.001275,0.274097,0.001361,0.077619,0.001378,0.151633,0.001418,0.395219,0.002755,80
periodic_bayes_update,bin_packing_recovery,nominal,sparse_feedback,0.522464,0.003774,0.077933,0.004408,0.242629,0.002323,0.293857,0.002034,0.425526,0.002769,0.423800,0.002202,0.194372,0.001165,0.342049,0.001853,0.075875,0.001342,0.164005,0.001388,0.396252,0.002623,80
periodic_bayes_update,bin_packing_recovery,physical_rule_violation,combined_stress,0.404898,0.003761,-0.354304,0.004857,0.310263,0.002621,0.506543,0.002267,0.361629,0.002812,0.299420,0.002929,0.255194,0.001559,0.396582,0.001452,0.078048,0.001511,0.214965,0.001400,0.359221,0.002267,80
periodic_bayes_update,bin_packing_recovery,physical_rule_violation,in_distribution,0.496943,0.004330,-0.018491,0.004928,0.248418,0.002271,0.347120,0.002230,0.404688,0.002460,0.352504,0.002517,0.226898,0.001181,0.249067,0.001579,0.076487,0.001292,0.179705,0.001179,0.357297,0.002612,80
periodic_bayes_update,bin_packing_recovery,physical_rule_violation,long_horizon_recovery,0.445603,0.003626,-0.217117,0.004905,0.275620,0.002442,0.450726,0.002394,0.387321,0.002888,0.300655,0.002468,0.239215,0.001402,0.347089,0.001543,0.077340,0.001448,0.200376,0.001497,0.355874,0.002715,80
periodic_bayes_update,bin_packing_recovery,physical_rule_violation,new_operator_interventions,0.465530,0.004093,-0.138247,0.004400,0.271452,0.001876,0.407438,0.002262,0.383238,0.002640,0.340170,0.002875,0.239678,0.001397,0.289704,0.001444,0.075666,0.001269,0.191904,0.001203,0.358504,0.002505,80
periodic_bayes_update,bin_packing_recovery,physical_rule_violation,sparse_feedback,0.438489,0.004138,-0.245499,0.004819,0.312019,0.002283,0.439719,0.002388,0.373444,0.002412,0.331515,0.002789,0.247504,0.001326,0.356454,0.001506,0.076810,0.001503,0.205269,0.001572,0.359332,0.002674,80
periodic_bayes_update,deformable_contact_replan,actuator_model_break,combined_stress,0.394483,0.004136,-0.398040,0.004498,0.312740,0.002370,0.540283,0.002138,0.358560,0.002671,0.275726,0.002535,0.256228,0.001220,0.395299,0.001239,0.079095,0.001538,0.218529,0.001427,0.356124,0.002543,80
periodic_bayes_update,deformable_contact_replan,actuator_model_break,in_distribution,0.486963,0.004532,-0.059985,0.005049,0.249101,0.002285,0.380676,0.002267,0.402496,0.002660,0.329107,0.002626,0.227957,0.001184,0.249588,0.001377,0.075779,0.001219,0.183415,0.001446,0.359164,0.002613,80
periodic_bayes_update,deformable_contact_replan,actuator_model_break,long_horizon_recovery,0.429176,0.004348,-0.265105,0.004960,0.276166,0.001980,0.484235,0.002106,0.385754,0.002759,0.279091,0.002563,0.241969,0.001240,0.348383,0.001618,0.077006,0.001474,0.202389,0.001312,0.357106,0.002639,80
periodic_bayes_update,deformable_contact_replan,actuator_model_break,new_operator_interventions,0.454975,0.003792,-0.182205,0.004392,0.270213,0.002026,0.441603,0.002126,0.382289,0.002777,0.317223,0.002850,0.243834,0.001103,0.290452,0.001540,0.076552,0.001322,0.195393,0.001267,0.354879,0.002564,80
periodic_bayes_update,deformable_contact_replan,actuator_model_break,sparse_feedback,0.421726,0.004126,-0.289156,0.004906,0.311671,0.002443,0.470116,0.002270,0.374107,0.002355,0.311015,0.002777,0.249352,0.001341,0.355481,0.001565,0.076199,0.001283,0.207022,0.001474,0.358080,0.002565,80
periodic_bayes_update,deformable_contact_replan,combined_intervention_stress,combined_stress,0.300206,0.004188,-0.755131,0.004929,0.494407,0.002181,0.607773,0.002326,0.235721,0.002512,0.237426,0.002148,0.280218,0.001354,0.424886,0.001548,0.084634,0.001890,0.293346,0.001446,0.261936,0.002589,80
periodic_bayes_update,deformable_contact_replan,combined_intervention_stress,in_distribution,0.395204,0.004443,-0.416850,0.005142,0.432817,0.002199,0.447400,0.002185,0.281329,0.002637,0.286164,0.002391,0.252724,0.001305,0.279464,0.001578,0.078466,0.001532,0.259516,0.001356,0.262144,0.002338,80
periodic_bayes_update,deformable_contact_replan,combined_intervention_stress,long_horizon_recovery,0.336782,0.004465,-0.621139,0.005021,0.458014,0.002046,0.551542,0.002016,0.261359,0.002395,0.237189,0.002768,0.264602,0.001272,0.377759,0.001434,0.081183,0.001877,0.279864,0.001506,0.264659,0.002997,80
periodic_bayes_update,deformable_contact_replan,combined_intervention_stress,new_operator_interventions,0.356544,0.003896,-0.541083,0.004764,0.453069,0.002058,0.506825,0.002534,0.256816,0.002830,0.276026,0.002825,0.264734,0.001269,0.319079,0.001461,0.081172,0.001662,0.271185,0.001451,0.265234,0.002593,80
periodic_bayes_update,deformable_contact_replan,combined_intervention_stress,sparse_feedback,0.329306,0.003633,-0.650643,0.005025,0.496115,0.002547,0.538954,0.002249,0.248420,0.002536,0.262832,0.002509,0.272838,0.001385,0.385981,0.001621,0.081026,0.001993,0.284321,0.001563,0.264705,0.002549,80
periodic_bayes_update,deformable_contact_replan,contact_precondition_failure,combined_stress,0.410058,0.003311,-0.352748,0.004129,0.301199,0.002185,0.523905,0.002169,0.370706,0.002319,0.288159,0.002573,0.252715,0.001313,0.393260,0.001528,0.078374,0.001615,0.214260,0.001434,0.363742,0.002370,80
periodic_bayes_update,deformable_contact_replan,contact_precondition_failure,in_distribution,0.501446,0.003831,-0.014419,0.004794,0.240256,0.002447,0.362470,0.002324,0.414897,0.002713,0.342584,0.002236,0.222094,0.001407,0.247573,0.001508,0.075167,0.001243,0.179323,0.001540,0.365337,0.002820,80
periodic_bayes_update,deformable_contact_replan,contact_precondition_failure,long_horizon_recovery,0.444056,0.003786,-0.220249,0.004424,0.266147,0.002070,0.469314,0.002144,0.395138,0.002688,0.291426,0.002991,0.234901,0.001214,0.343346,0.001470,0.076656,0.001243,0.198676,0.001476,0.363339,0.002712,80
periodic_bayes_update,deformable_contact_replan,contact_precondition_failure,new_operator_interventions,0.466953,0.004177,-0.133775,0.005063,0.257901,0.002525,0.422660,0.002374,0.392117,0.002511,0.331575,0.002566,0.235634,0.001380,0.285445,0.001792,0.074852,0.001081,0.191262,0.001315,0.364890,0.002640,80
periodic_bayes_update,deformable_contact_replan,contact_precondition_failure,sparse_feedback,0.435164,0.003135,-0.247331,0.004254,0.301027,0.002338,0.454855,0.001789,0.384152,0.002613,0.319478,0.002634,0.242581,0.001205,0.353570,0.001495,0.075469,0.001441,0.204724,0.001554,0.364261,0.003009,80
periodic_bayes_update,deformable_contact_replan,environment_change_intervention,combined_stress,0.378706,0.003467,-0.454196,0.004687,0.332684,0.002152,0.557705,0.002225,0.345867,0.002708,0.268168,0.002388,0.263750,0.001348,0.397956,0.001597,0.077899,0.001527,0.229233,0.001422,0.345510,0.002725,80
periodic_bayes_update,deformable_contact_replan,environment_change_intervention,in_distribution,0.473107,0.004056,-0.116297,0.004293,0.271815,0.002202,0.399082,0.002303,0.388810,0.002722,0.321346,0.002466,0.233687,0.001229,0.253017,0.001324,0.074821,0.001259,0.194946,0.001350,0.348098,0.002635,80
periodic_bayes_update,deformable_contact_replan,environment_change_intervention,long_horizon_recovery,0.418805,0.003531,-0.316221,0.004482,0.299301,0.001894,0.499877,0.002220,0.370791,0.002005,0.268651,0.002681,0.247199,0.001255,0.349713,0.001587,0.075596,0.001626,0.214199,0.001307,0.347277,0.002608,80
periodic_bayes_update,deformable_contact_replan,environment_change_intervention,new_operator_interventions,0.437704,0.003647,-0.236235,0.004519,0.291379,0.002097,0.456122,0.002206,0.368851,0.002824,0.308322,0.002691,0.247396,0.001356,0.292455,0.001476,0.076294,0.001309,0.207132,0.001241,0.348185,0.002375,80
periodic_bayes_update,deformable_contact_replan,environment_change_intervention,sparse_feedback,0.412897,0.003801,-0.341519,0.004388,0.333086,0.002010,0.488068,0.002089,0.360163,0.002556,0.299071,0.002595,0.253965,0.001308,0.360713,0.001367,0.078440,0.001473,0.220071,0.001540,0.345266,0.002558,80
periodic_bayes_update,deformable_contact_replan,false_human_hint,combined_stress,0.413772,0.003647,-0.339307,0.004831,0.391806,0.002256,0.437511,0.002113,0.311224,0.002449,0.346789,0.002286,0.219395,0.001330,0.404542,0.001652,0.077885,0.001529,0.238462,0.001375,0.322630,0.002547,80
periodic_bayes_update,deformable_contact_replan,false_human_hint,in_distribution,0.505246,0.003820,-0.001830,0.004841,0.328566,0.002082,0.276369,0.002261,0.355054,0.002498,0.400310,0.002394,0.190161,0.001365,0.258232,0.001440,0.076650,0.001454,0.204083,0.001526,0.320175,0.002643,80
periodic_bayes_update,deformable_contact_replan,false_human_hint,long_horizon_recovery,0.452275,0.003976,-0.201604,0.004862,0.357522,0.002308,0.378605,0.001777,0.337125,0.002438,0.346526,0.002652,0.202543,0.001241,0.352687,0.001481,0.075569,0.001237,0.225407,0.001484,0.320214,0.002589,80
periodic_bayes_update,deformable_contact_replan,false_human_hint,new_operator_interventions,0.469386,0.003775,-0.124210,0.004384,0.349554,0.001992,0.332907,0.002467,0.333562,0.002734,0.387335,0.002362,0.205315,0.001191,0.297549,0.001530,0.076488,0.001230,0.217171,0.001444,0.319800,0.002729,80
periodic_bayes_update,deformable_contact_replan,false_human_hint,sparse_feedback,0.437853,0.003895,-0.234767,0.005051,0.390751,0.002064,0.367684,0.002164,0.328078,0.002890,0.378018,0.002669,0.210329,0.001302,0.363495,0.001554,0.076335,0.001254,0.230763,0.001452,0.320123,0.002878,80
periodic_bayes_update,deformable_contact_replan,noisy_observation,combined_stress,0.445073,0.003939,-0.203772,0.004818,0.317791,0.002059,0.411683,0.002100,0.354835,0.002829,0.360581,0.002536,0.210376,0.001414,0.399757,0.001732,0.077152,0.001372,0.199887,0.001390,0.355680,0.002603,80
periodic_bayes_update,deformable_contact_replan,noisy_observation,in_distribution,0.538007,0.003538,0.134250,0.004078,0.253931,0.002313,0.251687,0.002008,0.398978,0.002440,0.412682,0.002578,0.181483,0.001332,0.254078,0.001688,0.076616,0.001289,0.165156,0.001372,0.354924,0.002483,80
periodic_bayes_update,deformable_contact_replan,noisy_observation,long_horizon_recovery,0.484959,0.004195,-0.065399,0.004809,0.281074,0.001983,0.356106,0.002295,0.379866,0.002257,0.363134,0.002302,0.194407,0.001143,0.350744,0.001462,0.075367,0.001338,0.184160,0.001493,0.354126,0.002345,80
periodic_bayes_update,deformable_contact_replan,noisy_observation,new_operator_interventions,0.505831,0.003880,0.016310,0.004012,0.274911,0.002163,0.311555,0.002114,0.378531,0.002594,0.404299,0.002455,0.195990,0.001249,0.291786,0.001623,0.074686,0.001145,0.176793,0.001588,0.355038,0.002568,80
periodic_bayes_update,deformable_contact_replan,noisy_observation,sparse_feedback,0.477202,0.003858,-0.091097,0.004867,0.313830,0.002079,0.343467,0.002138,0.367847,0.002940,0.392390,0.002937,0.202475,0.001545,0.360287,0.001362,0.074824,0.001142,0.188622,0.001492,0.352796,0.002567,80
periodic_bayes_update,deformable_contact_replan,nominal,combined_stress,0.496529,0.003586,-0.020891,0.004422,0.243215,0.002253,0.361360,0.002152,0.408619,0.002781,0.391938,0.002320,0.194829,0.001461,0.381244,0.001322,0.075791,0.001222,0.173801,0.001285,0.395155,0.002592,80
periodic_bayes_update,deformable_contact_replan,nominal,in_distribution,0.590083,0.003911,0.318623,0.004965,0.181401,0.002282,0.200269,0.002454,0.454104,0.002692,0.446486,0.002500,0.163835,0.001388,0.236215,0.001566,0.079824,0.001838,0.139123,0.001350,0.395604,0.002659,80
periodic_bayes_update,deformable_contact_replan,nominal,long_horizon_recovery,0.536089,0.003940,0.117901,0.005075,0.207499,0.002312,0.305289,0.002174,0.435970,0.002534,0.393918,0.002450,0.177725,0.001421,0.333558,0.001605,0.074942,0.001132,0.157793,0.001459,0.395391,0.002760,80
periodic_bayes_update,deformable_contact_replan,nominal,new_operator_interventions,0.554532,0.004260,0.199059,0.005173,0.200509,0.001969,0.259198,0.001966,0.436272,0.002385,0.435183,0.002509,0.177865,0.001174,0.275234,0.001324,0.078398,0.001478,0.151016,0.001458,0.396551,0.002338,80
periodic_bayes_update,deformable_contact_replan,nominal,sparse_feedback,0.527641,0.003861,0.090258,0.005027,0.243071,0.002195,0.292984,0.002509,0.426471,0.002609,0.424267,0.002479,0.185392,0.001396,0.341498,0.001514,0.075983,0.001297,0.164020,0.001506,0.396272,0.002551,80
periodic_bayes_update,deformable_contact_replan,physical_rule_violation,combined_stress,0.406759,0.003993,-0.348763,0.004895,0.313749,0.002381,0.508101,0.002328,0.363325,0.002929,0.298859,0.002528,0.246129,0.001356,0.394169,0.001367,0.077012,0.001452,0.215842,0.001530,0.356128,0.002560,80
periodic_bayes_update,deformable_contact_replan,physical_rule_violation,in_distribution,0.499221,0.004097,-0.008197,0.004875,0.250228,0.002370,0.345267,0.001996,0.404899,0.002313,0.353723,0.002660,0.216290,0.001237,0.248815,0.001240,0.076488,0.001409,0.180386,0.001530,0.358790,0.002573,80
periodic_bayes_update,deformable_contact_replan,physical_rule_violation,long_horizon_recovery,0.448399,0.003545,-0.206956,0.004238,0.277065,0.002085,0.450930,0.002125,0.386828,0.002750,0.300374,0.002609,0.228527,0.001291,0.347383,0.001390,0.075759,0.001388,0.199330,0.001369,0.358530,0.002917,80
periodic_bayes_update,deformable_contact_replan,physical_rule_violation,new_operator_interventions,0.466724,0.004457,-0.130364,0.005080,0.269307,0.001980,0.409822,0.002146,0.384917,0.002597,0.340838,0.002456,0.230289,0.001337,0.290281,0.001431,0.075004,0.001332,0.192896,0.001329,0.360256,0.002238,80
periodic_bayes_update,deformable_contact_replan,physical_rule_violation,sparse_feedback,0.442124,0.004186,-0.234163,0.005104,0.313085,0.001943,0.439643,0.002353,0.375755,0.002215,0.332800,0.002878,0.236284,0.001640,0.355684,0.001651,0.076718,0.001320,0.207343,0.001650,0.360512,0.002828,80
periodic_bayes_update,mobile_base_intervention,actuator_model_break,combined_stress,0.399334,0.003570,-0.373024,0.004372,0.312429,0.001750,0.541950,0.002222,0.359353,0.002503,0.279369,0.002758,0.227897,0.001287,0.398245,0.001289,0.079215,0.001568,0.216968,0.001386,0.355930,0.003157,80
periodic_bayes_update,mobile_base_intervention,actuator_model_break,in_distribution,0.493567,0.003335,-0.030087,0.004747,0.250582,0.002224,0.379074,0.002025,0.404786,0.002871,0.331132,0.002992,0.197468,0.001316,0.250884,0.001564,0.075022,0.001253,0.181815,0.001385,0.357064,0.002459,80
periodic_bayes_update,mobile_base_intervention,actuator_model_break,long_horizon_recovery,0.439899,0.003954,-0.231671,0.004674,0.276481,0.002341,0.484091,0.002249,0.386589,0.002488,0.278030,0.002599,0.210200,0.001233,0.347818,0.001563,0.076425,0.001478,0.202893,0.001617,0.358391,0.002499,80
periodic_bayes_update,mobile_base_intervention,actuator_model_break,new_operator_interventions,0.457953,0.004163,-0.157867,0.004413,0.272932,0.002422,0.439581,0.002108,0.383162,0.002638,0.316863,0.002461,0.213966,0.001346,0.291635,0.001510,0.076302,0.001434,0.195237,0.001438,0.357367,0.002828,80
periodic_bayes_update,mobile_base_intervention,actuator_model_break,sparse_feedback,0.432301,0.003651,-0.259719,0.004855,0.311618,0.002351,0.473862,0.001897,0.373702,0.002571,0.309369,0.002786,0.217643,0.001445,0.357429,0.001578,0.077202,0.001429,0.207358,0.001437,0.359481,0.002257,80
periodic_bayes_update,mobile_base_intervention,combined_intervention_stress,combined_stress,0.302739,0.004195,-0.732086,0.005281,0.493493,0.002165,0.607525,0.002319,0.233540,0.002845,0.235234,0.002091,0.251352,0.001376,0.427261,0.001612,0.083470,0.001583,0.293146,0.001597,0.265390,0.002833,80
periodic_bayes_update,mobile_base_intervention,combined_intervention_stress,in_distribution,0.403046,0.004131,-0.385253,0.004850,0.431504,0.002372,0.447569,0.002244,0.282871,0.002607,0.286500,0.002888,0.222271,0.001241,0.279337,0.001586,0.077542,0.001549,0.258345,0.001375,0.263503,0.002919,80
periodic_bayes_update,mobile_base_intervention,combined_intervention_stress,long_horizon_recovery,0.348745,0.003603,-0.590045,0.004030,0.460403,0.002355,0.550873,0.002059,0.258122,0.002843,0.236936,0.002602,0.234726,0.001262,0.377873,0.001563,0.082447,0.001899,0.279818,0.001441,0.264328,0.002377,80
periodic_bayes_update,mobile_base_intervention,combined_intervention_stress,new_operator_interventions,0.365157,0.003997,-0.509558,0.005185,0.450881,0.002167,0.507070,0.002132,0.258791,0.003372,0.278321,0.002254,0.236264,0.001272,0.319301,0.001737,0.079493,0.001940,0.271217,0.001308,0.266817,0.002651,80
periodic_bayes_update,mobile_base_intervention,combined_intervention_stress,sparse_feedback,0.337970,0.003538,-0.618304,0.004763,0.491940,0.001926,0.540500,0.002090,0.246891,0.002859,0.268163,0.002734,0.243484,0.001194,0.384866,0.001631,0.082459,0.001754,0.283310,0.001398,0.264443,0.002542,80
periodic_bayes_update,mobile_base_intervention,contact_precondition_failure,combined_stress,0.414156,0.003973,-0.326511,0.005032,0.299812,0.002282,0.526261,0.002371,0.368862,0.002451,0.289686,0.002351,0.220620,0.001338,0.393610,0.001605,0.078841,0.001668,0.213955,0.001399,0.364386,0.002231,80
periodic_bayes_update,mobile_base_intervention,contact_precondition_failure,in_distribution,0.508970,0.003810,0.013730,0.004325,0.239657,0.001895,0.364369,0.002120,0.411551,0.002818,0.342928,0.002493,0.191174,0.001339,0.246784,0.001436,0.075116,0.001250,0.179354,0.001245,0.365303,0.002301,80
periodic_bayes_update,mobile_base_intervention,contact_precondition_failure,long_horizon_recovery,0.448939,0.003962,-0.191488,0.004529,0.263763,0.002007,0.466437,0.002228,0.393818,0.002828,0.289284,0.002147,0.205458,0.001370,0.344020,0.001530,0.075999,0.001168,0.198762,0.001422,0.364875,0.002741,80
periodic_bayes_update,mobile_base_intervention,contact_precondition_failure,new_operator_interventions,0.473484,0.003534,-0.108499,0.004323,0.259357,0.002344,0.423764,0.002221,0.391915,0.002534,0.332442,0.002884,0.206148,0.001271,0.286589,0.001525,0.076100,0.001343,0.191710,0.001360,0.364041,0.002830,80
periodic_bayes_update,mobile_base_intervention,contact_precondition_failure,sparse_feedback,0.443440,0.003675,-0.218517,0.004837,0.299942,0.002194,0.457910,0.002210,0.383097,0.002912,0.321825,0.002453,0.212550,0.001374,0.354301,0.001181,0.075824,0.001215,0.204116,0.001263,0.367165,0.002221,80
periodic_bayes_update,mobile_base_intervention,environment_change_intervention,combined_stress,0.387193,0.003739,-0.426549,0.004618,0.333648,0.001947,0.559320,0.002250,0.345256,0.002583,0.267193,0.002985,0.233228,0.001142,0.399091,0.001478,0.079290,0.001625,0.229746,0.001349,0.347832,0.002875,80
periodic_bayes_update,mobile_base_intervention,environment_change_intervention,in_distribution,0.480006,0.003884,-0.086307,0.004818,0.270030,0.002301,0.397533,0.002343,0.389476,0.002562,0.319759,0.003037,0.203947,0.001310,0.253642,0.001548,0.075104,0.001272,0.194531,0.001213,0.346702,0.002700,80
periodic_bayes_update,mobile_base_intervention,environment_change_intervention,long_horizon_recovery,0.430311,0.003850,-0.280889,0.004572,0.296487,0.002337,0.499982,0.002013,0.371193,0.002390,0.270122,0.002325,0.216466,0.001512,0.351051,0.001782,0.076858,0.001498,0.213767,0.001509,0.349850,0.002711,80
periodic_bayes_update,mobile_base_intervention,environment_change_intervention,new_operator_interventions,0.446748,0.003424,-0.208265,0.004164,0.292299,0.001942,0.458300,0.002027,0.370235,0.002865,0.309833,0.002774,0.218199,0.001381,0.294047,0.001471,0.076373,0.001296,0.207455,0.001261,0.348985,0.002706,80
periodic_bayes_update,mobile_base_intervention,environment_change_intervention,sparse_feedback,0.415631,0.004274,-0.315798,0.005221,0.332782,0.002296,0.487839,0.002190,0.360275,0.002820,0.299688,0.002301,0.224320,0.001414,0.358212,0.001477,0.078237,0.001710,0.219459,0.001597,0.347643,0.002348,80
periodic_bayes_update,mobile_base_intervention,false_human_hint,combined_stress,0.418333,0.003555,-0.308576,0.004781,0.389060,0.002138,0.433351,0.002693,0.314199,0.002317,0.346989,0.002743,0.190226,0.001330,0.402729,0.001362,0.077198,0.001524,0.240107,0.001452,0.322311,0.002747,80
periodic_bayes_update,mobile_base_intervention,false_human_hint,in_distribution,0.517119,0.003895,0.033320,0.004702,0.327737,0.002158,0.274926,0.002330,0.356970,0.002347,0.397675,0.002556,0.160123,0.001370,0.256965,0.001660,0.075367,0.001278,0.204595,0.001464,0.321304,0.002328,80
periodic_bayes_update,mobile_base_intervention,false_human_hint,long_horizon_recovery,0.455736,0.004157,-0.173401,0.004634,0.353282,0.002380,0.378666,0.002204,0.336871,0.002774,0.348252,0.002820,0.172259,0.001342,0.354349,0.001710,0.076185,0.001272,0.224112,0.001427,0.321351,0.002418,80
periodic_bayes_update,mobile_base_intervention,false_human_hint,new_operator_interventions,0.480276,0.004072,-0.088658,0.005045,0.348964,0.002455,0.330846,0.002122,0.334579,0.002610,0.388657,0.002701,0.174356,0.001336,0.297517,0.001659,0.075036,0.001157,0.217453,0.001505,0.320464,0.002350,80
periodic_bayes_update,mobile_base_intervention,false_human_hint,sparse_feedback,0.451219,0.004442,-0.199398,0.005144,0.387754,0.002184,0.366546,0.002322,0.321888,0.002486,0.376881,0.002723,0.181858,0.001372,0.363675,0.001639,0.076896,0.001646,0.228528,0.001391,0.320840,0.002696,80
periodic_bayes_update,mobile_base_intervention,noisy_observation,combined_stress,0.448695,0.003639,-0.176929,0.004425,0.316042,0.002022,0.410592,0.002350,0.352931,0.002799,0.361034,0.002962,0.181120,0.001276,0.398187,0.001554,0.075644,0.001385,0.199086,0.001393,0.352601,0.002755,80
periodic_bayes_update,mobile_base_intervention,noisy_observation,in_distribution,0.548343,0.003944,0.162247,0.004752,0.257862,0.002253,0.253170,0.002506,0.396185,0.002419,0.414576,0.002493,0.152339,0.001221,0.254135,0.001557,0.074738,0.001215,0.164521,0.001496,0.354796,0.002867,80
periodic_bayes_update,mobile_base_intervention,noisy_observation,long_horizon_recovery,0.493719,0.003435,-0.032899,0.004443,0.278951,0.002178,0.355168,0.001987,0.380110,0.002845,0.362791,0.002371,0.164117,0.001288,0.350919,0.001554,0.074193,0.001103,0.184095,0.001442,0.353446,0.002736,80
periodic_bayes_update,mobile_base_intervention,noisy_observation,new_operator_interventions,0.510902,0.003918,0.044002,0.004479,0.274020,0.002022,0.309536,0.002168,0.376034,0.002651,0.405422,0.002705,0.166156,0.001290,0.293753,0.001578,0.075352,0.001302,0.175486,0.001360,0.352268,0.002504,80
periodic_bayes_update,mobile_base_intervention,noisy_observation,sparse_feedback,0.481497,0.003793,-0.068270,0.004656,0.318651,0.002359,0.343356,0.002372,0.369429,0.002432,0.392695,0.002803,0.172414,0.001373,0.359909,0.001647,0.076426,0.001399,0.188872,0.001276,0.350456,0.002686,80
periodic_bayes_update,mobile_base_intervention,nominal,combined_stress,0.501391,0.003781,0.007103,0.004733,0.242934,0.002445,0.361363,0.002183,0.414274,0.002392,0.393941,0.002478,0.164049,0.001388,0.383844,0.001648,0.075344,0.001219,0.174256,0.001534,0.393915,0.002953,80
periodic_bayes_update,mobile_base_intervention,nominal,in_distribution,0.596889,0.004245,0.347642,0.004540,0.180817,0.001962,0.199628,0.002313,0.454573,0.002336,0.442514,0.002575,0.134041,0.001248,0.235225,0.001468,0.079509,0.001658,0.137124,0.001530,0.392480,0.002527,80
periodic_bayes_update,mobile_base_intervention,nominal,long_horizon_recovery,0.537985,0.004392,0.141584,0.004768,0.209039,0.002417,0.305914,0.002027,0.438316,0.002791,0.395514,0.002830,0.145859,0.001158,0.333803,0.001722,0.076712,0.001345,0.157917,0.001535,0.393678,0.003110,80
periodic_bayes_update,mobile_base_intervention,nominal,new_operator_interventions,0.563814,0.003940,0.231412,0.004522,0.199521,0.002152,0.257551,0.002058,0.435235,0.002630,0.433505,0.002762,0.148353,0.001419,0.275388,0.001642,0.077327,0.001640,0.149714,0.001642,0.397956,0.002853,80
periodic_bayes_update,mobile_base_intervention,nominal,sparse_feedback,0.532531,0.004483,0.116388,0.005167,0.242560,0.002033,0.293845,0.002189,0.424184,0.002792,0.426477,0.002497,0.154735,0.001345,0.341852,0.001659,0.075709,0.001295,0.164418,0.001547,0.394459,0.002704,80
periodic_bayes_update,mobile_base_intervention,physical_rule_violation,combined_stress,0.414526,0.003828,-0.317723,0.004529,0.312542,0.002258,0.508303,0.002297,0.361126,0.002806,0.297444,0.003073,0.214835,0.001385,0.394988,0.001433,0.077105,0.001663,0.213396,0.001556,0.359467,0.002363,80
periodic_bayes_update,mobile_base_intervention,physical_rule_violation,in_distribution,0.512992,0.004132,0.024598,0.005166,0.250876,0.002104,0.347169,0.001862,0.405607,0.002255,0.352622,0.002471,0.187141,0.001286,0.249813,0.001427,0.075601,0.001401,0.179737,0.001317,0.358082,0.002276,80
periodic_bayes_update,mobile_base_intervention,physical_rule_violation,long_horizon_recovery,0.457973,0.004049,-0.173718,0.005279,0.275015,0.002133,0.451439,0.002408,0.388887,0.002730,0.302768,0.002747,0.198749,0.001135,0.346470,0.001363,0.075948,0.001435,0.198965,0.001306,0.359791,0.002676,80
periodic_bayes_update,mobile_base_intervention,physical_rule_violation,new_operator_interventions,0.478492,0.003675,-0.096105,0.004164,0.271033,0.002110,0.406871,0.002038,0.382436,0.002401,0.342202,0.002503,0.200430,0.001243,0.289045,0.001607,0.075542,0.001346,0.192100,0.001293,0.360051,0.002561,80
periodic_bayes_update,mobile_base_intervention,physical_rule_violation,sparse_feedback,0.448982,0.004296,-0.205266,0.005143,0.311518,0.002416,0.439644,0.002359,0.373159,0.002610,0.331859,0.002402,0.206421,0.001457,0.356433,0.001566,0.076984,0.001341,0.204823,0.001387,0.357740,0.002594,80
periodic_bayes_update,occluded_drawer_recovery,actuator_model_break,combined_stress,0.404657,0.004256,-0.359948,0.004522,0.313015,0.002166,0.541351,0.002180,0.358139,0.002406,0.279414,0.002918,0.217361,0.001291,0.396510,0.001636,0.078762,0.001646,0.217514,0.001290,0.357801,0.002663,80
periodic_bayes_update,occluded_drawer_recovery,actuator_model_break,in_distribution,0.498856,0.004021,-0.018215,0.004574,0.248752,0.002075,0.380476,0.002211,0.403962,0.002644,0.328956,0.002510,0.188536,0.001421,0.249080,0.001506,0.075597,0.001359,0.181317,0.001280,0.359240,0.002419,80
periodic_bayes_update,occluded_drawer_recovery,actuator_model_break,long_horizon_recovery,0.441863,0.003581,-0.222669,0.004414,0.276282,0.002047,0.484922,0.002453,0.386787,0.002657,0.277468,0.002730,0.200661,0.001282,0.347469,0.001520,0.076452,0.001343,0.201346,0.001318,0.358486,0.002614,80
periodic_bayes_update,occluded_drawer_recovery,actuator_model_break,new_operator_interventions,0.461863,0.003761,-0.144102,0.005123,0.270258,0.002115,0.439062,0.002286,0.381468,0.002506,0.317196,0.002934,0.202768,0.001558,0.291960,0.001410,0.075599,0.001307,0.195124,0.001475,0.358149,0.002552,80
periodic_bayes_update,occluded_drawer_recovery,actuator_model_break,sparse_feedback,0.435843,0.004354,-0.248007,0.004620,0.311019,0.001746,0.472537,0.002190,0.372911,0.002697,0.310525,0.002953,0.207844,0.001052,0.357294,0.001472,0.076537,0.001328,0.207769,0.001468,0.357747,0.002489,80
periodic_bayes_update,occluded_drawer_recovery,combined_intervention_stress,combined_stress,0.312446,0.004060,-0.713461,0.005118,0.493593,0.002030,0.606810,0.002398,0.236211,0.002692,0.235344,0.002560,0.240735,0.001322,0.425190,0.001637,0.084649,0.002105,0.292795,0.001581,0.264518,0.002446,80
periodic_bayes_update,occluded_drawer_recovery,combined_intervention_stress,in_distribution,0.400577,0.004250,-0.381458,0.005018,0.432687,0.002020,0.446169,0.002078,0.277444,0.002790,0.287358,0.002631,0.212764,0.001317,0.278536,0.001534,0.077433,0.001652,0.258608,0.001505,0.264666,0.002740,80
periodic_bayes_update,occluded_drawer_recovery,combined_intervention_stress,long_horizon_recovery,0.350847,0.004378,-0.580625,0.005033,0.458232,0.002170,0.554347,0.001791,0.259995,0.002454,0.236397,0.002668,0.224310,0.001343,0.376890,0.001682,0.083158,0.001658,0.278792,0.001336,0.265054,0.002612,80
periodic_bayes_update,occluded_drawer_recovery,combined_intervention_stress,new_operator_interventions,0.368220,0.003369,-0.498422,0.003863,0.450873,0.002117,0.506710,0.002151,0.257897,0.002722,0.276743,0.002530,0.225276,0.001186,0.319564,0.001599,0.078261,0.001549,0.270527,0.001328,0.267402,0.002794,80
periodic_bayes_update,occluded_drawer_recovery,combined_intervention_stress,sparse_feedback,0.338612,0.003937,-0.613777,0.004518,0.493721,0.002282,0.541676,0.002107,0.248538,0.002343,0.264852,0.002407,0.233356,0.001359,0.385865,0.001545,0.081941,0.001589,0.284966,0.001344,0.261622,0.002874,80
periodic_bayes_update,occluded_drawer_recovery,contact_precondition_failure,combined_stress,0.415847,0.004418,-0.318348,0.004919,0.302147,0.002204,0.524250,0.002356,0.367168,0.002398,0.291910,0.002705,0.211801,0.001094,0.394614,0.001375,0.077593,0.001512,0.213330,0.001182,0.363007,0.002542,80
periodic_bayes_update,occluded_drawer_recovery,contact_precondition_failure,in_distribution,0.506796,0.003434,0.018425,0.003992,0.240579,0.002302,0.362930,0.002012,0.413967,0.002915,0.341532,0.002521,0.181546,0.001196,0.247478,0.001527,0.075196,0.001319,0.180387,0.001530,0.363455,0.002686,80
periodic_bayes_update,occluded_drawer_recovery,contact_precondition_failure,long_horizon_recovery,0.456305,0.003793,-0.177969,0.004752,0.266798,0.002116,0.465598,0.002358,0.394322,0.002561,0.289723,0.002712,0.193994,0.001468,0.344290,0.001279,0.075757,0.001311,0.200031,0.001678,0.361655,0.002656,80
periodic_bayes_update,occluded_drawer_recovery,contact_precondition_failure,new_operator_interventions,0.474789,0.004269,-0.099702,0.005343,0.258276,0.002128,0.424138,0.002345,0.393491,0.002355,0.331333,0.002682,0.196273,0.001396,0.287449,0.001657,0.075784,0.001160,0.191665,0.001545,0.364107,0.002419,80
periodic_bayes_update,occluded_drawer_recovery,contact_precondition_failure,sparse_feedback,0.443544,0.003772,-0.208560,0.004487,0.301150,0.002007,0.453131,0.001927,0.383383,0.002600,0.321607,0.002653,0.202187,0.001166,0.353458,0.001821,0.076601,0.001385,0.204349,0.001506,0.365266,0.002238,80
periodic_bayes_update,occluded_drawer_recovery,environment_change_intervention,combined_stress,0.390092,0.003742,-0.415013,0.004639,0.331171,0.002231,0.557127,0.002172,0.343593,0.002931,0.265004,0.002649,0.224112,0.001294,0.399710,0.001555,0.081240,0.001776,0.228698,0.001513,0.348343,0.002489,80
periodic_bayes_update,occluded_drawer_recovery,environment_change_intervention,in_distribution,0.481308,0.004034,-0.078972,0.004760,0.271759,0.002159,0.396395,0.002303,0.388501,0.002619,0.321301,0.002880,0.195226,0.001244,0.253516,0.001557,0.075909,0.001269,0.194468,0.001507,0.347221,0.002327,80
periodic_bayes_update,occluded_drawer_recovery,environment_change_intervention,long_horizon_recovery,0.429507,0.003910,-0.276542,0.004579,0.297266,0.002069,0.500626,0.001813,0.372072,0.002976,0.267649,0.002963,0.207209,0.001540,0.350627,0.001489,0.077659,0.001504,0.213199,0.001468,0.345331,0.002569,80
periodic_bayes_update,occluded_drawer_recovery,environment_change_intervention,new_operator_interventions,0.445936,0.004107,-0.202165,0.004685,0.293093,0.002098,0.456304,0.002475,0.369773,0.002844,0.306893,0.002619,0.208697,0.001449,0.292514,0.001538,0.077031,0.001492,0.208194,0.001442,0.348500,0.002684,80
periodic_bayes_update,occluded_drawer_recovery,environment_change_intervention,sparse_feedback,0.415568,0.003849,-0.311524,0.004354,0.333902,0.002192,0.490253,0.002009,0.360248,0.002724,0.298006,0.002921,0.213681,0.001357,0.360738,0.001704,0.077412,0.001518,0.219410,0.001534,0.346714,0.002546,80
periodic_bayes_update,occluded_drawer_recovery,false_human_hint,combined_stress,0.419417,0.004551,-0.302084,0.005670,0.391229,0.002279,0.433988,0.002243,0.310889,0.002701,0.346906,0.002530,0.179111,0.001597,0.403530,0.001613,0.077475,0.001641,0.239306,0.001348,0.321895,0.003055,80
periodic_bayes_update,occluded_drawer_recovery,false_human_hint,in_distribution,0.516437,0.004332,0.039051,0.005379,0.328621,0.001914,0.275698,0.002027,0.357208,0.002405,0.399273,0.003007,0.150128,0.001521,0.257676,0.001484,0.075753,0.001323,0.203629,0.001322,0.318700,0.002313,80
periodic_bayes_update,occluded_drawer_recovery,false_human_hint,long_horizon_recovery,0.460732,0.004365,-0.163427,0.004760,0.355822,0.002495,0.378461,0.002170,0.337950,0.002687,0.348178,0.003014,0.163149,0.001202,0.355373,0.001504,0.075971,0.001282,0.224596,0.001275,0.322688,0.002759,80
periodic_bayes_update,occluded_drawer_recovery,false_human_hint,new_operator_interventions,0.481467,0.003998,-0.082950,0.004654,0.348884,0.002072,0.334603,0.002083,0.334950,0.002781,0.388263,0.002813,0.165152,0.001162,0.297221,0.001527,0.076369,0.001411,0.216126,0.001355,0.321693,0.002682,80
periodic_bayes_update,occluded_drawer_recovery,false_human_hint,sparse_feedback,0.452748,0.003313,-0.192990,0.004627,0.392249,0.002250,0.367477,0.002307,0.324529,0.002659,0.377734,0.002561,0.171519,0.001329,0.363617,0.001414,0.076266,0.001415,0.228917,0.001217,0.321894,0.002102,80
periodic_bayes_update,occluded_drawer_recovery,noisy_observation,combined_stress,0.453415,0.003725,-0.166512,0.004493,0.317570,0.002113,0.411808,0.002238,0.352713,0.002873,0.360694,0.002941,0.170420,0.001382,0.399242,0.001680,0.076234,0.001377,0.198590,0.001377,0.354560,0.003021,80
periodic_bayes_update,occluded_drawer_recovery,noisy_observation,in_distribution,0.545967,0.003883,0.168945,0.004854,0.255535,0.002223,0.251360,0.002161,0.399108,0.002697,0.413017,0.002471,0.143809,0.001249,0.252221,0.001513,0.075290,0.001449,0.165520,0.001325,0.353278,0.002615,80
periodic_bayes_update,occluded_drawer_recovery,noisy_observation,long_horizon_recovery,0.495055,0.004187,-0.027584,0.004832,0.281708,0.002321,0.356599,0.002304,0.378330,0.002124,0.366925,0.002755,0.155157,0.001364,0.351347,0.001638,0.076173,0.001302,0.183255,0.001488,0.352821,0.002498,80
periodic_bayes_update,occluded_drawer_recovery,noisy_observation,new_operator_interventions,0.513150,0.003728,0.051926,0.005221,0.275575,0.002442,0.308958,0.002433,0.379754,0.002440,0.400842,0.002993,0.156471,0.001278,0.294501,0.001721,0.076229,0.001238,0.176285,0.001560,0.353543,0.002276,80
periodic_bayes_update,occluded_drawer_recovery,noisy_observation,sparse_feedback,0.486420,0.003875,-0.057781,0.004749,0.318961,0.002367,0.345385,0.002117,0.367854,0.002662,0.392730,0.003022,0.162760,0.001397,0.358220,0.001591,0.075724,0.001280,0.190177,0.001240,0.357107,0.002359,80
periodic_bayes_update,occluded_drawer_recovery,nominal,combined_stress,0.505719,0.003627,0.018876,0.004109,0.242936,0.002331,0.361690,0.002111,0.409655,0.002461,0.393521,0.002611,0.153173,0.001245,0.381551,0.001443,0.076303,0.001458,0.173119,0.001666,0.396420,0.002866,80
periodic_bayes_update,occluded_drawer_recovery,nominal,in_distribution,0.599253,0.004337,0.355856,0.005375,0.182404,0.002337,0.201504,0.002228,0.454503,0.002672,0.444990,0.002235,0.122836,0.001413,0.236027,0.001628,0.078627,0.001587,0.138528,0.001606,0.394685,0.002369,80
periodic_bayes_update,occluded_drawer_recovery,nominal,long_horizon_recovery,0.542818,0.003501,0.154516,0.004182,0.205748,0.002136,0.305509,0.002096,0.436993,0.002513,0.393385,0.002913,0.137061,0.001107,0.333455,0.001679,0.075859,0.001202,0.157957,0.001384,0.394486,0.002257,80
periodic_bayes_update,occluded_drawer_recovery,nominal,new_operator_interventions,0.566504,0.003626,0.238631,0.004698,0.201664,0.002205,0.260269,0.002074,0.434297,0.002434,0.435014,0.002446,0.137830,0.001370,0.275649,0.001546,0.076620,0.001387,0.149226,0.001505,0.396475,0.002339,80
periodic_bayes_update,occluded_drawer_recovery,nominal,sparse_feedback,0.536705,0.003890,0.126774,0.004538,0.244515,0.002347,0.294980,0.002122,0.426857,0.002517,0.427067,0.002600,0.145259,0.001166,0.341132,0.001495,0.076807,0.001288,0.163156,0.001466,0.396552,0.002494,80
periodic_bayes_update,occluded_drawer_recovery,physical_rule_violation,combined_stress,0.418191,0.004163,-0.308388,0.005137,0.312970,0.002206,0.508326,0.002353,0.360966,0.002563,0.299417,0.002460,0.206104,0.001500,0.394159,0.001620,0.076979,0.001493,0.215446,0.001416,0.359097,0.002278,80
periodic_bayes_update,occluded_drawer_recovery,physical_rule_violation,in_distribution,0.512010,0.003767,0.033547,0.004030,0.249352,0.002290,0.346783,0.002071,0.405648,0.002767,0.352376,0.002822,0.176334,0.001134,0.248942,0.001543,0.074470,0.001006,0.178715,0.001349,0.358846,0.002679,80
periodic_bayes_update,occluded_drawer_recovery,physical_rule_violation,long_horizon_recovery,0.456021,0.004354,-0.170384,0.005189,0.274852,0.002224,0.450805,0.002001,0.384606,0.002479,0.299647,0.002735,0.189286,0.001286,0.346924,0.001742,0.076623,0.001383,0.198861,0.001467,0.357920,0.002748,80
periodic_bayes_update,occluded_drawer_recovery,physical_rule_violation,new_operator_interventions,0.477096,0.003914,-0.090324,0.004756,0.270354,0.002198,0.407579,0.001995,0.384772,0.002591,0.341228,0.002608,0.190028,0.001442,0.289762,0.001572,0.076107,0.001366,0.192883,0.001447,0.360217,0.002782,80
periodic_bayes_update,occluded_drawer_recovery,physical_rule_violation,sparse_feedback,0.445919,0.004312,-0.199513,0.005175,0.311863,0.001938,0.436854,0.002303,0.376206,0.002655,0.332516,0.002349,0.198000,0.001176,0.358002,0.001695,0.076834,0.001604,0.204025,0.001331,0.358942,0.002683,80
periodic_bayes_update,payload_shift_pick,actuator_model_break,combined_stress,0.396528,0.003399,-0.383392,0.003969,0.313176,0.001841,0.541967,0.002300,0.359735,0.002905,0.275958,0.002737,0.237839,0.001154,0.396107,0.001625,0.078548,0.001537,0.217383,0.001427,0.357519,0.002268,80
periodic_bayes_update,payload_shift_pick,actuator_model_break,in_distribution,0.491341,0.003980,-0.041065,0.004497,0.251151,0.002195,0.379995,0.002264,0.403964,0.002916,0.331351,0.003030,0.207082,0.001373,0.252377,0.001688,0.075629,0.001171,0.182765,0.001482,0.358865,0.002545,80
periodic_bayes_update,payload_shift_pick,actuator_model_break,long_horizon_recovery,0.434893,0.003924,-0.242464,0.004685,0.276689,0.002335,0.483543,0.002102,0.388469,0.002902,0.279078,0.003005,0.220613,0.001193,0.347511,0.001671,0.076100,0.001269,0.202030,0.001604,0.360057,0.002802,80
periodic_bayes_update,payload_shift_pick,actuator_model_break,new_operator_interventions,0.457232,0.004221,-0.161719,0.005210,0.270456,0.001973,0.438110,0.002398,0.381691,0.002844,0.317188,0.002523,0.222057,0.001285,0.290114,0.001726,0.076579,0.001404,0.195008,0.001445,0.356963,0.002749,80
periodic_bayes_update,payload_shift_pick,actuator_model_break,sparse_feedback,0.426492,0.004341,-0.274278,0.005118,0.313396,0.001953,0.472880,0.002465,0.371336,0.002974,0.309587,0.002855,0.228151,0.001111,0.357870,0.001445,0.076367,0.001147,0.207653,0.001345,0.356541,0.002615,80
periodic_bayes_update,payload_shift_pick,combined_intervention_stress,combined_stress,0.302393,0.004088,-0.741141,0.005198,0.494707,0.002240,0.608754,0.002258,0.232818,0.002230,0.234948,0.002555,0.260397,0.001311,0.426591,0.001369,0.086139,0.002214,0.293002,0.001500,0.264835,0.002788,80
periodic_bayes_update,payload_shift_pick,combined_intervention_stress,in_distribution,0.399239,0.004053,-0.399000,0.004654,0.433251,0.002098,0.448772,0.002261,0.281062,0.002787,0.289301,0.002754,0.232654,0.001130,0.280102,0.001621,0.079359,0.001626,0.259019,0.001311,0.263989,0.002614,80
periodic_bayes_update,payload_shift_pick,combined_intervention_stress,long_horizon_recovery,0.341772,0.004156,-0.603986,0.004948,0.459742,0.002069,0.552767,0.002271,0.262026,0.002592,0.234754,0.002687,0.245225,0.001300,0.377058,0.001758,0.080316,0.001797,0.279392,0.001382,0.265265,0.002649,80
periodic_bayes_update,payload_shift_pick,combined_intervention_stress,new_operator_interventions,0.364139,0.004038,-0.520604,0.004728,0.451316,0.001954,0.508859,0.001929,0.256816,0.002130,0.274960,0.002323,0.245981,0.001373,0.320016,0.001587,0.079890,0.001781,0.271032,0.001203,0.265524,0.002327,80
periodic_bayes_update,payload_shift_pick,combined_intervention_stress,sparse_feedback,0.328591,0.004126,-0.634665,0.004679,0.492777,0.001932,0.539725,0.002544,0.248624,0.002548,0.266323,0.002544,0.252106,0.001407,0.386115,0.001653,0.081642,0.001995,0.285179,0.001231,0.263931,0.002613,80
periodic_bayes_update,payload_shift_pick,contact_precondition_failure,combined_stress,0.413152,0.004315,-0.333017,0.004750,0.301822,0.001879,0.521885,0.002267,0.371286,0.002654,0.286679,0.002396,0.231603,0.001295,0.393849,0.001711,0.077008,0.001503,0.212972,0.001392,0.363698,0.002646,80
periodic_bayes_update,payload_shift_pick,contact_precondition_failure,in_distribution,0.505154,0.004362,0.002988,0.005341,0.239499,0.002239,0.363948,0.002506,0.415145,0.002694,0.342590,0.002606,0.202733,0.001237,0.246547,0.001666,0.074291,0.001158,0.179373,0.001391,0.364495,0.002731,80
periodic_bayes_update,payload_shift_pick,contact_precondition_failure,long_horizon_recovery,0.449059,0.003906,-0.199238,0.004944,0.264586,0.001957,0.468035,0.002312,0.393406,0.002610,0.290124,0.002792,0.214365,0.001379,0.344869,0.001425,0.075224,0.001365,0.198294,0.001485,0.364436,0.002499,80
periodic_bayes_update,payload_shift_pick,contact_precondition_failure,new_operator_interventions,0.471475,0.004147,-0.116957,0.005033,0.258082,0.002120,0.424079,0.002169,0.393223,0.003121,0.326496,0.002677,0.215206,0.001178,0.287667,0.001459,0.074968,0.001029,0.190550,0.001442,0.364268,0.002470,80
periodic_bayes_update,payload_shift_pick,contact_precondition_failure,sparse_feedback,0.442726,0.003596,-0.225970,0.004567,0.302733,0.002274,0.456038,0.001930,0.383181,0.002223,0.322745,0.002731,0.221281,0.001423,0.354513,0.001482,0.075597,0.001244,0.204513,0.001405,0.366220,0.002807,80
periodic_bayes_update,payload_shift_pick,environment_change_intervention,combined_stress,0.381336,0.003837,-0.438107,0.004770,0.333570,0.002105,0.557226,0.002205,0.346448,0.003024,0.264568,0.002132,0.243484,0.001227,0.398896,0.001602,0.078345,0.001610,0.229996,0.001293,0.349910,0.002486,80
periodic_bayes_update,payload_shift_pick,environment_change_intervention,in_distribution,0.478741,0.004104,-0.094013,0.004399,0.270478,0.002352,0.395509,0.002133,0.388802,0.002567,0.318940,0.002848,0.214975,0.001336,0.252135,0.001485,0.075221,0.001160,0.193746,0.001561,0.346488,0.002389,80
periodic_bayes_update,payload_shift_pick,environment_change_intervention,long_horizon_recovery,0.423099,0.004042,-0.296341,0.004269,0.297223,0.001993,0.500750,0.002025,0.371196,0.002644,0.267778,0.002641,0.226091,0.001317,0.349671,0.001739,0.076385,0.001342,0.214618,0.001305,0.349427,0.002612,80
periodic_bayes_update,payload_shift_pick,environment_change_intervention,new_operator_interventions,0.440464,0.003777,-0.221016,0.004430,0.292187,0.002262,0.456488,0.001943,0.370347,0.002727,0.308538,0.002623,0.229414,0.001472,0.292554,0.001534,0.076604,0.001476,0.206828,0.001360,0.346953,0.002499,80
periodic_bayes_update,payload_shift_pick,environment_change_intervention,sparse_feedback,0.414515,0.003779,-0.327267,0.004494,0.333126,0.001988,0.491254,0.002074,0.361385,0.002767,0.299615,0.002546,0.234418,0.001396,0.359773,0.001493,0.078331,0.001677,0.219849,0.001318,0.346020,0.002941,80
periodic_bayes_update,payload_shift_pick,false_human_hint,combined_stress,0.413171,0.003598,-0.324932,0.004897,0.393044,0.002127,0.434649,0.002153,0.310996,0.002540,0.346183,0.002607,0.199759,0.001369,0.404789,0.001721,0.076161,0.001469,0.239454,0.001544,0.321765,0.002741,80
periodic_bayes_update,payload_shift_pick,false_human_hint,in_distribution,0.508921,0.003796,0.017860,0.005092,0.328482,0.001990,0.274633,0.002362,0.356013,0.002856,0.401435,0.002781,0.170779,0.001183,0.257768,0.001222,0.075720,0.001250,0.204088,0.001547,0.321012,0.002409,80
periodic_bayes_update,payload_shift_pick,false_human_hint,long_horizon_recovery,0.457422,0.004039,-0.180646,0.004851,0.356574,0.002015,0.377943,0.002055,0.337533,0.002124,0.347090,0.002772,0.181826,0.001366,0.355655,0.001603,0.076457,0.001355,0.223852,0.001286,0.320426,0.002436,80
periodic_bayes_update,payload_shift_pick,false_human_hint,new_operator_interventions,0.478661,0.004044,-0.097518,0.005186,0.348704,0.002098,0.332049,0.002203,0.334610,0.002598,0.388917,0.002502,0.183392,0.001358,0.298581,0.001648,0.075653,0.001273,0.216455,0.001290,0.318725,0.002453,80
periodic_bayes_update,payload_shift_pick,false_human_hint,sparse_feedback,0.449316,0.003680,-0.207260,0.004566,0.390794,0.002388,0.365578,0.002058,0.326885,0.002475,0.378177,0.002443,0.190307,0.001465,0.363368,0.001503,0.075580,0.001357,0.229555,0.001355,0.319823,0.002797,80
periodic_bayes_update,payload_shift_pick,noisy_observation,combined_stress,0.448642,0.003770,-0.186473,0.003916,0.317469,0.002263,0.412245,0.002105,0.352916,0.002516,0.361545,0.002944,0.191264,0.001324,0.399292,0.001598,0.074231,0.001342,0.199656,0.001358,0.352482,0.002888,80
periodic_bayes_update,payload_shift_pick,noisy_observation,in_distribution,0.543496,0.003874,0.155068,0.004370,0.253231,0.002164,0.252088,0.002124,0.397800,0.002662,0.415031,0.002216,0.161937,0.001207,0.252930,0.001616,0.076799,0.001385,0.163625,0.001644,0.355661,0.002268,80
periodic_bayes_update,payload_shift_pick,noisy_observation,long_horizon_recovery,0.490028,0.003900,-0.048877,0.004989,0.283258,0.002372,0.357538,0.002302,0.378591,0.002857,0.361073,0.002917,0.174420,0.001334,0.349546,0.001697,0.076045,0.001384,0.183571,0.001500,0.352675,0.002784,80
periodic_bayes_update,payload_shift_pick,noisy_observation,new_operator_interventions,0.510566,0.004389,0.034370,0.005133,0.275579,0.002554,0.311279,0.002034,0.376489,0.002462,0.402602,0.002453,0.175167,0.001411,0.293559,0.001468,0.074853,0.001184,0.176183,0.001535,0.352538,0.002164,80
periodic_bayes_update,payload_shift_pick,noisy_observation,sparse_feedback,0.482411,0.003722,-0.074765,0.004553,0.318572,0.001991,0.343738,0.002312,0.368303,0.002498,0.393665,0.002554,0.183440,0.001322,0.359186,0.001596,0.075046,0.001210,0.188761,0.001516,0.353574,0.002724,80
periodic_bayes_update,payload_shift_pick,nominal,combined_stress,0.502688,0.003545,0.003157,0.004208,0.242550,0.002220,0.360010,0.002290,0.412669,0.002591,0.391289,0.002456,0.173000,0.001229,0.381571,0.001491,0.076018,0.001560,0.172812,0.001277,0.393396,0.002474,80
periodic_bayes_update,payload_shift_pick,nominal,in_distribution,0.593763,0.004090,0.335645,0.005424,0.182378,0.002293,0.200943,0.002312,0.454681,0.002851,0.447467,0.002466,0.144554,0.001363,0.237459,0.001579,0.078291,0.001583,0.138485,0.001691,0.395656,0.002566,80
periodic_bayes_update,payload_shift_pick,nominal,long_horizon_recovery,0.536055,0.004716,0.131339,0.005357,0.208118,0.002145,0.306608,0.002216,0.435182,0.002601,0.394116,0.002517,0.156989,0.001147,0.333288,0.001311,0.077768,0.001491,0.156882,0.001447,0.396456,0.002573,80
periodic_bayes_update,payload_shift_pick,nominal,new_operator_interventions,0.563657,0.003836,0.220812,0.004725,0.199548,0.001959,0.262738,0.002437,0.436246,0.002798,0.434651,0.002373,0.157912,0.001304,0.274151,0.001539,0.077064,0.001488,0.150801,0.001455,0.394671,0.002409,80
periodic_bayes_update,payload_shift_pick,nominal,sparse_feedback,0.530116,0.004296,0.106256,0.005020,0.245191,0.002170,0.291703,0.002118,0.424745,0.002791,0.426259,0.002484,0.164981,0.001204,0.341558,0.001504,0.076561,0.001457,0.165203,0.001439,0.395268,0.002639,80
periodic_bayes_update,payload_shift_pick,physical_rule_violation,combined_stress,0.416145,0.004382,-0.324411,0.005484,0.311147,0.002173,0.509222,0.002334,0.361663,0.002501,0.299285,0.002462,0.225831,0.001354,0.395231,0.001562,0.078842,0.001682,0.214770,0.001466,0.358218,0.002516,80
periodic_bayes_update,payload_shift_pick,physical_rule_violation,in_distribution,0.506868,0.003819,0.014870,0.004414,0.247654,0.002343,0.348414,0.001980,0.408745,0.002546,0.353268,0.002711,0.195373,0.001236,0.249073,0.001646,0.075605,0.001248,0.179750,0.001266,0.357994,0.002621,80
periodic_bayes_update,payload_shift_pick,physical_rule_violation,long_horizon_recovery,0.450671,0.003760,-0.189966,0.004360,0.275227,0.001923,0.452854,0.002250,0.387730,0.002390,0.302303,0.002649,0.208141,0.001305,0.346530,0.001222,0.076998,0.001429,0.199811,0.001311,0.357323,0.002431,80
periodic_bayes_update,payload_shift_pick,physical_rule_violation,new_operator_interventions,0.474081,0.003690,-0.106269,0.004613,0.269650,0.002120,0.405526,0.002318,0.381581,0.002400,0.342844,0.002549,0.210335,0.001362,0.289527,0.001466,0.076444,0.001262,0.191620,0.001312,0.356652,0.002260,80
periodic_bayes_update,payload_shift_pick,physical_rule_violation,sparse_feedback,0.444602,0.004319,-0.213768,0.004707,0.310881,0.002089,0.437337,0.002174,0.377905,0.002556,0.330091,0.002787,0.216141,0.001279,0.356400,0.001577,0.076928,0.001544,0.205001,0.001228,0.358581,0.002633,80
periodic_bayes_update,tool_use_correction,actuator_model_break,combined_stress,0.395072,0.004527,-0.390985,0.004868,0.313012,0.002052,0.540556,0.002108,0.360270,0.002795,0.276002,0.002540,0.247853,0.001460,0.396731,0.001593,0.078167,0.001334,0.217717,0.001488,0.357949,0.002244,80
periodic_bayes_update,tool_use_correction,actuator_model_break,in_distribution,0.489787,0.004050,-0.050101,0.004837,0.250551,0.001774,0.379022,0.002135,0.406224,0.002377,0.331966,0.002534,0.219479,0.001173,0.251921,0.001609,0.076191,0.001241,0.183259,0.001490,0.357697,0.002601,80
periodic_bayes_update,tool_use_correction,actuator_model_break,long_horizon_recovery,0.437714,0.004015,-0.248721,0.004439,0.275646,0.001990,0.485736,0.002278,0.384532,0.002551,0.281605,0.002906,0.229553,0.001203,0.348271,0.001681,0.077233,0.001584,0.203789,0.001327,0.358613,0.002720,80
periodic_bayes_update,tool_use_correction,actuator_model_break,new_operator_interventions,0.455097,0.004688,-0.173550,0.004938,0.271861,0.002128,0.440736,0.002053,0.381124,0.002771,0.317560,0.002435,0.232630,0.001379,0.289756,0.001553,0.075213,0.001246,0.194653,0.001387,0.358187,0.002926,80
periodic_bayes_update,tool_use_correction,actuator_model_break,sparse_feedback,0.424276,0.003405,-0.282482,0.004302,0.313426,0.002259,0.471618,0.002104,0.374661,0.002657,0.309290,0.003205,0.238519,0.001311,0.357313,0.001484,0.078360,0.001530,0.207757,0.001560,0.357869,0.002581,80
periodic_bayes_update,tool_use_correction,combined_intervention_stress,combined_stress,0.302200,0.003443,-0.748417,0.004238,0.496192,0.002366,0.608181,0.002133,0.235815,0.002577,0.234200,0.002861,0.271257,0.001234,0.425192,0.001551,0.085103,0.002048,0.292821,0.001485,0.265329,0.002430,80
periodic_bayes_update,tool_use_correction,combined_intervention_stress,in_distribution,0.398115,0.003898,-0.407596,0.005233,0.433153,0.002395,0.449367,0.002434,0.281077,0.002547,0.287627,0.002599,0.242104,0.001303,0.279143,0.001446,0.078591,0.001457,0.259838,0.001439,0.263685,0.002332,80
periodic_bayes_update,tool_use_correction,combined_intervention_stress,long_horizon_recovery,0.341666,0.003832,-0.613568,0.004558,0.461838,0.002203,0.552257,0.001909,0.260678,0.002795,0.234326,0.003085,0.255055,0.001056,0.377993,0.001687,0.082592,0.001667,0.279801,0.001408,0.263576,0.002845,80
periodic_bayes_update,tool_use_correction,combined_intervention_stress,new_operator_interventions,0.361103,0.003823,-0.530182,0.004515,0.451957,0.002209,0.506597,0.002340,0.257810,0.002623,0.273544,0.002770,0.256343,0.001351,0.318574,0.001487,0.079422,0.001693,0.272139,0.001400,0.262931,0.002695,80
periodic_bayes_update,tool_use_correction,combined_intervention_stress,sparse_feedback,0.331443,0.003654,-0.637834,0.005167,0.492571,0.001962,0.536960,0.002103,0.246862,0.002772,0.263691,0.002647,0.262834,0.001327,0.386098,0.001429,0.081777,0.001684,0.283748,0.001227,0.265146,0.002555,80
periodic_bayes_update,tool_use_correction,contact_precondition_failure,combined_stress,0.410198,0.003885,-0.345309,0.004400,0.301850,0.002013,0.525296,0.001992,0.368859,0.002816,0.288661,0.002779,0.240145,0.001301,0.392752,0.001409,0.078682,0.001619,0.214238,0.001329,0.362558,0.002274,80
periodic_bayes_update,tool_use_correction,contact_precondition_failure,in_distribution,0.501834,0.004541,-0.007446,0.005520,0.239888,0.002284,0.364020,0.002248,0.414726,0.002586,0.341413,0.002446,0.211387,0.001290,0.248084,0.001558,0.076024,0.001105,0.178453,0.001321,0.365108,0.002718,80
periodic_bayes_update,tool_use_correction,contact_precondition_failure,long_horizon_recovery,0.446114,0.003811,-0.207849,0.004147,0.265364,0.002208,0.467618,0.002021,0.396158,0.002794,0.293161,0.002491,0.223310,0.001178,0.345212,0.001416,0.076085,0.001295,0.198532,0.001392,0.363833,0.002871,80
periodic_bayes_update,tool_use_correction,contact_precondition_failure,new_operator_interventions,0.463340,0.003861,-0.133876,0.004930,0.259231,0.002311,0.422712,0.001997,0.393339,0.002752,0.329391,0.002363,0.227074,0.001319,0.286397,0.001392,0.076418,0.001299,0.193735,0.001433,0.364135,0.002619,80
periodic_bayes_update,tool_use_correction,contact_precondition_failure,sparse_feedback,0.433533,0.003368,-0.243149,0.004062,0.302630,0.002122,0.455390,0.002043,0.383327,0.002526,0.319288,0.002954,0.232383,0.001123,0.353212,0.001552,0.076170,0.001329,0.203991,0.001623,0.362115,0.002449,80
periodic_bayes_update,tool_use_correction,environment_change_intervention,combined_stress,0.376798,0.004255,-0.447693,0.004796,0.332552,0.002073,0.558181,0.002079,0.347693,0.002683,0.270508,0.002755,0.252155,0.001192,0.399412,0.001492,0.078732,0.001531,0.230004,0.001375,0.347422,0.002727,80
periodic_bayes_update,tool_use_correction,environment_change_intervention,in_distribution,0.470333,0.003411,-0.108491,0.004264,0.270645,0.002347,0.396675,0.001872,0.391843,0.002700,0.320737,0.002803,0.223616,0.001203,0.253428,0.001482,0.075079,0.001282,0.193926,0.001259,0.348102,0.002594,80
periodic_bayes_update,tool_use_correction,environment_change_intervention,long_horizon_recovery,0.418127,0.004340,-0.310865,0.004325,0.297170,0.002298,0.502641,0.002167,0.372252,0.002639,0.268661,0.002709,0.237625,0.001353,0.351173,0.001356,0.077661,0.001663,0.213927,0.001400,0.347954,0.002423,80
periodic_bayes_update,tool_use_correction,environment_change_intervention,new_operator_interventions,0.440463,0.003971,-0.224709,0.004475,0.288981,0.002019,0.457676,0.002117,0.371441,0.002706,0.309249,0.002996,0.237102,0.001244,0.293148,0.001500,0.076688,0.001295,0.205747,0.001343,0.346810,0.002249,80
periodic_bayes_update,tool_use_correction,environment_change_intervention,sparse_feedback,0.412513,0.003647,-0.337128,0.004433,0.333407,0.002335,0.490897,0.002126,0.359185,0.002585,0.298893,0.002353,0.244418,0.001418,0.358939,0.001453,0.079351,0.001711,0.220016,0.001374,0.345707,0.002846,80
periodic_bayes_update,tool_use_correction,false_human_hint,combined_stress,0.416288,0.003395,-0.328169,0.003874,0.392299,0.001855,0.435603,0.002211,0.314933,0.002474,0.344518,0.002571,0.208540,0.001331,0.405904,0.001529,0.076356,0.001424,0.239642,0.001455,0.322429,0.002537,80
periodic_bayes_update,tool_use_correction,false_human_hint,in_distribution,0.512090,0.003603,0.016752,0.004626,0.326736,0.002086,0.274345,0.002022,0.356702,0.002794,0.400444,0.002505,0.179234,0.001320,0.256077,0.001472,0.075450,0.001351,0.203337,0.001417,0.319345,0.002855,80
periodic_bayes_update,tool_use_correction,false_human_hint,long_horizon_recovery,0.452814,0.003979,-0.194652,0.004559,0.355357,0.002014,0.379128,0.001949,0.337814,0.002621,0.345337,0.002759,0.194470,0.001311,0.355127,0.001395,0.076191,0.001265,0.224383,0.001397,0.320825,0.002542,80
periodic_bayes_update,tool_use_correction,false_human_hint,new_operator_interventions,0.471866,0.003883,-0.113715,0.004510,0.351293,0.002075,0.334801,0.002512,0.336237,0.002817,0.390675,0.002603,0.193080,0.001220,0.296104,0.001620,0.075777,0.001170,0.218101,0.001521,0.321356,0.002610,80
periodic_bayes_update,tool_use_correction,false_human_hint,sparse_feedback,0.446390,0.004108,-0.220298,0.004642,0.391215,0.002097,0.368099,0.002021,0.327892,0.002439,0.376860,0.002701,0.200879,0.001540,0.363961,0.001653,0.077686,0.001331,0.229838,0.001372,0.321908,0.002726,80
periodic_bayes_update,tool_use_correction,noisy_observation,combined_stress,0.447436,0.003863,-0.194659,0.004729,0.316857,0.002288,0.413052,0.002238,0.354674,0.002443,0.359163,0.002588,0.200134,0.001219,0.400340,0.001681,0.076224,0.001179,0.198699,0.001402,0.351869,0.002153,80
periodic_bayes_update,tool_use_correction,noisy_observation,in_distribution,0.538131,0.003946,0.141535,0.004829,0.255155,0.002393,0.250568,0.002258,0.399609,0.002785,0.413404,0.002610,0.172025,0.001300,0.253629,0.001579,0.077244,0.001439,0.164883,0.001310,0.354067,0.002576,80
periodic_bayes_update,tool_use_correction,noisy_observation,long_horizon_recovery,0.486037,0.003765,-0.057046,0.004731,0.279511,0.002356,0.355560,0.002015,0.380168,0.002590,0.361640,0.002599,0.185440,0.001417,0.350798,0.001679,0.075333,0.001305,0.184134,0.001329,0.351520,0.002921,80
periodic_bayes_update,tool_use_correction,noisy_observation,new_operator_interventions,0.505076,0.003467,0.022471,0.004443,0.275652,0.002041,0.309937,0.002270,0.379398,0.002363,0.401375,0.002627,0.186878,0.001316,0.292147,0.001401,0.075531,0.001401,0.176055,0.001441,0.355588,0.002515,80
periodic_bayes_update,tool_use_correction,noisy_observation,sparse_feedback,0.477782,0.003688,-0.084562,0.003921,0.316665,0.002328,0.343010,0.002422,0.367217,0.002456,0.392646,0.002382,0.191740,0.001290,0.359492,0.001548,0.076132,0.001301,0.188742,0.001464,0.351547,0.002797,80
periodic_bayes_update,tool_use_correction,nominal,combined_stress,0.495574,0.004073,-0.011218,0.004890,0.244220,0.002016,0.359922,0.002205,0.412584,0.002793,0.395849,0.002526,0.182889,0.001257,0.382218,0.001646,0.076356,0.001386,0.173677,0.001647,0.396469,0.002916,80
periodic_bayes_update,tool_use_correction,nominal,in_distribution,0.592774,0.003644,0.327434,0.004798,0.183268,0.002036,0.200475,0.002200,0.456181,0.002401,0.445144,0.002683,0.154615,0.001272,0.235179,0.001576,0.079402,0.001502,0.138518,0.001325,0.395858,0.002779,80
periodic_bayes_update,tool_use_correction,nominal,long_horizon_recovery,0.534780,0.003933,0.125375,0.005012,0.208273,0.002094,0.305107,0.002509,0.435756,0.002539,0.393851,0.002413,0.164831,0.001301,0.332198,0.001696,0.076753,0.001565,0.158063,0.001374,0.395530,0.002359,80
periodic_bayes_update,tool_use_correction,nominal,new_operator_interventions,0.558568,0.004831,0.209198,0.005623,0.201043,0.001956,0.260181,0.002477,0.432691,0.002517,0.436494,0.002700,0.167197,0.001430,0.276433,0.001626,0.077318,0.001572,0.150900,0.001369,0.397955,0.003088,80
periodic_bayes_update,tool_use_correction,nominal,sparse_feedback,0.529019,0.004196,0.100758,0.005059,0.242732,0.002085,0.292607,0.002042,0.425857,0.002466,0.426219,0.002501,0.174531,0.001355,0.342173,0.001271,0.076146,0.001327,0.162111,0.001241,0.396076,0.002509,80
periodic_bayes_update,tool_use_correction,physical_rule_violation,combined_stress,0.411648,0.004035,-0.333526,0.004115,0.311985,0.002103,0.506166,0.002076,0.362686,0.002731,0.298436,0.002777,0.234744,0.001267,0.395536,0.001659,0.077864,0.001590,0.215088,0.001355,0.358706,0.002637,80
periodic_bayes_update,tool_use_correction,physical_rule_violation,in_distribution,0.505778,0.003593,0.003742,0.004525,0.248677,0.002079,0.348093,0.002313,0.405862,0.002607,0.350983,0.002952,0.206582,0.001489,0.249919,0.001543,0.076152,0.001224,0.179834,0.001461,0.357803,0.002547,80
periodic_bayes_update,tool_use_correction,physical_rule_violation,long_horizon_recovery,0.448893,0.003672,-0.197873,0.004531,0.274519,0.001976,0.449596,0.002353,0.386096,0.002922,0.300676,0.002642,0.219749,0.001235,0.347482,0.001519,0.075365,0.001344,0.199572,0.001414,0.357751,0.002763,80
periodic_bayes_update,tool_use_correction,physical_rule_violation,new_operator_interventions,0.471168,0.003670,-0.115538,0.004668,0.270383,0.002086,0.406393,0.001854,0.386175,0.002743,0.343483,0.002713,0.219720,0.001251,0.289162,0.001329,0.075452,0.001229,0.192183,0.001379,0.357686,0.002977,80
periodic_bayes_update,tool_use_correction,physical_rule_violation,sparse_feedback,0.443055,0.004078,-0.224637,0.004706,0.310513,0.001907,0.439897,0.002029,0.376092,0.002993,0.332616,0.002661,0.226358,0.001294,0.357695,0.001603,0.076894,0.001605,0.205518,0.001371,0.358524,0.002541,80
pomdp_belief_update,bin_packing_recovery,actuator_model_break,combined_stress,0.508425,0.003594,0.016747,0.004670,0.204908,0.002144,0.405716,0.002034,0.536779,0.002161,0.421373,0.002403,0.226300,0.001119,0.404536,0.001393,0.061908,0.001467,0.147560,0.001418,0.504770,0.002614,80
pomdp_belief_update,bin_packing_recovery,actuator_model_break,in_distribution,0.600222,0.003627,0.353727,0.004606,0.141633,0.002196,0.245032,0.002049,0.580584,0.002966,0.473225,0.002885,0.197095,0.001450,0.259424,0.001636,0.067917,0.001738,0.109597,0.001303,0.503676,0.002991,80
pomdp_belief_update,bin_packing_recovery,actuator_model_break,long_horizon_recovery,0.548954,0.003995,0.155446,0.004661,0.168272,0.001932,0.348390,0.002293,0.560139,0.002998,0.421929,0.002431,0.210448,0.001465,0.356462,0.001473,0.065363,0.001579,0.130419,0.001438,0.504665,0.002835,80
pomdp_belief_update,bin_packing_recovery,actuator_model_break,new_operator_interventions,0.570420,0.004103,0.236636,0.004943,0.161279,0.002432,0.303565,0.002309,0.560006,0.002659,0.460632,0.002571,0.212713,0.001290,0.298417,0.001519,0.066609,0.001616,0.123505,0.001660,0.503086,0.002988,80
pomdp_belief_update,bin_packing_recovery,actuator_model_break,sparse_feedback,0.540194,0.004212,0.125573,0.004581,0.204014,0.002115,0.337054,0.002212,0.547639,0.002659,0.453187,0.002799,0.218479,0.001302,0.365369,0.001487,0.065419,0.001604,0.137328,0.001557,0.505370,0.002511,80
pomdp_belief_update,bin_packing_recovery,combined_intervention_stress,combined_stress,0.417900,0.004066,-0.336718,0.004971,0.386403,0.002212,0.473361,0.002172,0.412342,0.002266,0.375775,0.002797,0.250548,0.001379,0.434138,0.001393,0.057811,0.001567,0.221648,0.001203,0.409541,0.003016,80
pomdp_belief_update,bin_packing_recovery,combined_intervention_stress,in_distribution,0.507404,0.004239,-0.005515,0.005044,0.326382,0.002709,0.314310,0.002260,0.455404,0.003167,0.430199,0.002561,0.221737,0.001337,0.287936,0.001569,0.063823,0.001502,0.186085,0.001417,0.410960,0.002706,80
pomdp_belief_update,bin_packing_recovery,combined_intervention_stress,long_horizon_recovery,0.452707,0.003498,-0.205325,0.004301,0.350813,0.002185,0.417474,0.002416,0.436827,0.002709,0.378503,0.003083,0.234429,0.001333,0.384852,0.001338,0.060349,0.001848,0.207809,0.001534,0.408484,0.002916,80
pomdp_belief_update,bin_packing_recovery,combined_intervention_stress,new_operator_interventions,0.470467,0.003663,-0.124841,0.004328,0.343041,0.001951,0.372089,0.002083,0.436730,0.002301,0.418320,0.002212,0.235693,0.001425,0.327342,0.001340,0.061030,0.001571,0.199129,0.001289,0.410521,0.002652,80
pomdp_belief_update,bin_packing_recovery,combined_intervention_stress,sparse_feedback,0.443924,0.003400,-0.231325,0.004416,0.385197,0.001967,0.406251,0.002392,0.428256,0.002614,0.409963,0.002495,0.240714,0.001264,0.395183,0.001362,0.059302,0.001603,0.212675,0.001446,0.410991,0.002873,80
pomdp_belief_update,bin_packing_recovery,contact_precondition_failure,combined_stress,0.523586,0.003772,0.061336,0.004711,0.194685,0.002194,0.389937,0.002034,0.546421,0.002468,0.431989,0.002988,0.219399,0.001212,0.402406,0.001284,0.064453,0.001546,0.142673,0.001550,0.511092,0.002623,80
pomdp_belief_update,bin_packing_recovery,contact_precondition_failure,in_distribution,0.615540,0.003950,0.398890,0.004602,0.130630,0.001978,0.228239,0.002240,0.589962,0.002455,0.484493,0.002885,0.190319,0.001383,0.257059,0.001416,0.070018,0.001610,0.107128,0.001413,0.511016,0.002619,80
pomdp_belief_update,bin_packing_recovery,contact_precondition_failure,long_horizon_recovery,0.560120,0.003555,0.197847,0.004012,0.157053,0.002150,0.332830,0.002211,0.572764,0.002361,0.430553,0.002636,0.203354,0.001428,0.352140,0.001815,0.064612,0.001798,0.126814,0.001398,0.512536,0.002568,80
pomdp_belief_update,bin_packing_recovery,contact_precondition_failure,new_operator_interventions,0.578781,0.003843,0.276221,0.004857,0.150845,0.002078,0.288765,0.002375,0.571496,0.002495,0.472753,0.002706,0.204550,0.001223,0.293523,0.001498,0.067235,0.001608,0.120070,0.001318,0.509778,0.002774,80
pomdp_belief_update,bin_packing_recovery,contact_precondition_failure,sparse_feedback,0.552271,0.004140,0.167236,0.004782,0.192440,0.002267,0.323223,0.002231,0.560060,0.002895,0.462695,0.001986,0.211631,0.001243,0.361875,0.001545,0.066291,0.001479,0.134023,0.001613,0.513819,0.002791,80
pomdp_belief_update,bin_packing_recovery,environment_change_intervention,combined_stress,0.493207,0.004572,-0.041957,0.005375,0.227014,0.002132,0.423908,0.001746,0.521813,0.002394,0.408748,0.002344,0.232540,0.001459,0.408064,0.001424,0.061918,0.001397,0.158044,0.001451,0.493118,0.002236,80
pomdp_belief_update,bin_packing_recovery,environment_change_intervention,in_distribution,0.588053,0.003340,0.299977,0.003915,0.161053,0.002214,0.262799,0.002140,0.568409,0.002299,0.463626,0.002636,0.203101,0.001178,0.262250,0.001466,0.067926,0.001472,0.124006,0.001402,0.491671,0.002436,80
pomdp_belief_update,bin_packing_recovery,environment_change_intervention,long_horizon_recovery,0.530262,0.003809,0.094110,0.004890,0.189802,0.002067,0.367605,0.001914,0.548843,0.002647,0.409657,0.002443,0.215777,0.001251,0.358492,0.001396,0.065454,0.001567,0.143124,0.001534,0.493778,0.002582,80
pomdp_belief_update,bin_packing_recovery,environment_change_intervention,new_operator_interventions,0.554751,0.004679,0.179159,0.005365,0.182523,0.002282,0.321647,0.002347,0.545232,0.002878,0.448402,0.002552,0.217284,0.001356,0.300644,0.001519,0.066893,0.001542,0.135965,0.001438,0.494115,0.002642,80
pomdp_belief_update,bin_packing_recovery,environment_change_intervention,sparse_feedback,0.522277,0.003642,0.065559,0.004498,0.226111,0.002304,0.354806,0.002326,0.535379,0.003029,0.439312,0.002394,0.224467,0.001296,0.367085,0.001547,0.063879,0.001645,0.148214,0.001409,0.492248,0.002742,80
pomdp_belief_update,bin_packing_recovery,false_human_hint,combined_stress,0.527792,0.004343,0.076071,0.004757,0.282743,0.002604,0.300558,0.002377,0.487843,0.002769,0.488482,0.002562,0.188786,0.001295,0.411855,0.001674,0.064256,0.001599,0.169004,0.001213,0.468189,0.002769,80
pomdp_belief_update,bin_packing_recovery,false_human_hint,in_distribution,0.620304,0.004397,0.412538,0.005026,0.221925,0.002427,0.140102,0.001912,0.533784,0.002847,0.542216,0.002947,0.159382,0.001434,0.264757,0.001744,0.072027,0.001584,0.133286,0.001635,0.468874,0.002678,80
pomdp_belief_update,bin_packing_recovery,false_human_hint,long_horizon_recovery,0.566996,0.003771,0.213675,0.004513,0.247957,0.002091,0.244076,0.002163,0.515013,0.002371,0.490878,0.002641,0.171994,0.001235,0.362638,0.001499,0.066512,0.001515,0.153118,0.001420,0.467420,0.002414,80
pomdp_belief_update,bin_packing_recovery,false_human_hint,new_operator_interventions,0.588762,0.004035,0.293223,0.004455,0.242293,0.002415,0.199823,0.001908,0.512816,0.002627,0.529124,0.002835,0.172675,0.001439,0.308148,0.001364,0.069229,0.001649,0.146054,0.001470,0.464840,0.002771,80
pomdp_belief_update,bin_packing_recovery,false_human_hint,sparse_feedback,0.559349,0.003730,0.185830,0.004410,0.284007,0.002404,0.231018,0.002204,0.504917,0.002520,0.518950,0.002757,0.180538,0.001212,0.373001,0.001268,0.066678,0.001590,0.157661,0.001349,0.466370,0.002524,80
pomdp_belief_update,bin_packing_recovery,noisy_observation,combined_stress,0.556889,0.004030,0.208183,0.005469,0.208653,0.002071,0.276654,0.002249,0.533450,0.002134,0.501541,0.002583,0.180137,0.001225,0.408889,0.001487,0.067169,0.001678,0.127185,0.001425,0.499494,0.002712,80
pomdp_belief_update,bin_packing_recovery,noisy_observation,in_distribution,0.654421,0.004174,0.548114,0.004729,0.145887,0.001799,0.117104,0.002156,0.575651,0.002750,0.555448,0.002821,0.151295,0.001107,0.261422,0.001675,0.074259,0.001723,0.093641,0.001518,0.499327,0.002631,80
pomdp_belief_update,bin_packing_recovery,noisy_observation,long_horizon_recovery,0.598707,0.004224,0.345190,0.004508,0.173927,0.002127,0.222952,0.002177,0.553849,0.002649,0.506768,0.002675,0.163103,0.001216,0.358857,0.001538,0.068424,0.001555,0.113278,0.001281,0.499437,0.002731,80
pomdp_belief_update,bin_packing_recovery,noisy_observation,new_operator_interventions,0.621093,0.004475,0.426849,0.005206,0.169595,0.002084,0.176688,0.002266,0.554739,0.002738,0.542624,0.002717,0.165835,0.001146,0.300025,0.001387,0.069071,0.001513,0.105080,0.001307,0.498495,0.002846,80
pomdp_belief_update,bin_packing_recovery,noisy_observation,sparse_feedback,0.590416,0.003739,0.317347,0.004765,0.209155,0.002426,0.208329,0.002360,0.547318,0.002805,0.534433,0.002454,0.173856,0.001235,0.367859,0.001607,0.069799,0.001643,0.117892,0.001322,0.496087,0.002976,80
pomdp_belief_update,bin_packing_recovery,nominal,combined_stress,0.607669,0.004418,0.388791,0.005116,0.136709,0.002264,0.228205,0.002308,0.586645,0.002853,0.534739,0.002603,0.161070,0.001186,0.390107,0.001615,0.071153,0.001511,0.102560,0.001428,0.540450,0.002638,80
pomdp_belief_update,bin_packing_recovery,nominal,in_distribution,0.707856,0.004033,0.733910,0.004855,0.073332,0.002010,0.066024,0.002280,0.631982,0.002585,0.584995,0.002504,0.133424,0.001289,0.242632,0.001542,0.076225,0.001644,0.067377,0.001457,0.542127,0.002749,80
pomdp_belief_update,bin_packing_recovery,nominal,long_horizon_recovery,0.651879,0.004340,0.532645,0.004758,0.099854,0.001831,0.170887,0.002088,0.614764,0.002685,0.537935,0.002126,0.145944,0.001203,0.341210,0.001211,0.071292,0.001473,0.087100,0.001476,0.540800,0.002544,80
pomdp_belief_update,bin_packing_recovery,nominal,new_operator_interventions,0.673391,0.003252,0.616939,0.004206,0.091520,0.001973,0.123781,0.002148,0.609896,0.002949,0.576620,0.002499,0.147181,0.001141,0.282850,0.001520,0.073915,0.001708,0.077849,0.001535,0.541656,0.002514,80
pomdp_belief_update,bin_packing_recovery,nominal,sparse_feedback,0.641999,0.004258,0.502539,0.005317,0.134165,0.002028,0.159040,0.002228,0.603386,0.002294,0.566830,0.002405,0.154666,0.001210,0.350561,0.001695,0.072229,0.001491,0.092408,0.001331,0.541371,0.002619,80
pomdp_belief_update,bin_packing_recovery,physical_rule_violation,combined_stress,0.522689,0.004128,0.069555,0.005286,0.203083,0.002093,0.372452,0.002358,0.536796,0.002485,0.440464,0.002591,0.214127,0.001271,0.404303,0.001397,0.063502,0.001637,0.143631,0.001535,0.505300,0.002616,80
pomdp_belief_update,bin_packing_recovery,physical_rule_violation,in_distribution,0.615155,0.004056,0.406973,0.004615,0.142081,0.002225,0.210310,0.002348,0.582827,0.003083,0.494969,0.002713,0.184776,0.001437,0.258946,0.001529,0.070680,0.001758,0.107854,0.001442,0.504560,0.002867,80
pomdp_belief_update,bin_packing_recovery,physical_rule_violation,long_horizon_recovery,0.566788,0.004369,0.208740,0.005363,0.168658,0.001994,0.317854,0.002250,0.560683,0.002918,0.441074,0.002333,0.197603,0.001210,0.355535,0.001482,0.067446,0.001520,0.127744,0.001562,0.506089,0.002668,80
pomdp_belief_update,bin_packing_recovery,physical_rule_violation,new_operator_interventions,0.578800,0.003303,0.284737,0.004223,0.161396,0.002105,0.270497,0.002108,0.562527,0.002431,0.481404,0.002680,0.199046,0.001448,0.295813,0.001408,0.067274,0.001414,0.120464,0.001504,0.502852,0.002943,80
pomdp_belief_update,bin_packing_recovery,physical_rule_violation,sparse_feedback,0.553922,0.003993,0.179758,0.004976,0.203659,0.002269,0.302848,0.002251,0.551083,0.002462,0.474382,0.002646,0.206261,0.001280,0.363896,0.001501,0.066202,0.001725,0.132833,0.001509,0.507040,0.002731,80
pomdp_belief_update,deformable_contact_replan,actuator_model_break,combined_stress,0.511812,0.003897,0.027430,0.004580,0.203144,0.002297,0.406331,0.002073,0.539638,0.002659,0.418254,0.002658,0.217082,0.001294,0.406499,0.001632,0.062363,0.001762,0.145834,0.001549,0.504170,0.002354,80
pomdp_belief_update,deformable_contact_replan,actuator_model_break,in_distribution,0.606827,0.003686,0.366093,0.004023,0.140121,0.002177,0.247782,0.002076,0.581541,0.002336,0.474001,0.002608,0.187377,0.001258,0.258724,0.001523,0.068843,0.001505,0.110724,0.001598,0.503267,0.002731,80
pomdp_belief_update,deformable_contact_replan,actuator_model_break,long_horizon_recovery,0.548329,0.004177,0.159933,0.004855,0.169496,0.002383,0.351544,0.001867,0.562757,0.002475,0.419500,0.002605,0.198509,0.001286,0.356793,0.001605,0.064221,0.001511,0.131903,0.001272,0.503236,0.002443,80
pomdp_belief_update,deformable_contact_replan,actuator_model_break,new_operator_interventions,0.572221,0.003749,0.244425,0.004649,0.164050,0.002396,0.303737,0.002116,0.558669,0.002488,0.460027,0.002740,0.200653,0.001407,0.299254,0.001360,0.067319,0.001587,0.123739,0.001504,0.503995,0.002624,80
pomdp_belief_update,deformable_contact_replan,actuator_model_break,sparse_feedback,0.539462,0.003791,0.132596,0.004376,0.203743,0.001876,0.337590,0.002380,0.549604,0.002393,0.451154,0.002610,0.206839,0.001442,0.365725,0.001748,0.065126,0.001762,0.137475,0.001294,0.501759,0.002638,80
pomdp_belief_update,deformable_contact_replan,combined_intervention_stress,combined_stress,0.415474,0.003680,-0.330036,0.004784,0.385063,0.001978,0.471626,0.002525,0.410447,0.002346,0.376295,0.002856,0.240261,0.001338,0.434424,0.001666,0.056934,0.001466,0.221526,0.001300,0.407502,0.002402,80
pomdp_belief_update,deformable_contact_replan,combined_intervention_stress,in_distribution,0.509892,0.003831,0.007283,0.004583,0.325757,0.001950,0.312878,0.002323,0.458039,0.002663,0.433259,0.002393,0.210119,0.001196,0.288168,0.001188,0.064840,0.001554,0.188346,0.001561,0.416093,0.002814,80
pomdp_belief_update,deformable_contact_replan,combined_intervention_stress,long_horizon_recovery,0.456382,0.003845,-0.191147,0.004669,0.348461,0.002313,0.416748,0.002065,0.436595,0.002334,0.378987,0.002721,0.222353,0.001395,0.386487,0.001626,0.060152,0.001575,0.207555,0.001312,0.409923,0.002719,80
pomdp_belief_update,deformable_contact_replan,combined_intervention_stress,new_operator_interventions,0.475868,0.003777,-0.115162,0.004595,0.344353,0.001949,0.373674,0.002334,0.437138,0.002572,0.416126,0.002665,0.225643,0.001348,0.329089,0.001435,0.060512,0.001681,0.199855,0.001347,0.411643,0.002789,80
pomdp_belief_update,deformable_contact_replan,combined_intervention_stress,sparse_feedback,0.446398,0.003972,-0.224043,0.004266,0.385154,0.002034,0.405562,0.002366,0.424652,0.002547,0.407804,0.002599,0.232759,0.001137,0.393880,0.001659,0.058996,0.001692,0.213654,0.001338,0.410718,0.002707,80
pomdp_belief_update,deformable_contact_replan,contact_precondition_failure,combined_stress,0.523514,0.004124,0.066172,0.005385,0.194245,0.002335,0.390846,0.002148,0.547110,0.002833,0.431392,0.002450,0.210747,0.001250,0.402700,0.001512,0.063775,0.001506,0.145210,0.001429,0.511228,0.002349,80
pomdp_belief_update,deformable_contact_replan,contact_precondition_failure,in_distribution,0.612474,0.004011,0.400688,0.005252,0.132954,0.002401,0.228201,0.002152,0.589884,0.002465,0.484121,0.002417,0.181198,0.001454,0.255705,0.001727,0.069017,0.001667,0.108998,0.001506,0.510847,0.002453,80
pomdp_belief_update,deformable_contact_replan,contact_precondition_failure,long_horizon_recovery,0.560989,0.003589,0.205911,0.004539,0.156512,0.002407,0.331297,0.002447,0.571215,0.002613,0.432612,0.002764,0.193488,0.001243,0.353438,0.001459,0.066305,0.001704,0.127919,0.001513,0.510125,0.002868,80
pomdp_belief_update,deformable_contact_replan,contact_precondition_failure,new_operator_interventions,0.578375,0.004223,0.280187,0.004806,0.152295,0.002177,0.288101,0.002448,0.569175,0.002634,0.469030,0.002592,0.195234,0.001368,0.295059,0.001705,0.066941,0.001846,0.120273,0.001265,0.508713,0.002605,80
pomdp_belief_update,deformable_contact_replan,contact_precondition_failure,sparse_feedback,0.556034,0.003721,0.180491,0.004448,0.192606,0.002466,0.320507,0.002096,0.559815,0.002647,0.463260,0.002545,0.201505,0.001385,0.361962,0.001534,0.065929,0.001489,0.132172,0.001737,0.509672,0.002876,80
pomdp_belief_update,deformable_contact_replan,environment_change_intervention,combined_stress,0.494179,0.004005,-0.031361,0.004484,0.225356,0.002064,0.421971,0.002072,0.522085,0.002530,0.407115,0.002572,0.221841,0.001476,0.408462,0.001571,0.061641,0.001631,0.158103,0.001620,0.492362,0.002565,80
pomdp_belief_update,deformable_contact_replan,environment_change_intervention,in_distribution,0.588626,0.004372,0.306022,0.004797,0.163703,0.001947,0.261181,0.002315,0.567224,0.002850,0.461617,0.003053,0.194273,0.001293,0.260955,0.001461,0.069887,0.001796,0.123740,0.001367,0.494755,0.002793,80
pomdp_belief_update,deformable_contact_replan,environment_change_intervention,long_horizon_recovery,0.534371,0.004350,0.104840,0.004987,0.191140,0.002373,0.367791,0.002174,0.545971,0.002477,0.409732,0.002502,0.204470,0.001271,0.360785,0.001558,0.064497,0.001725,0.141891,0.001463,0.494589,0.002535,80
pomdp_belief_update,deformable_contact_replan,environment_change_intervention,new_operator_interventions,0.556400,0.003666,0.189042,0.004394,0.183090,0.001907,0.321904,0.002298,0.548373,0.002519,0.451993,0.002641,0.207399,0.001391,0.301680,0.001402,0.066748,0.001694,0.134793,0.001275,0.492980,0.002563,80
pomdp_belief_update,deformable_contact_replan,environment_change_intervention,sparse_feedback,0.531588,0.004020,0.082718,0.004793,0.226560,0.002316,0.352627,0.002035,0.534439,0.002917,0.438441,0.002450,0.213849,0.001242,0.368654,0.001604,0.063939,0.001609,0.148803,0.001437,0.494520,0.002976,80
pomdp_belief_update,deformable_contact_replan,false_human_hint,combined_stress,0.527245,0.003753,0.085229,0.004593,0.283908,0.002508,0.297370,0.002309,0.490878,0.002430,0.486176,0.002305,0.178314,0.001237,0.413219,0.001608,0.063804,0.001657,0.167157,0.001449,0.467306,0.002494,80
pomdp_belief_update,deformable_contact_replan,false_human_hint,in_distribution,0.622247,0.003330,0.421651,0.004491,0.220926,0.002026,0.138432,0.002240,0.533833,0.002847,0.538128,0.002785,0.150132,0.001133,0.266132,0.001626,0.071793,0.001590,0.132927,0.001418,0.466947,0.002793,80
pomdp_belief_update,deformable_contact_replan,false_human_hint,long_horizon_recovery,0.571231,0.004461,0.225734,0.005641,0.248014,0.002068,0.242320,0.002375,0.513362,0.002451,0.489634,0.002300,0.161623,0.001423,0.364538,0.001559,0.065357,0.001699,0.152617,0.001343,0.467120,0.002455,80
pomdp_belief_update,deformable_contact_replan,false_human_hint,new_operator_interventions,0.588128,0.003823,0.302591,0.004863,0.243481,0.002331,0.198071,0.002283,0.511108,0.002695,0.529182,0.002653,0.161003,0.001336,0.305475,0.001526,0.069807,0.001669,0.144930,0.001468,0.469250,0.002253,80
pomdp_belief_update,deformable_contact_replan,false_human_hint,sparse_feedback,0.558837,0.003893,0.191673,0.004662,0.283593,0.002346,0.232817,0.002249,0.501359,0.003131,0.520623,0.002674,0.169790,0.001337,0.371374,0.001578,0.066169,0.001689,0.159082,0.001447,0.468033,0.002704,80
pomdp_belief_update,deformable_contact_replan,noisy_observation,combined_stress,0.560900,0.003851,0.219147,0.005331,0.207605,0.002429,0.278448,0.002384,0.530557,0.002575,0.503421,0.002412,0.170173,0.001270,0.407977,0.001560,0.066511,0.001644,0.126550,0.001371,0.500604,0.002977,80
pomdp_belief_update,deformable_contact_replan,noisy_observation,in_distribution,0.658722,0.004260,0.560065,0.005411,0.150352,0.002262,0.115251,0.002159,0.575558,0.002928,0.556533,0.002736,0.140539,0.001270,0.259777,0.001597,0.072694,0.001743,0.092374,0.001682,0.499069,0.002889,80
pomdp_belief_update,deformable_contact_replan,noisy_observation,long_horizon_recovery,0.600640,0.003229,0.357238,0.003556,0.172314,0.002090,0.220915,0.002119,0.555778,0.002751,0.503891,0.002661,0.152737,0.001257,0.358477,0.001748,0.068408,0.001880,0.112524,0.001508,0.499599,0.002220,80
pomdp_belief_update,deformable_contact_replan,noisy_observation,new_operator_interventions,0.623766,0.004302,0.439877,0.005014,0.168038,0.002150,0.174473,0.002124,0.553013,0.002583,0.544693,0.002413,0.155520,0.001113,0.299775,0.001482,0.071069,0.001784,0.103985,0.001339,0.501493,0.002767,80
pomdp_belief_update,deformable_contact_replan,noisy_observation,sparse_feedback,0.592927,0.004268,0.327505,0.004660,0.209535,0.002098,0.209149,0.001938,0.544992,0.002847,0.532289,0.002708,0.161155,0.001134,0.367828,0.001650,0.069453,0.001451,0.118600,0.001563,0.502197,0.002462,80
pomdp_belief_update,deformable_contact_replan,nominal,combined_stress,0.610817,0.004316,0.401579,0.005192,0.134131,0.002006,0.227272,0.001942,0.589504,0.003014,0.534902,0.002804,0.152946,0.001338,0.389791,0.001337,0.070757,0.001441,0.101787,0.001266,0.544398,0.002199,80
pomdp_belief_update,deformable_contact_replan,nominal,in_distribution,0.710821,0.004050,0.743573,0.004435,0.073127,0.001839,0.065750,0.002439,0.628124,0.002436,0.587401,0.002655,0.123023,0.001397,0.243809,0.001758,0.076926,0.001631,0.067769,0.001487,0.541690,0.002827,80
pomdp_belief_update,deformable_contact_replan,nominal,long_horizon_recovery,0.654164,0.004419,0.543014,0.005478,0.099279,0.002191,0.170533,0.002417,0.615528,0.003027,0.537991,0.002675,0.135514,0.001181,0.341889,0.001532,0.072944,0.001455,0.086208,0.001478,0.540322,0.002984,80
pomdp_belief_update,deformable_contact_replan,nominal,new_operator_interventions,0.668864,0.004015,0.613320,0.004596,0.092967,0.002150,0.129087,0.002302,0.610779,0.002924,0.574031,0.002828,0.137454,0.001427,0.284632,0.001390,0.074203,0.001658,0.079318,0.001383,0.540857,0.002845,80
pomdp_belief_update,deformable_contact_replan,nominal,sparse_feedback,0.645785,0.004676,0.514336,0.005081,0.134299,0.002069,0.157859,0.002366,0.602492,0.002506,0.566419,0.002642,0.144368,0.001292,0.350949,0.001661,0.072211,0.001626,0.091599,0.001350,0.541284,0.002823,80
pomdp_belief_update,deformable_contact_replan,physical_rule_violation,combined_stress,0.526266,0.003800,0.077866,0.004559,0.204341,0.002080,0.373765,0.001933,0.536972,0.002877,0.441014,0.002721,0.204954,0.001284,0.405028,0.001586,0.064176,0.001654,0.143711,0.001369,0.506240,0.002762,80
pomdp_belief_update,deformable_contact_replan,physical_rule_violation,in_distribution,0.619528,0.004425,0.416629,0.005318,0.143401,0.002245,0.211165,0.002039,0.580656,0.002586,0.495072,0.002576,0.175058,0.001139,0.258026,0.001657,0.069582,0.001233,0.108197,0.001542,0.504308,0.002457,80
pomdp_belief_update,deformable_contact_replan,physical_rule_violation,long_horizon_recovery,0.564667,0.004121,0.215199,0.004795,0.167883,0.002060,0.316997,0.001950,0.565139,0.002360,0.443609,0.002198,0.188255,0.001437,0.356619,0.001535,0.067270,0.001632,0.128884,0.001453,0.504326,0.003032,80
pomdp_belief_update,deformable_contact_replan,physical_rule_violation,new_operator_interventions,0.587639,0.003683,0.300252,0.003692,0.161020,0.002165,0.270981,0.002302,0.561425,0.002345,0.482275,0.002477,0.188479,0.001180,0.297352,0.001650,0.067719,0.001754,0.121319,0.001729,0.505568,0.002393,80
pomdp_belief_update,deformable_contact_replan,physical_rule_violation,sparse_feedback,0.558733,0.003907,0.192489,0.004380,0.204631,0.002306,0.301436,0.002212,0.551424,0.002558,0.475796,0.002745,0.195667,0.001230,0.364870,0.001509,0.065520,0.001733,0.132474,0.001220,0.502800,0.002787,80
pomdp_belief_update,mobile_base_intervention,actuator_model_break,combined_stress,0.515518,0.003678,0.052488,0.004344,0.204996,0.002152,0.404760,0.002246,0.537576,0.002505,0.420904,0.002803,0.186569,0.001249,0.405994,0.001427,0.063777,0.001346,0.146575,0.001766,0.502968,0.003133,80
pomdp_belief_update,mobile_base_intervention,actuator_model_break,in_distribution,0.612351,0.004096,0.390728,0.005120,0.142869,0.002075,0.246393,0.002050,0.579046,0.002513,0.472649,0.002653,0.157686,0.001312,0.259295,0.001603,0.069791,0.001766,0.111145,0.001434,0.503136,0.002620,80
pomdp_belief_update,mobile_base_intervention,actuator_model_break,long_horizon_recovery,0.555244,0.004051,0.192231,0.005002,0.167876,0.001904,0.347675,0.002071,0.562469,0.002667,0.422217,0.002698,0.170430,0.001211,0.356158,0.001681,0.063914,0.001591,0.130101,0.001313,0.504030,0.002979,80
pomdp_belief_update,mobile_base_intervention,actuator_model_break,new_operator_interventions,0.574349,0.003975,0.270184,0.005053,0.162462,0.002372,0.304178,0.002311,0.559035,0.002667,0.460729,0.002649,0.169644,0.001312,0.298966,0.001584,0.066564,0.001629,0.123213,0.001464,0.503822,0.002731,80
pomdp_belief_update,mobile_base_intervention,actuator_model_break,sparse_feedback,0.549379,0.004138,0.164213,0.004440,0.203796,0.002160,0.337872,0.002123,0.550533,0.002742,0.452468,0.002370,0.177390,0.001431,0.365629,0.001649,0.064362,0.001419,0.137247,0.001628,0.503153,0.002512,80
pomdp_belief_update,mobile_base_intervention,combined_intervention_stress,combined_stress,0.423804,0.003933,-0.301781,0.004597,0.384764,0.002574,0.474598,0.002111,0.413689,0.002752,0.376314,0.002751,0.210615,0.001186,0.435505,0.001485,0.057470,0.001450,0.221843,0.001425,0.411316,0.002045,80
pomdp_belief_update,mobile_base_intervention,combined_intervention_stress,in_distribution,0.517901,0.004352,0.035814,0.005347,0.323592,0.002224,0.313451,0.002167,0.456413,0.002227,0.426053,0.002518,0.180414,0.001435,0.286569,0.001471,0.063101,0.001608,0.187977,0.001621,0.410189,0.002325,80
pomdp_belief_update,mobile_base_intervention,combined_intervention_stress,long_horizon_recovery,0.461726,0.003462,-0.165153,0.004456,0.351305,0.001922,0.416076,0.001996,0.438976,0.002357,0.379244,0.003009,0.193671,0.001010,0.385020,0.001600,0.060544,0.001503,0.206674,0.001358,0.410903,0.002807,80
pomdp_belief_update,mobile_base_intervention,combined_intervention_stress,new_operator_interventions,0.483415,0.004164,-0.085046,0.004646,0.342792,0.002053,0.373660,0.002173,0.435031,0.002725,0.419900,0.002573,0.195500,0.001191,0.327727,0.001428,0.059721,0.001618,0.201157,0.001499,0.409137,0.002605,80
pomdp_belief_update,mobile_base_intervention,combined_intervention_stress,sparse_feedback,0.455812,0.004043,-0.191585,0.004732,0.387242,0.002353,0.404026,0.001954,0.425103,0.002661,0.408747,0.002940,0.200763,0.001297,0.393872,0.001565,0.059453,0.001384,0.212940,0.001174,0.409597,0.002581,80
pomdp_belief_update,mobile_base_intervention,contact_precondition_failure,combined_stress,0.529275,0.003940,0.096471,0.005117,0.192209,0.002163,0.389277,0.002182,0.545643,0.002453,0.428987,0.002630,0.180948,0.001329,0.400762,0.001605,0.063026,0.001611,0.142150,0.001342,0.509031,0.002401,80
pomdp_belief_update,mobile_base_intervention,contact_precondition_failure,in_distribution,0.623270,0.004251,0.434187,0.004954,0.130613,0.002445,0.229082,0.002114,0.589095,0.002624,0.482919,0.002683,0.150814,0.001222,0.256043,0.001418,0.069419,0.001470,0.107086,0.001435,0.511127,0.002341,80
pomdp_belief_update,mobile_base_intervention,contact_precondition_failure,long_horizon_recovery,0.570713,0.003226,0.237909,0.004131,0.154349,0.002056,0.332953,0.002249,0.572875,0.002327,0.430795,0.002539,0.163286,0.001430,0.352017,0.001445,0.066937,0.001564,0.126829,0.001342,0.508551,0.002428,80
pomdp_belief_update,mobile_base_intervention,contact_precondition_failure,new_operator_interventions,0.589138,0.003887,0.312358,0.004478,0.151646,0.001829,0.288284,0.002317,0.567120,0.002677,0.471197,0.002793,0.166144,0.001461,0.294283,0.001486,0.067720,0.001699,0.119197,0.001345,0.507934,0.002392,80
pomdp_belief_update,mobile_base_intervention,contact_precondition_failure,sparse_feedback,0.560988,0.003909,0.207921,0.004981,0.190382,0.002479,0.320489,0.002001,0.559759,0.002514,0.460217,0.002938,0.171151,0.001312,0.362075,0.001501,0.066340,0.001769,0.131508,0.001451,0.508102,0.002364,80
pomdp_belief_update,mobile_base_intervention,environment_change_intervention,combined_stress,0.505764,0.003848,0.000175,0.004738,0.225636,0.002037,0.423602,0.001996,0.522027,0.002490,0.407311,0.002458,0.191903,0.001470,0.407351,0.001555,0.061750,0.001475,0.158831,0.001449,0.491873,0.002613,80
pomdp_belief_update,mobile_base_intervention,environment_change_intervention,in_distribution,0.599041,0.003874,0.340529,0.004902,0.162887,0.002107,0.261362,0.002368,0.566988,0.002353,0.462232,0.002550,0.162326,0.001265,0.261861,0.001646,0.067787,0.001784,0.121815,0.001508,0.493231,0.002421,80
pomdp_belief_update,mobile_base_intervention,environment_change_intervention,long_horizon_recovery,0.539839,0.003633,0.134792,0.004861,0.190428,0.002326,0.365491,0.002477,0.550316,0.002772,0.410056,0.002662,0.175084,0.001406,0.358841,0.001620,0.065111,0.001458,0.142237,0.001534,0.494920,0.002600,80
pomdp_belief_update,mobile_base_intervention,environment_change_intervention,new_operator_interventions,0.556776,0.003858,0.210953,0.004920,0.182813,0.002071,0.321896,0.002196,0.546340,0.002822,0.452283,0.002826,0.176876,0.001385,0.301851,0.001817,0.065518,0.001579,0.135982,0.001514,0.494082,0.002911,80
pomdp_belief_update,mobile_base_intervention,environment_change_intervention,sparse_feedback,0.535312,0.004617,0.110383,0.005404,0.225484,0.002350,0.353768,0.002054,0.538902,0.002606,0.441399,0.002387,0.183651,0.001263,0.368145,0.001635,0.062551,0.001587,0.148223,0.001516,0.494806,0.002604,80
pomdp_belief_update,mobile_base_intervention,false_human_hint,combined_stress,0.537313,0.003847,0.114270,0.004537,0.282995,0.002292,0.300176,0.002320,0.488247,0.002523,0.486029,0.002522,0.148363,0.001321,0.413167,0.001642,0.064890,0.001766,0.167392,0.001391,0.467045,0.002992,80
pomdp_belief_update,mobile_base_intervention,false_human_hint,in_distribution,0.629299,0.003923,0.453258,0.004924,0.220907,0.001934,0.137534,0.002144,0.532980,0.003029,0.539743,0.002903,0.118054,0.001323,0.266578,0.001458,0.069212,0.001683,0.132133,0.001547,0.467700,0.002516,80
pomdp_belief_update,mobile_base_intervention,false_human_hint,long_horizon_recovery,0.573426,0.004010,0.248589,0.004685,0.247918,0.002475,0.243156,0.002461,0.513303,0.002954,0.489936,0.002680,0.132103,0.001362,0.363963,0.001707,0.066576,0.001528,0.152765,0.001466,0.467916,0.002306,80
pomdp_belief_update,mobile_base_intervention,false_human_hint,new_operator_interventions,0.596305,0.003297,0.332139,0.003970,0.240971,0.001942,0.197505,0.002051,0.512215,0.002763,0.528629,0.002973,0.133397,0.001443,0.305098,0.001561,0.068491,0.001523,0.145946,0.001321,0.465526,0.002560,80
pomdp_belief_update,mobile_base_intervention,false_human_hint,sparse_feedback,0.566821,0.003965,0.223609,0.004942,0.281841,0.002209,0.231600,0.002477,0.503302,0.002593,0.520100,0.002728,0.139084,0.001225,0.370658,0.001733,0.067881,0.001694,0.159042,0.001545,0.466570,0.002883,80
pomdp_belief_update,mobile_base_intervention,noisy_observation,combined_stress,0.571010,0.003945,0.250638,0.004578,0.210314,0.002187,0.275917,0.002160,0.532504,0.002315,0.502441,0.002341,0.140659,0.001273,0.406392,0.001667,0.067003,0.001665,0.127126,0.001590,0.499775,0.002469,80
pomdp_belief_update,mobile_base_intervention,noisy_observation,in_distribution,0.664337,0.003972,0.587381,0.004898,0.146659,0.002183,0.116083,0.002036,0.575201,0.002629,0.553802,0.002652,0.111177,0.001488,0.260603,0.001491,0.073290,0.001652,0.092659,0.001415,0.500127,0.002653,80
pomdp_belief_update,mobile_base_intervention,noisy_observation,long_horizon_recovery,0.607183,0.003533,0.384205,0.004108,0.171329,0.001902,0.221230,0.002089,0.554974,0.002210,0.502811,0.002598,0.123083,0.001274,0.359294,0.001572,0.070351,0.001419,0.112645,0.001507,0.498554,0.002622,80
pomdp_belief_update,mobile_base_intervention,noisy_observation,new_operator_interventions,0.628221,0.004433,0.464104,0.004697,0.168284,0.002022,0.176028,0.002377,0.556124,0.003055,0.544226,0.002849,0.124550,0.001222,0.302124,0.001406,0.072579,0.001692,0.105840,0.001452,0.499994,0.002849,80
pomdp_belief_update,mobile_base_intervention,noisy_observation,sparse_feedback,0.599536,0.003787,0.355896,0.004849,0.210805,0.002173,0.208448,0.002215,0.544242,0.002496,0.532571,0.002393,0.131055,0.001053,0.367988,0.001574,0.068838,0.001624,0.117000,0.001395,0.501236,0.002630,80
pomdp_belief_update,mobile_base_intervention,nominal,combined_stress,0.620875,0.003554,0.431087,0.004714,0.134775,0.001998,0.227650,0.002172,0.587549,0.002795,0.535507,0.002405,0.123111,0.001269,0.391510,0.001630,0.069250,0.001825,0.102461,0.001292,0.540366,0.002164,80
pomdp_belief_update,mobile_base_intervention,nominal,in_distribution,0.712512,0.003857,0.769333,0.004415,0.070769,0.002427,0.066106,0.001713,0.632267,0.002542,0.587830,0.002507,0.093558,0.001327,0.244237,0.001649,0.076584,0.001511,0.065877,0.001619,0.540046,0.002380,80
pomdp_belief_update,mobile_base_intervention,nominal,long_horizon_recovery,0.661981,0.004089,0.570850,0.004822,0.099541,0.002306,0.170628,0.002060,0.615352,0.002658,0.537102,0.002346,0.106527,0.001390,0.341387,0.001577,0.073084,0.001783,0.087090,0.001272,0.540709,0.002701,80
pomdp_belief_update,mobile_base_intervention,nominal,new_operator_interventions,0.678980,0.003934,0.649975,0.005004,0.093737,0.002274,0.122994,0.002169,0.612328,0.002667,0.575190,0.002480,0.107722,0.001206,0.283365,0.001435,0.073423,0.001657,0.078454,0.001579,0.541570,0.002501,80
pomdp_belief_update,mobile_base_intervention,nominal,sparse_feedback,0.653371,0.004006,0.544655,0.004481,0.134053,0.002198,0.158490,0.001993,0.602419,0.002708,0.569222,0.002978,0.113903,0.001122,0.350207,0.001784,0.072519,0.001701,0.090941,0.001333,0.543604,0.002619,80
pomdp_belief_update,mobile_base_intervention,physical_rule_violation,combined_stress,0.535333,0.003708,0.109320,0.004294,0.206139,0.002024,0.371873,0.002093,0.537895,0.002668,0.441022,0.002326,0.174184,0.001245,0.404282,0.001565,0.063823,0.001487,0.144200,0.001337,0.505465,0.002824,80
pomdp_belief_update,mobile_base_intervention,physical_rule_violation,in_distribution,0.627432,0.004536,0.446846,0.005498,0.141873,0.002025,0.212387,0.002386,0.582954,0.002661,0.495725,0.002609,0.145382,0.001219,0.257803,0.001458,0.069072,0.001490,0.107725,0.001522,0.503891,0.002601,80
pomdp_belief_update,mobile_base_intervention,physical_rule_violation,long_horizon_recovery,0.571077,0.003647,0.243859,0.004377,0.167750,0.002241,0.317175,0.002151,0.565561,0.002562,0.440787,0.002573,0.157457,0.001256,0.355601,0.001675,0.066391,0.001732,0.128340,0.001491,0.505302,0.002816,80
pomdp_belief_update,mobile_base_intervention,physical_rule_violation,new_operator_interventions,0.593628,0.003925,0.328191,0.004124,0.160389,0.002112,0.271161,0.002316,0.563630,0.002617,0.481429,0.002840,0.159746,0.001243,0.296941,0.001706,0.068263,0.001603,0.119052,0.001551,0.503806,0.002779,80
pomdp_belief_update,mobile_base_intervention,physical_rule_violation,sparse_feedback,0.563344,0.004038,0.216393,0.005168,0.204113,0.002172,0.305242,0.002102,0.552527,0.002746,0.474853,0.002681,0.164864,0.001238,0.364609,0.001425,0.065638,0.001531,0.134072,0.001547,0.503993,0.002903,80
pomdp_belief_update,occluded_drawer_recovery,actuator_model_break,combined_stress,0.515124,0.003491,0.057492,0.004270,0.205021,0.002386,0.408010,0.001945,0.539330,0.002595,0.418188,0.002878,0.175930,0.001361,0.406537,0.001400,0.063352,0.001511,0.146019,0.001313,0.503182,0.003142,80
pomdp_belief_update,occluded_drawer_recovery,actuator_model_break,in_distribution,0.614606,0.004179,0.401300,0.004972,0.141501,0.002279,0.246661,0.002465,0.579923,0.002891,0.472456,0.003037,0.146532,0.001281,0.259295,0.001672,0.069122,0.001578,0.112443,0.001525,0.502285,0.002517,80
pomdp_belief_update,occluded_drawer_recovery,actuator_model_break,long_horizon_recovery,0.560763,0.004244,0.203282,0.004652,0.166256,0.002103,0.350013,0.002204,0.562932,0.002593,0.418366,0.002699,0.159603,0.001187,0.358539,0.001600,0.065554,0.001625,0.129458,0.001573,0.502944,0.002582,80
pomdp_belief_update,occluded_drawer_recovery,actuator_model_break,new_operator_interventions,0.579636,0.004384,0.281054,0.004779,0.161767,0.002215,0.305376,0.002235,0.559019,0.002649,0.459759,0.002802,0.161356,0.001287,0.298578,0.001775,0.067734,0.001345,0.121962,0.001335,0.503359,0.002661,80
pomdp_belief_update,occluded_drawer_recovery,actuator_model_break,sparse_feedback,0.550598,0.004396,0.173432,0.005168,0.203776,0.002413,0.337232,0.001826,0.548858,0.002618,0.452730,0.003231,0.167380,0.001214,0.364560,0.001498,0.064986,0.001653,0.136216,0.001406,0.504291,0.002499,80
pomdp_belief_update,occluded_drawer_recovery,combined_intervention_stress,combined_stress,0.426666,0.003532,-0.292041,0.005167,0.386018,0.002205,0.474582,0.002660,0.412025,0.002426,0.375751,0.002429,0.200075,0.001417,0.432385,0.001531,0.057200,0.001681,0.222812,0.001536,0.413098,0.002452,80
pomdp_belief_update,occluded_drawer_recovery,combined_intervention_stress,in_distribution,0.521507,0.004208,0.047034,0.005116,0.323893,0.002064,0.312575,0.002248,0.456784,0.002858,0.428745,0.002914,0.170933,0.001278,0.288385,0.001463,0.062569,0.001550,0.187633,0.001491,0.409923,0.002448,80
pomdp_belief_update,occluded_drawer_recovery,combined_intervention_stress,long_horizon_recovery,0.466776,0.003743,-0.152907,0.004846,0.349883,0.002190,0.413762,0.002357,0.436920,0.002502,0.377997,0.002520,0.184540,0.001459,0.386005,0.001605,0.061730,0.001725,0.207781,0.001323,0.410377,0.002624,80
pomdp_belief_update,occluded_drawer_recovery,combined_intervention_stress,new_operator_interventions,0.488980,0.003804,-0.069612,0.005345,0.342861,0.002424,0.371578,0.001858,0.436456,0.002888,0.417230,0.002311,0.184903,0.001394,0.326165,0.001699,0.061193,0.001850,0.198779,0.001581,0.409847,0.002568,80
pomdp_belief_update,occluded_drawer_recovery,combined_intervention_stress,sparse_feedback,0.456398,0.003462,-0.183336,0.004538,0.384943,0.002152,0.406136,0.002402,0.425905,0.002431,0.409489,0.002709,0.190918,0.001481,0.394408,0.001582,0.059967,0.001684,0.211969,0.001514,0.410757,0.002409,80
pomdp_belief_update,occluded_drawer_recovery,contact_precondition_failure,combined_stress,0.532437,0.003744,0.105704,0.004365,0.195155,0.002456,0.389294,0.001718,0.546137,0.002371,0.431368,0.002483,0.170003,0.001198,0.401730,0.001615,0.063684,0.001567,0.142648,0.001389,0.509449,0.002505,80
pomdp_belief_update,occluded_drawer_recovery,contact_precondition_failure,in_distribution,0.626817,0.003750,0.443420,0.004634,0.131497,0.002262,0.230263,0.002119,0.590252,0.002965,0.481658,0.002369,0.141194,0.001233,0.254045,0.001618,0.070163,0.001658,0.108002,0.001416,0.513310,0.002602,80
pomdp_belief_update,occluded_drawer_recovery,contact_precondition_failure,long_horizon_recovery,0.571916,0.003768,0.243275,0.004363,0.155994,0.002157,0.334251,0.002256,0.571827,0.002688,0.431165,0.002593,0.154878,0.001378,0.351423,0.001415,0.065465,0.001754,0.127289,0.001464,0.508312,0.002403,80
pomdp_belief_update,occluded_drawer_recovery,contact_precondition_failure,new_operator_interventions,0.593243,0.003838,0.323238,0.004438,0.153808,0.002014,0.287779,0.002331,0.569411,0.002778,0.472083,0.002720,0.156104,0.001332,0.294731,0.001522,0.066951,0.001917,0.119742,0.001484,0.508565,0.003195,80
pomdp_belief_update,occluded_drawer_recovery,contact_precondition_failure,sparse_feedback,0.565710,0.004315,0.216014,0.004708,0.195840,0.002411,0.321631,0.002187,0.559777,0.002903,0.462998,0.002600,0.160714,0.001166,0.363416,0.001448,0.064579,0.001419,0.133278,0.001369,0.510696,0.002577,80
pomdp_belief_update,occluded_drawer_recovery,environment_change_intervention,combined_stress,0.508538,0.004160,0.011150,0.004879,0.225787,0.001992,0.421876,0.002316,0.522565,0.002666,0.408001,0.002251,0.183165,0.001255,0.408863,0.001605,0.061086,0.001584,0.157244,0.001659,0.493511,0.002292,80
pomdp_belief_update,occluded_drawer_recovery,environment_change_intervention,in_distribution,0.601087,0.003657,0.346395,0.004445,0.163809,0.002333,0.262311,0.002036,0.565553,0.002251,0.459836,0.002704,0.152856,0.001541,0.261221,0.001438,0.068498,0.001630,0.124055,0.001449,0.493894,0.002661,80
pomdp_belief_update,occluded_drawer_recovery,environment_change_intervention,long_horizon_recovery,0.540612,0.004081,0.142516,0.004500,0.188324,0.001917,0.366995,0.002219,0.552885,0.002392,0.407539,0.002292,0.165108,0.001455,0.359532,0.001468,0.064443,0.001498,0.142386,0.001580,0.490698,0.002824,80
pomdp_belief_update,occluded_drawer_recovery,environment_change_intervention,new_operator_interventions,0.568504,0.003886,0.226058,0.004793,0.184343,0.002378,0.322108,0.001997,0.544633,0.002913,0.450462,0.002855,0.169035,0.001365,0.301678,0.001884,0.066219,0.001521,0.135716,0.001457,0.492639,0.002550,80
pomdp_belief_update,occluded_drawer_recovery,environment_change_intervention,sparse_feedback,0.538035,0.004335,0.116022,0.005096,0.226002,0.001913,0.356150,0.001990,0.537445,0.002710,0.439315,0.002573,0.174405,0.001406,0.368752,0.001512,0.065121,0.001684,0.148005,0.001500,0.491703,0.003042,80
pomdp_belief_update,occluded_drawer_recovery,false_human_hint,combined_stress,0.542921,0.003738,0.125065,0.004809,0.284661,0.002012,0.301368,0.001961,0.489052,0.002594,0.487292,0.002861,0.138060,0.001300,0.411967,0.001475,0.066066,0.001439,0.168458,0.001478,0.463533,0.002403,80
pomdp_belief_update,occluded_drawer_recovery,false_human_hint,in_distribution,0.630162,0.003685,0.459622,0.004282,0.219136,0.001793,0.138491,0.002475,0.532752,0.002907,0.539303,0.002605,0.110263,0.001477,0.265743,0.001393,0.071631,0.001588,0.132389,0.001479,0.467770,0.002814,80
pomdp_belief_update,occluded_drawer_recovery,false_human_hint,long_horizon_recovery,0.574674,0.004281,0.258361,0.004918,0.244805,0.002160,0.244633,0.002117,0.513912,0.002252,0.487536,0.002546,0.120833,0.001387,0.363628,0.001532,0.067706,0.001694,0.152661,0.001350,0.468074,0.002331,80
pomdp_belief_update,occluded_drawer_recovery,false_human_hint,new_operator_interventions,0.600555,0.004011,0.343268,0.004616,0.239383,0.002406,0.199927,0.001939,0.515067,0.002811,0.530414,0.002731,0.123918,0.001227,0.305391,0.001653,0.068894,0.001385,0.146237,0.001513,0.466043,0.002628,80
pomdp_belief_update,occluded_drawer_recovery,false_human_hint,sparse_feedback,0.572139,0.003800,0.235309,0.004534,0.284277,0.002018,0.231411,0.002467,0.506400,0.002751,0.520967,0.002696,0.129592,0.001166,0.373057,0.001550,0.066112,0.001657,0.158077,0.001258,0.466196,0.002666,80
pomdp_belief_update,occluded_drawer_recovery,noisy_observation,combined_stress,0.572458,0.003569,0.255931,0.004380,0.210529,0.001851,0.278315,0.002008,0.531632,0.002504,0.501858,0.002863,0.131024,0.001542,0.407374,0.001632,0.068341,0.001416,0.127866,0.001332,0.498961,0.003085,80
pomdp_belief_update,occluded_drawer_recovery,noisy_observation,in_distribution,0.666898,0.003937,0.595529,0.004407,0.150177,0.001900,0.115037,0.002027,0.575179,0.002520,0.555495,0.002384,0.101157,0.001136,0.260711,0.001688,0.073828,0.001361,0.093949,0.001308,0.501940,0.002607,80
pomdp_belief_update,occluded_drawer_recovery,noisy_observation,long_horizon_recovery,0.609057,0.003833,0.392831,0.004771,0.172655,0.002234,0.221388,0.001919,0.556283,0.002876,0.505588,0.002772,0.113897,0.001163,0.357927,0.001661,0.069320,0.001503,0.114045,0.001614,0.500670,0.002618,80
pomdp_belief_update,occluded_drawer_recovery,noisy_observation,new_operator_interventions,0.629622,0.003480,0.471901,0.004267,0.169266,0.002070,0.176026,0.002112,0.554266,0.002190,0.541935,0.002306,0.114790,0.001220,0.300914,0.001447,0.071786,0.001701,0.105036,0.001456,0.501426,0.002690,80
pomdp_belief_update,occluded_drawer_recovery,noisy_observation,sparse_feedback,0.603792,0.003759,0.369372,0.004722,0.210655,0.002206,0.207371,0.002311,0.547307,0.002625,0.536619,0.002726,0.121271,0.001368,0.367039,0.001438,0.069108,0.001561,0.117837,0.001389,0.500697,0.002730,80
pomdp_belief_update,occluded_drawer_recovery,nominal,combined_stress,0.621169,0.003768,0.440217,0.004238,0.134463,0.001844,0.226776,0.002193,0.589166,0.002878,0.534441,0.003023,0.112869,0.001315,0.389966,0.001531,0.070154,0.001647,0.102042,0.001400,0.541494,0.002481,80
pomdp_belief_update,occluded_drawer_recovery,nominal,in_distribution,0.714890,0.003719,0.779355,0.004855,0.073371,0.002182,0.064870,0.002105,0.634486,0.002555,0.586779,0.002571,0.083072,0.001167,0.243347,0.001411,0.075477,0.001681,0.066155,0.001336,0.542560,0.002421,80
pomdp_belief_update,occluded_drawer_recovery,nominal,long_horizon_recovery,0.660160,0.003507,0.577192,0.004369,0.099876,0.002202,0.170971,0.002508,0.614463,0.002445,0.534753,0.002764,0.093699,0.001394,0.341977,0.001449,0.073563,0.001585,0.087033,0.001254,0.543657,0.003070,80
pomdp_belief_update,occluded_drawer_recovery,nominal,new_operator_interventions,0.682705,0.003813,0.658442,0.004872,0.094018,0.002206,0.126302,0.002291,0.609765,0.002745,0.578292,0.002945,0.097247,0.001400,0.283681,0.001535,0.074049,0.001422,0.078830,0.001451,0.542187,0.002432,80
pomdp_belief_update,occluded_drawer_recovery,nominal,sparse_feedback,0.652827,0.003752,0.547222,0.004328,0.137128,0.002495,0.159295,0.002408,0.603185,0.002335,0.565662,0.002871,0.103451,0.001365,0.350798,0.001540,0.071619,0.001595,0.093433,0.001331,0.540244,0.002616,80
pomdp_belief_update,occluded_drawer_recovery,physical_rule_violation,combined_stress,0.535885,0.003694,0.119522,0.004581,0.203273,0.002096,0.372133,0.002087,0.537167,0.002593,0.440062,0.002811,0.163763,0.001385,0.403047,0.001487,0.063409,0.001665,0.142803,0.001573,0.505030,0.002913,80
pomdp_belief_update,occluded_drawer_recovery,physical_rule_violation,in_distribution,0.627601,0.004610,0.454589,0.005115,0.141404,0.002271,0.212267,0.002248,0.581468,0.002422,0.495556,0.002763,0.134761,0.001409,0.256297,0.001526,0.070604,0.001561,0.108171,0.001490,0.504410,0.002400,80
pomdp_belief_update,occluded_drawer_recovery,physical_rule_violation,long_horizon_recovery,0.575652,0.004352,0.256128,0.004706,0.168496,0.002480,0.315744,0.002096,0.564522,0.002574,0.442052,0.002610,0.147439,0.001142,0.355938,0.001506,0.066366,0.001573,0.127490,0.001209,0.502594,0.002540,80
pomdp_belief_update,occluded_drawer_recovery,physical_rule_violation,new_operator_interventions,0.597533,0.003099,0.337287,0.004012,0.163608,0.002424,0.270469,0.002058,0.559401,0.002704,0.482382,0.002574,0.149524,0.001359,0.295880,0.001552,0.067128,0.001725,0.119782,0.001418,0.504090,0.002631,80
pomdp_belief_update,occluded_drawer_recovery,physical_rule_violation,sparse_feedback,0.567158,0.003944,0.226393,0.004548,0.205578,0.001780,0.303899,0.002120,0.550937,0.002515,0.472583,0.002326,0.154454,0.001294,0.365501,0.001642,0.066885,0.001390,0.133640,0.001329,0.503168,0.002730,80
pomdp_belief_update,payload_shift_pick,actuator_model_break,combined_stress,0.516316,0.003848,0.047666,0.004569,0.201830,0.002149,0.404628,0.002120,0.536967,0.002807,0.419266,0.002339,0.198095,0.001291,0.403700,0.001658,0.062837,0.001592,0.145837,0.001493,0.503501,0.002632,80
pomdp_belief_update,payload_shift_pick,actuator_model_break,in_distribution,0.610111,0.004080,0.383532,0.005184,0.143116,0.002129,0.246549,0.002216,0.582850,0.002492,0.473354,0.002630,0.166489,0.001225,0.258371,0.001769,0.069407,0.001558,0.110703,0.001508,0.503429,0.002376,80
pomdp_belief_update,payload_shift_pick,actuator_model_break,long_horizon_recovery,0.553424,0.003776,0.181366,0.004700,0.168674,0.002166,0.349458,0.002072,0.562652,0.002551,0.421238,0.002544,0.180105,0.001441,0.355192,0.001405,0.063688,0.001430,0.131043,0.001118,0.503016,0.002319,80
pomdp_belief_update,payload_shift_pick,actuator_model_break,new_operator_interventions,0.572525,0.003768,0.258212,0.005216,0.164614,0.002307,0.304178,0.002170,0.559860,0.002795,0.461422,0.002684,0.181043,0.001372,0.300135,0.001448,0.067463,0.001403,0.124210,0.001332,0.502905,0.002558,80
pomdp_belief_update,payload_shift_pick,actuator_model_break,sparse_feedback,0.546659,0.003174,0.152422,0.004127,0.202797,0.002114,0.340643,0.002008,0.547915,0.003052,0.451275,0.002220,0.186307,0.001356,0.367198,0.001366,0.064683,0.001489,0.137489,0.001354,0.503952,0.002503,80
pomdp_belief_update,payload_shift_pick,combined_intervention_stress,combined_stress,0.422416,0.004393,-0.310011,0.004983,0.386021,0.002149,0.473020,0.002138,0.409658,0.002559,0.375313,0.002726,0.220495,0.001318,0.433657,0.001533,0.056489,0.001440,0.221241,0.001368,0.413073,0.002689,80
pomdp_belief_update,payload_shift_pick,combined_intervention_stress,in_distribution,0.515754,0.003992,0.024805,0.005156,0.323313,0.002976,0.313804,0.002605,0.455592,0.002357,0.428510,0.002559,0.191520,0.001268,0.289222,0.001489,0.064182,0.001516,0.188623,0.001482,0.410186,0.002268,80
pomdp_belief_update,payload_shift_pick,combined_intervention_stress,long_horizon_recovery,0.461929,0.004046,-0.171698,0.004584,0.349666,0.002103,0.415939,0.002208,0.438650,0.002410,0.377691,0.002489,0.203442,0.001411,0.386151,0.001624,0.059439,0.001588,0.207149,0.001413,0.409613,0.002491,80
pomdp_belief_update,payload_shift_pick,combined_intervention_stress,new_operator_interventions,0.482078,0.004081,-0.092382,0.005017,0.342952,0.001672,0.372197,0.002150,0.434481,0.002299,0.417441,0.002763,0.205015,0.001429,0.327360,0.001431,0.063170,0.001754,0.198693,0.001277,0.410472,0.002553,80
pomdp_belief_update,payload_shift_pick,combined_intervention_stress,sparse_feedback,0.453877,0.003843,-0.201028,0.004624,0.386530,0.002052,0.404455,0.002413,0.426445,0.002402,0.409517,0.002637,0.211809,0.001376,0.393292,0.001719,0.059313,0.001371,0.214147,0.001427,0.410614,0.002489,80
pomdp_belief_update,payload_shift_pick,contact_precondition_failure,combined_stress,0.528627,0.004398,0.087627,0.005029,0.193840,0.002111,0.389853,0.002379,0.545369,0.003103,0.432169,0.003322,0.190898,0.001450,0.401208,0.001625,0.063934,0.001639,0.142190,0.001462,0.509527,0.002649,80
pomdp_belief_update,payload_shift_pick,contact_precondition_failure,in_distribution,0.621674,0.003804,0.425035,0.004803,0.130564,0.002201,0.229751,0.002414,0.592447,0.002495,0.482853,0.002737,0.160837,0.001366,0.255205,0.001517,0.070630,0.001645,0.108285,0.001175,0.509167,0.002787,80
pomdp_belief_update,payload_shift_pick,contact_precondition_failure,long_horizon_recovery,0.563963,0.003589,0.220795,0.004150,0.157562,0.002187,0.333596,0.002125,0.571358,0.002861,0.431947,0.002649,0.174143,0.001285,0.353642,0.001608,0.065415,0.001844,0.127304,0.001364,0.510432,0.002887,80
pomdp_belief_update,payload_shift_pick,contact_precondition_failure,new_operator_interventions,0.586575,0.004024,0.302229,0.004675,0.151694,0.002259,0.289694,0.002368,0.568334,0.002562,0.471223,0.002865,0.175388,0.001206,0.295670,0.001385,0.067589,0.001789,0.120205,0.001312,0.513090,0.003319,80
pomdp_belief_update,payload_shift_pick,contact_precondition_failure,sparse_feedback,0.558563,0.003580,0.196577,0.004419,0.192910,0.002150,0.320416,0.002263,0.558393,0.002637,0.461621,0.002202,0.181131,0.001557,0.361959,0.001231,0.068052,0.001431,0.131780,0.001449,0.509914,0.002858,80
pomdp_belief_update,payload_shift_pick,environment_change_intervention,combined_stress,0.498357,0.004170,-0.010770,0.005185,0.222134,0.002115,0.423600,0.002373,0.521945,0.002817,0.408656,0.002849,0.201647,0.001319,0.408621,0.001427,0.061361,0.001445,0.156350,0.001421,0.492783,0.002511,80
pomdp_belief_update,payload_shift_pick,environment_change_intervention,in_distribution,0.594449,0.003983,0.325319,0.004446,0.163776,0.001979,0.263232,0.002397,0.566030,0.002969,0.462431,0.002780,0.173325,0.001210,0.261756,0.001531,0.068786,0.001521,0.123017,0.001436,0.492549,0.002903,80
pomdp_belief_update,payload_shift_pick,environment_change_intervention,long_horizon_recovery,0.539885,0.003893,0.128802,0.004711,0.189618,0.002173,0.364385,0.002245,0.550730,0.002430,0.411275,0.002580,0.184687,0.001379,0.358459,0.001762,0.064026,0.001605,0.143993,0.001285,0.491473,0.002613,80
pomdp_belief_update,payload_shift_pick,environment_change_intervention,new_operator_interventions,0.558141,0.004185,0.200574,0.004917,0.185225,0.002153,0.322996,0.002259,0.547233,0.002725,0.450017,0.002581,0.188607,0.001342,0.301857,0.001338,0.067481,0.001658,0.136354,0.001519,0.492382,0.002673,80
pomdp_belief_update,payload_shift_pick,environment_change_intervention,sparse_feedback,0.533823,0.004803,0.101028,0.005933,0.223441,0.001904,0.355600,0.002055,0.538519,0.002735,0.440048,0.002816,0.193472,0.001311,0.368739,0.001794,0.064233,0.001441,0.147496,0.001159,0.492473,0.002869,80
pomdp_belief_update,payload_shift_pick,false_human_hint,combined_stress,0.536285,0.003612,0.106690,0.004316,0.282957,0.002149,0.301039,0.002291,0.489775,0.002760,0.489823,0.002438,0.158174,0.001159,0.412900,0.001489,0.063766,0.001617,0.168001,0.001375,0.465381,0.002365,80
pomdp_belief_update,payload_shift_pick,false_human_hint,in_distribution,0.627861,0.004345,0.441533,0.005208,0.220388,0.002338,0.140038,0.002275,0.532688,0.002572,0.541621,0.002787,0.129184,0.001365,0.266559,0.001489,0.072461,0.001586,0.133475,0.001483,0.467623,0.002519,80
pomdp_belief_update,payload_shift_pick,false_human_hint,long_horizon_recovery,0.573753,0.004046,0.240260,0.004811,0.248510,0.002065,0.244095,0.002043,0.512829,0.002608,0.489511,0.002232,0.141381,0.001359,0.364703,0.001617,0.067671,0.001712,0.153471,0.001371,0.467634,0.002664,80
pomdp_belief_update,payload_shift_pick,false_human_hint,new_operator_interventions,0.594821,0.003588,0.323897,0.004220,0.240726,0.002250,0.196600,0.001959,0.511378,0.002698,0.530102,0.002762,0.143605,0.001378,0.306187,0.001282,0.070121,0.001617,0.145326,0.001582,0.465547,0.002834,80
pomdp_belief_update,payload_shift_pick,false_human_hint,sparse_feedback,0.569261,0.004448,0.215544,0.004401,0.283771,0.002547,0.233767,0.002219,0.500610,0.002380,0.519358,0.002603,0.148583,0.001372,0.373031,0.001552,0.067230,0.001742,0.158146,0.001586,0.466734,0.002582,80
pomdp_belief_update,payload_shift_pick,noisy_observation,combined_stress,0.567282,0.004584,0.237212,0.005177,0.210297,0.002494,0.279024,0.001994,0.534180,0.002297,0.503020,0.002406,0.150607,0.001368,0.408180,0.001794,0.066528,0.001646,0.128998,0.001464,0.501579,0.002251,80
pomdp_belief_update,payload_shift_pick,noisy_observation,in_distribution,0.668469,0.003807,0.582166,0.004388,0.147652,0.002145,0.118085,0.002312,0.577680,0.003064,0.555134,0.002573,0.122060,0.001346,0.261062,0.001344,0.073037,0.001713,0.092822,0.001486,0.498491,0.002739,80
pomdp_belief_update,payload_shift_pick,noisy_observation,long_horizon_recovery,0.610258,0.004578,0.380136,0.005234,0.173345,0.002312,0.220882,0.002367,0.557327,0.002687,0.504304,0.002395,0.133612,0.001332,0.358828,0.001437,0.069481,0.001577,0.111798,0.001648,0.498163,0.002654,80
pomdp_belief_update,payload_shift_pick,noisy_observation,new_operator_interventions,0.630745,0.004100,0.460715,0.005554,0.167357,0.002069,0.174802,0.002555,0.553202,0.002542,0.544503,0.002732,0.135288,0.001290,0.302616,0.001626,0.070352,0.001727,0.104240,0.001329,0.500877,0.002554,80
pomdp_belief_update,payload_shift_pick,noisy_observation,sparse_feedback,0.597288,0.003869,0.346629,0.004515,0.208738,0.002100,0.210484,0.001784,0.545045,0.002167,0.537384,0.002401,0.141472,0.001290,0.368554,0.001431,0.068158,0.001586,0.117414,0.001368,0.496373,0.002524,80
pomdp_belief_update,payload_shift_pick,nominal,combined_stress,0.619457,0.004251,0.422666,0.005279,0.136496,0.002395,0.226927,0.002172,0.589189,0.002601,0.534141,0.002976,0.132989,0.001210,0.391551,0.001461,0.069305,0.001459,0.100774,0.001434,0.539004,0.002515,80
pomdp_belief_update,payload_shift_pick,nominal,in_distribution,0.710770,0.003803,0.758879,0.004270,0.072929,0.002274,0.065354,0.002192,0.630240,0.002885,0.588312,0.002758,0.103518,0.001433,0.243095,0.001158,0.077493,0.001455,0.066974,0.001420,0.539672,0.002682,80
pomdp_belief_update,payload_shift_pick,nominal,long_horizon_recovery,0.656721,0.003736,0.561154,0.004288,0.100030,0.002239,0.168333,0.002181,0.613498,0.002602,0.539363,0.003067,0.115313,0.001475,0.341929,0.001343,0.073463,0.001487,0.085531,0.001389,0.540623,0.002600,80
pomdp_belief_update,payload_shift_pick,nominal,new_operator_interventions,0.676110,0.003122,0.637975,0.004321,0.091710,0.001916,0.125575,0.002253,0.611154,0.002513,0.574627,0.002913,0.118007,0.001457,0.284268,0.001397,0.073335,0.001537,0.079635,0.001506,0.540436,0.002488,80
pomdp_belief_update,payload_shift_pick,nominal,sparse_feedback,0.647486,0.003604,0.527531,0.003903,0.135205,0.001947,0.158109,0.001766,0.598344,0.002730,0.563773,0.002855,0.125036,0.001247,0.351377,0.001401,0.073883,0.001770,0.091381,0.001321,0.544059,0.002836,80
pomdp_belief_update,payload_shift_pick,physical_rule_violation,combined_stress,0.527184,0.003971,0.094160,0.004638,0.204027,0.002585,0.373247,0.002232,0.537445,0.002900,0.441180,0.002612,0.185053,0.001104,0.403678,0.001463,0.064383,0.001564,0.143146,0.001523,0.504363,0.003087,80
pomdp_belief_update,payload_shift_pick,physical_rule_violation,in_distribution,0.626189,0.003778,0.435529,0.005069,0.142165,0.002314,0.212481,0.002504,0.581000,0.002808,0.491580,0.002462,0.156095,0.001194,0.258445,0.001548,0.069663,0.001710,0.108728,0.001368,0.503379,0.002744,80
pomdp_belief_update,payload_shift_pick,physical_rule_violation,long_horizon_recovery,0.570805,0.003510,0.236751,0.004265,0.167053,0.001842,0.316440,0.002246,0.564469,0.002979,0.443555,0.002385,0.167584,0.001482,0.357092,0.001483,0.067200,0.001544,0.128625,0.001427,0.503564,0.002489,80
pomdp_belief_update,payload_shift_pick,physical_rule_violation,new_operator_interventions,0.591012,0.004709,0.318611,0.005296,0.159663,0.002339,0.271415,0.002071,0.561561,0.002667,0.483929,0.002765,0.168555,0.001331,0.297372,0.001647,0.068002,0.001558,0.121412,0.001494,0.504312,0.002698,80
pomdp_belief_update,payload_shift_pick,physical_rule_violation,sparse_feedback,0.563160,0.003409,0.206796,0.004299,0.203742,0.002657,0.305723,0.002160,0.550425,0.002737,0.473564,0.002673,0.176194,0.001351,0.363785,0.001459,0.066596,0.001719,0.134370,0.001247,0.501372,0.002375,80
pomdp_belief_update,tool_use_correction,actuator_model_break,combined_stress,0.513277,0.003488,0.038844,0.005053,0.204277,0.002417,0.402962,0.002284,0.536571,0.002213,0.422986,0.002756,0.205995,0.001501,0.405066,0.001430,0.063932,0.001412,0.145824,0.001437,0.503903,0.002409,80
pomdp_belief_update,tool_use_correction,actuator_model_break,in_distribution,0.608333,0.003468,0.375603,0.004505,0.139879,0.002206,0.244562,0.002112,0.579519,0.002594,0.471278,0.002754,0.177470,0.001449,0.258274,0.001633,0.069205,0.001425,0.111696,0.001371,0.502725,0.002919,80
pomdp_belief_update,tool_use_correction,actuator_model_break,long_horizon_recovery,0.550360,0.003758,0.171991,0.004562,0.167536,0.002455,0.348942,0.002040,0.562066,0.002413,0.420484,0.002664,0.189441,0.001459,0.358039,0.001548,0.065825,0.001462,0.129529,0.001543,0.504218,0.002589,80
pomdp_belief_update,tool_use_correction,actuator_model_break,new_operator_interventions,0.570399,0.003959,0.247678,0.004561,0.164011,0.002158,0.308448,0.002058,0.561296,0.002519,0.461227,0.002668,0.189729,0.001298,0.299076,0.001625,0.067436,0.001648,0.124886,0.001433,0.504096,0.002626,80
pomdp_belief_update,tool_use_correction,actuator_model_break,sparse_feedback,0.546054,0.003798,0.145615,0.004638,0.205007,0.002004,0.338163,0.002269,0.551097,0.002693,0.452853,0.002322,0.197350,0.001330,0.364705,0.001276,0.065291,0.001730,0.137775,0.001508,0.502494,0.002804,80
pomdp_belief_update,tool_use_correction,combined_intervention_stress,combined_stress,0.421448,0.004194,-0.320305,0.004984,0.387572,0.002432,0.475290,0.002442,0.412285,0.002756,0.378867,0.002748,0.230392,0.001402,0.434576,0.001524,0.057226,0.001742,0.222191,0.001283,0.410115,0.002406,80
pomdp_belief_update,tool_use_correction,combined_intervention_stress,in_distribution,0.510642,0.004181,0.013384,0.004946,0.323271,0.002057,0.313897,0.002126,0.455117,0.002627,0.427961,0.002560,0.201312,0.001316,0.288151,0.001241,0.063181,0.001664,0.187832,0.001332,0.411208,0.002626,80
pomdp_belief_update,tool_use_correction,combined_intervention_stress,long_horizon_recovery,0.458540,0.004160,-0.180906,0.005378,0.351010,0.002372,0.414874,0.002310,0.437256,0.002590,0.379708,0.002745,0.213063,0.001253,0.382626,0.001535,0.060072,0.001515,0.207304,0.001416,0.412559,0.003045,80
pomdp_belief_update,tool_use_correction,combined_intervention_stress,new_operator_interventions,0.476170,0.004051,-0.104252,0.004830,0.342834,0.001808,0.369723,0.002093,0.432462,0.002468,0.417380,0.002527,0.215341,0.001464,0.327095,0.001712,0.060650,0.001500,0.199726,0.001370,0.409550,0.002508,80
pomdp_belief_update,tool_use_correction,combined_intervention_stress,sparse_feedback,0.448749,0.004003,-0.212894,0.004799,0.384381,0.002116,0.405351,0.002271,0.425372,0.002672,0.409526,0.002834,0.222048,0.001462,0.393054,0.001449,0.059918,0.001442,0.214143,0.001497,0.412010,0.002539,80
pomdp_belief_update,tool_use_correction,contact_precondition_failure,combined_stress,0.524946,0.004106,0.077546,0.005513,0.193540,0.001997,0.388928,0.001973,0.546124,0.002758,0.430953,0.002932,0.200094,0.001231,0.401664,0.001527,0.064234,0.001539,0.143107,0.001441,0.509158,0.002871,80
pomdp_belief_update,tool_use_correction,contact_precondition_failure,in_distribution,0.617726,0.003973,0.412079,0.004292,0.132887,0.002111,0.230371,0.001992,0.590889,0.002749,0.483356,0.002180,0.171428,0.001319,0.255295,0.001544,0.069940,0.001448,0.107852,0.001386,0.512970,0.002574,80
pomdp_belief_update,tool_use_correction,contact_precondition_failure,long_horizon_recovery,0.560399,0.003751,0.209343,0.004823,0.158177,0.002353,0.333342,0.002207,0.570125,0.002856,0.430589,0.002612,0.184042,0.001090,0.353832,0.001371,0.065759,0.001827,0.127780,0.001518,0.513277,0.002006,80
pomdp_belief_update,tool_use_correction,contact_precondition_failure,new_operator_interventions,0.582523,0.004019,0.292180,0.005013,0.151314,0.002102,0.289463,0.001930,0.567928,0.002628,0.472579,0.002397,0.185059,0.001389,0.294092,0.001460,0.066561,0.001401,0.120364,0.001715,0.510477,0.002691,80
pomdp_belief_update,tool_use_correction,contact_precondition_failure,sparse_feedback,0.552613,0.003885,0.182631,0.004634,0.193942,0.002402,0.320557,0.002175,0.562238,0.002462,0.462322,0.002721,0.192453,0.001195,0.362990,0.001620,0.066954,0.001666,0.132848,0.001401,0.511870,0.002749,80
pomdp_belief_update,tool_use_correction,environment_change_intervention,combined_stress,0.500659,0.004563,-0.017249,0.005800,0.225302,0.002331,0.422395,0.002018,0.521228,0.002657,0.409080,0.002574,0.212344,0.001302,0.407618,0.001653,0.061407,0.001407,0.156762,0.001481,0.493660,0.002754,80
pomdp_belief_update,tool_use_correction,environment_change_intervention,in_distribution,0.591386,0.003879,0.316256,0.004563,0.164585,0.001824,0.262129,0.002236,0.568587,0.002381,0.460052,0.002256,0.182098,0.001147,0.262292,0.001524,0.068786,0.001606,0.123569,0.001405,0.495210,0.002329,80
pomdp_belief_update,tool_use_correction,environment_change_intervention,long_horizon_recovery,0.537274,0.004198,0.120068,0.005395,0.188397,0.002344,0.364773,0.002309,0.550387,0.002804,0.412147,0.002647,0.195727,0.001580,0.358629,0.001510,0.065106,0.001579,0.141225,0.001391,0.494239,0.002620,80
pomdp_belief_update,tool_use_correction,environment_change_intervention,new_operator_interventions,0.557431,0.004202,0.197632,0.005256,0.184131,0.001995,0.320216,0.002363,0.545634,0.002679,0.449775,0.002938,0.196163,0.001356,0.300380,0.001647,0.066198,0.001529,0.135698,0.001373,0.493289,0.002734,80
pomdp_belief_update,tool_use_correction,environment_change_intervention,sparse_feedback,0.527156,0.004003,0.086965,0.004759,0.224542,0.002076,0.353278,0.002071,0.534674,0.002493,0.441161,0.002754,0.204454,0.001119,0.368084,0.001257,0.064736,0.001500,0.147585,0.001503,0.493268,0.002519,80
pomdp_belief_update,tool_use_correction,false_human_hint,combined_stress,0.532420,0.004308,0.092940,0.004563,0.283916,0.002009,0.301650,0.002024,0.486947,0.002667,0.487310,0.002399,0.168696,0.001254,0.413378,0.001697,0.063556,0.001512,0.168544,0.001431,0.467148,0.002919,80
pomdp_belief_update,tool_use_correction,false_human_hint,in_distribution,0.628285,0.003893,0.435921,0.004780,0.219582,0.002016,0.139159,0.002255,0.534358,0.002423,0.540713,0.002524,0.139399,0.001230,0.266384,0.001347,0.071622,0.001275,0.133333,0.001372,0.465021,0.002569,80
pomdp_belief_update,tool_use_correction,false_human_hint,long_horizon_recovery,0.572557,0.003946,0.234938,0.004106,0.246850,0.002120,0.243386,0.002214,0.514637,0.002862,0.487843,0.003029,0.150120,0.001230,0.363515,0.001817,0.067493,0.001572,0.152932,0.001164,0.467411,0.002494,80
pomdp_belief_update,tool_use_correction,false_human_hint,new_operator_interventions,0.590182,0.004081,0.308957,0.005190,0.244463,0.002221,0.198532,0.002114,0.513234,0.002905,0.529050,0.002929,0.153091,0.001177,0.307070,0.001564,0.069087,0.001433,0.146360,0.001456,0.469035,0.002482,80
pomdp_belief_update,tool_use_correction,false_human_hint,sparse_feedback,0.561485,0.004295,0.203774,0.004801,0.281367,0.002238,0.230614,0.001835,0.500423,0.002514,0.519166,0.002756,0.159705,0.001466,0.373052,0.001496,0.067649,0.001715,0.157843,0.001294,0.468828,0.002830,80
pomdp_belief_update,tool_use_correction,noisy_observation,combined_stress,0.565886,0.003937,0.229531,0.004713,0.210887,0.002010,0.278035,0.001974,0.532700,0.002624,0.502532,0.002469,0.159393,0.001325,0.406642,0.001406,0.066930,0.001770,0.128652,0.001245,0.498412,0.002579,80
pomdp_belief_update,tool_use_correction,noisy_observation,in_distribution,0.657360,0.003666,0.564113,0.004659,0.148802,0.002300,0.117933,0.002168,0.574378,0.002585,0.555679,0.002799,0.130617,0.001362,0.259694,0.001535,0.074503,0.001405,0.093185,0.001430,0.502134,0.002357,80
pomdp_belief_update,tool_use_correction,noisy_observation,long_horizon_recovery,0.606892,0.003733,0.369601,0.004877,0.174546,0.002222,0.219703,0.002240,0.555960,0.002430,0.503524,0.002936,0.142870,0.001390,0.358029,0.001534,0.070733,0.001582,0.112200,0.001324,0.498757,0.002664,80
pomdp_belief_update,tool_use_correction,noisy_observation,new_operator_interventions,0.626123,0.003599,0.449410,0.004652,0.166708,0.002474,0.175189,0.002284,0.554424,0.002464,0.542858,0.002731,0.144708,0.001385,0.302437,0.001587,0.070580,0.001492,0.104440,0.001394,0.501139,0.002302,80
pomdp_belief_update,tool_use_correction,noisy_observation,sparse_feedback,0.595392,0.004326,0.338576,0.005160,0.207194,0.002023,0.208551,0.002155,0.543481,0.002631,0.534035,0.002447,0.152787,0.001286,0.366909,0.001182,0.068408,0.001619,0.117514,0.001368,0.500549,0.002444,80
pomdp_belief_update,tool_use_correction,nominal,combined_stress,0.616567,0.003765,0.413437,0.005253,0.136791,0.002540,0.225495,0.002243,0.589894,0.002886,0.535089,0.002840,0.143404,0.001485,0.391534,0.001691,0.069505,0.001483,0.101946,0.001446,0.543329,0.002520,80
pomdp_belief_update,tool_use_correction,nominal,in_distribution,0.705684,0.003799,0.744144,0.005464,0.074425,0.002181,0.066920,0.002049,0.632992,0.002555,0.587178,0.002471,0.114498,0.001401,0.243703,0.001543,0.076023,0.001250,0.067997,0.001599,0.540280,0.002269,80
pomdp_belief_update,tool_use_correction,nominal,long_horizon_recovery,0.653991,0.004262,0.551022,0.004833,0.097822,0.001910,0.168504,0.002161,0.613478,0.002792,0.535744,0.002730,0.125893,0.001173,0.342072,0.001376,0.072050,0.001821,0.087074,0.001299,0.541772,0.002452,80
pomdp_belief_update,tool_use_correction,nominal,new_operator_interventions,0.674064,0.003930,0.627863,0.005418,0.093290,0.001953,0.126382,0.002173,0.611922,0.002611,0.575462,0.003011,0.128003,0.001389,0.283798,0.001488,0.073660,0.001437,0.079746,0.001293,0.543000,0.002781,80
pomdp_belief_update,tool_use_correction,nominal,sparse_feedback,0.646166,0.003865,0.517471,0.005107,0.136690,0.001911,0.160883,0.002267,0.601857,0.002091,0.566959,0.002703,0.135333,0.001377,0.350437,0.001372,0.071668,0.001796,0.092660,0.001402,0.542212,0.002507,80
pomdp_belief_update,tool_use_correction,physical_rule_violation,combined_stress,0.531562,0.004295,0.091052,0.005351,0.205509,0.002136,0.373156,0.002095,0.537996,0.002326,0.443202,0.002303,0.194451,0.001317,0.403077,0.001494,0.063823,0.001589,0.144852,0.001483,0.505308,0.002917,80
pomdp_belief_update,tool_use_correction,physical_rule_violation,in_distribution,0.620401,0.004082,0.423495,0.004726,0.142279,0.001945,0.212563,0.002371,0.581029,0.002463,0.491976,0.002471,0.164823,0.001281,0.258237,0.001421,0.071099,0.001642,0.108322,0.001673,0.503574,0.002883,80
pomdp_belief_update,tool_use_correction,physical_rule_violation,long_horizon_recovery,0.570423,0.004188,0.229852,0.004632,0.167475,0.002425,0.315988,0.002037,0.564888,0.002970,0.442202,0.002408,0.177145,0.001355,0.356429,0.001323,0.066680,0.001793,0.128071,0.001313,0.503488,0.002735,80
pomdp_belief_update,tool_use_correction,physical_rule_violation,new_operator_interventions,0.586605,0.004732,0.306081,0.005767,0.161711,0.002221,0.271461,0.002349,0.561982,0.003312,0.484041,0.002671,0.179271,0.001238,0.297342,0.001438,0.067983,0.001859,0.120614,0.001498,0.507663,0.002897,80
pomdp_belief_update,tool_use_correction,physical_rule_violation,sparse_feedback,0.562246,0.003620,0.201252,0.004305,0.204731,0.001860,0.303308,0.002465,0.552214,0.002884,0.471891,0.002664,0.185214,0.001241,0.364047,0.001695,0.065518,0.001497,0.133371,0.001379,0.502782,0.002457,80
proposed_intervention_violation_revision_v4_1,bin_packing_recovery,actuator_model_break,combined_stress,0.640524,0.003934,0.459831,0.004827,0.093400,0.002114,0.272814,0.002099,0.705585,0.002590,0.588431,0.002285,0.193866,0.001400,0.373065,0.001591,0.067107,0.001454,0.079794,0.001525,0.657147,0.002656,80
proposed_intervention_violation_revision_v4_1,bin_packing_recovery,actuator_model_break,in_distribution,0.729847,0.003920,0.795200,0.004693,0.030293,0.002350,0.111773,0.001831,0.746117,0.002225,0.643939,0.002694,0.162093,0.001309,0.226947,0.001426,0.075066,0.001671,0.044935,0.001499,0.658373,0.002651,80
proposed_intervention_violation_revision_v4_1,bin_packing_recovery,actuator_model_break,long_horizon_recovery,0.677791,0.004070,0.590655,0.004801,0.058722,0.002058,0.219040,0.002184,0.725024,0.003016,0.590401,0.002580,0.176400,0.001329,0.326203,0.001401,0.068883,0.001369,0.065548,0.001312,0.653891,0.002752,80
proposed_intervention_violation_revision_v4_1,bin_packing_recovery,actuator_model_break,new_operator_interventions,0.696239,0.003819,0.671362,0.004701,0.052282,0.002325,0.172274,0.002031,0.725743,0.002291,0.631456,0.002281,0.178580,0.001191,0.267791,0.001285,0.071083,0.001443,0.057209,0.001190,0.654034,0.002697,80
proposed_intervention_violation_revision_v4_1,bin_packing_recovery,actuator_model_break,sparse_feedback,0.670255,0.003774,0.565228,0.005070,0.094771,0.002297,0.204622,0.002135,0.714685,0.002674,0.621132,0.002625,0.184163,0.001316,0.335900,0.001398,0.069247,0.001353,0.070471,0.001423,0.655756,0.002669,80
proposed_intervention_violation_revision_v4_1,bin_packing_recovery,combined_intervention_stress,combined_stress,0.545997,0.003705,0.104362,0.004574,0.274105,0.001906,0.339200,0.002302,0.580141,0.002751,0.547477,0.002694,0.218111,0.001137,0.401706,0.001444,0.061754,0.001327,0.155835,0.001444,0.562766,0.002481,80
proposed_intervention_violation_revision_v4_1,bin_packing_recovery,combined_intervention_stress,in_distribution,0.637362,0.004441,0.436941,0.005249,0.212367,0.002243,0.180892,0.002069,0.622257,0.002471,0.600676,0.002504,0.188206,0.001444,0.256163,0.001460,0.067486,0.001604,0.122838,0.001483,0.563282,0.002771,80
proposed_intervention_violation_revision_v4_1,bin_packing_recovery,combined_intervention_stress,long_horizon_recovery,0.586295,0.003546,0.240035,0.004419,0.239547,0.002348,0.283334,0.002182,0.603232,0.002394,0.546073,0.002832,0.200609,0.001242,0.353842,0.001497,0.065060,0.001317,0.141535,0.001526,0.563026,0.002544,80
proposed_intervention_violation_revision_v4_1,bin_packing_recovery,combined_intervention_stress,new_operator_interventions,0.604508,0.004009,0.320106,0.005291,0.232353,0.002452,0.236566,0.002261,0.598736,0.002708,0.586305,0.002986,0.201875,0.001367,0.296936,0.001577,0.064810,0.001518,0.133352,0.001572,0.561825,0.002527,80
proposed_intervention_violation_revision_v4_1,bin_packing_recovery,combined_intervention_stress,sparse_feedback,0.575691,0.004009,0.210665,0.004653,0.275612,0.001979,0.271252,0.002185,0.591855,0.002312,0.578053,0.002335,0.207711,0.001328,0.362986,0.001572,0.064525,0.001757,0.146068,0.001317,0.562081,0.002621,80
proposed_intervention_violation_revision_v4_1,bin_packing_recovery,contact_precondition_failure,combined_stress,0.652220,0.003781,0.499176,0.004604,0.083100,0.002164,0.257732,0.002427,0.714234,0.002871,0.600841,0.002383,0.188628,0.001234,0.372340,0.001317,0.067253,0.001299,0.075931,0.001583,0.662971,0.002637,80
proposed_intervention_violation_revision_v4_1,bin_packing_recovery,contact_precondition_failure,in_distribution,0.741760,0.004089,0.836009,0.005046,0.018736,0.001954,0.095805,0.002367,0.760035,0.002330,0.653052,0.002879,0.158428,0.001301,0.224320,0.001505,0.073919,0.001416,0.041064,0.001493,0.661063,0.002741,80
proposed_intervention_violation_revision_v4_1,bin_packing_recovery,contact_precondition_failure,long_horizon_recovery,0.690868,0.004407,0.637277,0.004835,0.045602,0.002041,0.200973,0.002134,0.738128,0.002226,0.603090,0.002840,0.170864,0.001361,0.320871,0.001534,0.071756,0.001436,0.062568,0.001339,0.664289,0.002458,80
proposed_intervention_violation_revision_v4_1,bin_packing_recovery,contact_precondition_failure,new_operator_interventions,0.710812,0.003921,0.717492,0.005249,0.040998,0.002151,0.154902,0.002185,0.735778,0.002577,0.642468,0.002657,0.172034,0.001442,0.263464,0.001566,0.072091,0.001560,0.053710,0.001416,0.661584,0.002890,80
proposed_intervention_violation_revision_v4_1,bin_packing_recovery,contact_precondition_failure,sparse_feedback,0.682540,0.003719,0.609036,0.004518,0.082030,0.002082,0.187009,0.002093,0.725108,0.002072,0.632447,0.002678,0.180001,0.001494,0.329888,0.001433,0.069988,0.001495,0.067643,0.001423,0.665270,0.002710,80
proposed_intervention_violation_revision_v4_1,bin_packing_recovery,environment_change_intervention,combined_stress,0.630214,0.004185,0.406172,0.004719,0.116559,0.001949,0.290703,0.002078,0.688782,0.002600,0.579601,0.002929,0.198607,0.001206,0.377137,0.001425,0.066345,0.001369,0.092911,0.001356,0.648448,0.002306,80
proposed_intervention_violation_revision_v4_1,bin_packing_recovery,environment_change_intervention,in_distribution,0.716854,0.003957,0.738151,0.005006,0.053904,0.002104,0.127768,0.001894,0.732858,0.002629,0.631280,0.002518,0.170009,0.001223,0.230196,0.001704,0.072729,0.001692,0.056766,0.001453,0.643692,0.002524,80
proposed_intervention_violation_revision_v4_1,bin_packing_recovery,environment_change_intervention,long_horizon_recovery,0.661531,0.003847,0.538773,0.004777,0.078640,0.002552,0.232486,0.001943,0.715263,0.003060,0.579006,0.002291,0.182438,0.001352,0.326424,0.001338,0.070065,0.001400,0.075086,0.001323,0.646995,0.002281,80
proposed_intervention_violation_revision_v4_1,bin_packing_recovery,environment_change_intervention,new_operator_interventions,0.688864,0.003846,0.625093,0.004428,0.072213,0.002400,0.187430,0.002374,0.712654,0.002508,0.619238,0.002509,0.184287,0.001252,0.270661,0.001514,0.070868,0.001521,0.068369,0.001424,0.646575,0.002725,80
proposed_intervention_violation_revision_v4_1,bin_packing_recovery,environment_change_intervention,sparse_feedback,0.653139,0.003883,0.507791,0.004713,0.114006,0.002456,0.222403,0.002312,0.702850,0.002962,0.609718,0.002586,0.190419,0.001554,0.337298,0.001747,0.067673,0.001504,0.083130,0.001446,0.645071,0.002221,80
proposed_intervention_violation_revision_v4_1,bin_packing_recovery,false_human_hint,combined_stress,0.657854,0.004138,0.516354,0.005479,0.171905,0.002163,0.168001,0.002262,0.655282,0.002574,0.657556,0.002387,0.155798,0.001169,0.381044,0.001501,0.069485,0.001619,0.102372,0.001412,0.620496,0.002577,80
proposed_intervention_violation_revision_v4_1,bin_packing_recovery,false_human_hint,in_distribution,0.748747,0.003658,0.851167,0.004156,0.110258,0.002096,0.008247,0.001812,0.699308,0.002565,0.710030,0.002707,0.125263,0.001244,0.235286,0.001484,0.076028,0.001442,0.066286,0.001530,0.618957,0.002791,80
proposed_intervention_violation_revision_v4_1,bin_packing_recovery,false_human_hint,long_horizon_recovery,0.695034,0.003980,0.655340,0.004676,0.135895,0.001828,0.109116,0.002245,0.678390,0.002478,0.659779,0.002497,0.137774,0.001213,0.332047,0.001523,0.071042,0.001470,0.084748,0.001379,0.622102,0.002704,80
proposed_intervention_violation_revision_v4_1,bin_packing_recovery,false_human_hint,new_operator_interventions,0.718326,0.004072,0.735330,0.004298,0.130315,0.002271,0.064978,0.002293,0.678190,0.002539,0.696520,0.002798,0.139634,0.001161,0.276121,0.001814,0.073126,0.001676,0.079107,0.001489,0.618279,0.002321,80
proposed_intervention_violation_revision_v4_1,bin_packing_recovery,false_human_hint,sparse_feedback,0.688942,0.003936,0.627146,0.004762,0.171518,0.002371,0.097628,0.002085,0.668625,0.002389,0.688915,0.002740,0.146041,0.001334,0.342166,0.001569,0.072135,0.001416,0.092262,0.001272,0.619216,0.002492,80
proposed_intervention_violation_revision_v4_1,bin_packing_recovery,noisy_observation,combined_stress,0.692937,0.003261,0.652990,0.003635,0.099033,0.001979,0.144420,0.001721,0.696473,0.002444,0.674096,0.002709,0.147984,0.001225,0.375351,0.001587,0.071821,0.001420,0.060983,0.001543,0.650680,0.002630,80
proposed_intervention_violation_revision_v4_1,bin_packing_recovery,noisy_observation,in_distribution,0.784630,0.003864,0.978964,0.004552,0.034604,0.001969,0.000094,0.000115,0.741929,0.002693,0.725297,0.002725,0.117958,0.001298,0.231724,0.001695,0.076357,0.001586,0.025485,0.001655,0.650724,0.002626,80
proposed_intervention_violation_revision_v4_1,bin_packing_recovery,noisy_observation,long_horizon_recovery,0.730086,0.003998,0.790765,0.005222,0.061640,0.002161,0.086270,0.002629,0.721499,0.002435,0.674206,0.002511,0.129281,0.001297,0.328587,0.001452,0.074247,0.001652,0.046170,0.001397,0.651579,0.002795,80
proposed_intervention_violation_revision_v4_1,bin_packing_recovery,noisy_observation,new_operator_interventions,0.746386,0.003519,0.867208,0.004545,0.055650,0.002541,0.042364,0.002247,0.721380,0.002613,0.713153,0.002417,0.130663,0.001459,0.270147,0.001386,0.075973,0.001450,0.037951,0.001406,0.653327,0.002386,80
proposed_intervention_violation_revision_v4_1,bin_packing_recovery,noisy_observation,sparse_feedback,0.721317,0.004561,0.761175,0.005303,0.096237,0.002436,0.076301,0.002041,0.710627,0.002814,0.705719,0.002162,0.139143,0.001344,0.336868,0.001499,0.073140,0.001514,0.051107,0.001446,0.654144,0.002826,80
proposed_intervention_violation_revision_v4_1,bin_packing_recovery,nominal,combined_stress,0.743177,0.003737,0.836962,0.005107,0.024924,0.001964,0.091918,0.002114,0.756420,0.003005,0.703865,0.002537,0.130025,0.001436,0.359512,0.001516,0.074599,0.001596,0.036457,0.001266,0.693757,0.002818,80
proposed_intervention_violation_revision_v4_1,bin_packing_recovery,nominal,in_distribution,0.831901,0.004106,1.099214,0.004285,0.000000,0.000000,0.000000,0.000000,0.798957,0.002664,0.757773,0.002685,0.099350,0.001222,0.212367,0.001624,0.079581,0.001546,0.002859,0.000810,0.693555,0.002798,80
proposed_intervention_violation_revision_v4_1,bin_packing_recovery,nominal,long_horizon_recovery,0.777656,0.004418,0.961858,0.005127,0.000782,0.000591,0.037132,0.002078,0.780171,0.002706,0.704797,0.002804,0.113285,0.001419,0.308914,0.001584,0.076418,0.001487,0.020436,0.001296,0.696856,0.002352,80
proposed_intervention_violation_revision_v4_1,bin_packing_recovery,nominal,new_operator_interventions,0.800397,0.003734,1.033864,0.004225,0.000051,0.000100,0.001749,0.000848,0.777693,0.003071,0.745856,0.002943,0.114999,0.001271,0.251090,0.001595,0.079419,0.001529,0.012541,0.001447,0.692302,0.002846,80
proposed_intervention_violation_revision_v4_1,bin_packing_recovery,nominal,sparse_feedback,0.769899,0.003569,0.940611,0.004382,0.025607,0.002085,0.026021,0.002104,0.767278,0.002775,0.738284,0.002933,0.120717,0.001441,0.319347,0.001660,0.077700,0.001490,0.024620,0.001270,0.694589,0.002488,80
proposed_intervention_violation_revision_v4_1,bin_packing_recovery,physical_rule_violation,combined_stress,0.652295,0.003138,0.509502,0.004335,0.093637,0.002053,0.240870,0.002043,0.704038,0.002827,0.611886,0.002955,0.180659,0.001343,0.370658,0.001654,0.068012,0.001551,0.076722,0.001465,0.656040,0.002654,80
proposed_intervention_violation_revision_v4_1,bin_packing_recovery,physical_rule_violation,in_distribution,0.744274,0.003793,0.843854,0.004657,0.031902,0.002365,0.077853,0.002347,0.745904,0.002519,0.662765,0.002882,0.152473,0.001177,0.227917,0.001431,0.074243,0.001572,0.042037,0.001476,0.654600,0.002591,80
proposed_intervention_violation_revision_v4_1,bin_packing_recovery,physical_rule_violation,long_horizon_recovery,0.692519,0.003798,0.647007,0.004593,0.057872,0.002208,0.182973,0.002537,0.729794,0.002548,0.613668,0.002496,0.164927,0.001324,0.324817,0.001545,0.071914,0.001310,0.061599,0.001531,0.655959,0.002775,80
proposed_intervention_violation_revision_v4_1,bin_packing_recovery,physical_rule_violation,new_operator_interventions,0.713315,0.004495,0.728546,0.004683,0.052215,0.002077,0.137206,0.001931,0.728380,0.002399,0.653933,0.002510,0.166337,0.001233,0.266686,0.001491,0.071740,0.001599,0.054565,0.001274,0.656053,0.002277,80
proposed_intervention_violation_revision_v4_1,bin_packing_recovery,physical_rule_violation,sparse_feedback,0.686261,0.003435,0.620608,0.004455,0.094312,0.002089,0.169998,0.002165,0.717165,0.002548,0.643714,0.002795,0.172410,0.001189,0.333304,0.001456,0.073335,0.001493,0.067375,0.001311,0.655666,0.003172,80
proposed_intervention_violation_revision_v4_1,deformable_contact_replan,actuator_model_break,combined_stress,0.642796,0.004218,0.469108,0.004859,0.093114,0.001992,0.273215,0.002380,0.702317,0.002714,0.592372,0.002722,0.183237,0.001213,0.375170,0.001510,0.066424,0.001340,0.080335,0.001152,0.657715,0.002578,80
proposed_intervention_violation_revision_v4_1,deformable_contact_replan,actuator_model_break,in_distribution,0.738272,0.003704,0.806004,0.004229,0.032787,0.002361,0.113259,0.002149,0.747689,0.002671,0.643582,0.003187,0.155212,0.001439,0.226740,0.001376,0.072584,0.001501,0.045651,0.001227,0.654683,0.002336,80
proposed_intervention_violation_revision_v4_1,deformable_contact_replan,actuator_model_break,long_horizon_recovery,0.679907,0.003774,0.603148,0.004614,0.059899,0.002321,0.213682,0.001688,0.726212,0.002553,0.589925,0.002450,0.166806,0.001349,0.324966,0.001463,0.069037,0.001640,0.065416,0.001485,0.653525,0.002679,80
proposed_intervention_violation_revision_v4_1,deformable_contact_replan,actuator_model_break,new_operator_interventions,0.700117,0.003723,0.683632,0.004561,0.050014,0.002169,0.173508,0.002055,0.727888,0.002566,0.632415,0.002566,0.168687,0.001276,0.266564,0.001470,0.071731,0.001352,0.058213,0.001509,0.657134,0.003039,80
proposed_intervention_violation_revision_v4_1,deformable_contact_replan,actuator_model_break,sparse_feedback,0.670179,0.003948,0.573390,0.004930,0.092411,0.002050,0.205663,0.002494,0.718341,0.002934,0.619736,0.002484,0.175459,0.001271,0.334346,0.001358,0.068821,0.001319,0.069984,0.001456,0.655482,0.002834,80
proposed_intervention_violation_revision_v4_1,deformable_contact_replan,combined_intervention_stress,combined_stress,0.545354,0.003741,0.107694,0.004994,0.277137,0.002492,0.340054,0.002368,0.577295,0.002491,0.544978,0.002680,0.206845,0.001198,0.402824,0.001456,0.062373,0.001524,0.155871,0.001416,0.562664,0.002617,80
proposed_intervention_violation_revision_v4_1,deformable_contact_replan,combined_intervention_stress,in_distribution,0.640656,0.003824,0.449892,0.004620,0.211717,0.002072,0.180148,0.002212,0.625057,0.002419,0.599604,0.002748,0.177749,0.001437,0.256194,0.001702,0.067261,0.001561,0.121020,0.001299,0.563613,0.002388,80
proposed_intervention_violation_revision_v4_1,deformable_contact_replan,combined_intervention_stress,long_horizon_recovery,0.589719,0.004001,0.251251,0.004346,0.240079,0.002184,0.283326,0.001680,0.603841,0.002434,0.548364,0.002806,0.189817,0.001345,0.355510,0.001381,0.064642,0.001336,0.141457,0.001626,0.563834,0.002857,80
proposed_intervention_violation_revision_v4_1,deformable_contact_replan,combined_intervention_stress,new_operator_interventions,0.604080,0.003878,0.327244,0.004059,0.232926,0.001752,0.237095,0.002283,0.601816,0.002515,0.586489,0.002344,0.191550,0.001421,0.296426,0.001460,0.065789,0.001316,0.133356,0.001324,0.563165,0.002623,80
proposed_intervention_violation_revision_v4_1,deformable_contact_replan,combined_intervention_stress,sparse_feedback,0.577542,0.004203,0.218845,0.004574,0.274846,0.002209,0.271636,0.002327,0.593958,0.002810,0.577082,0.002908,0.199212,0.001411,0.362272,0.001409,0.064031,0.001373,0.147491,0.001473,0.562701,0.002652,80
proposed_intervention_violation_revision_v4_1,deformable_contact_replan,contact_precondition_failure,combined_stress,0.655326,0.004323,0.511974,0.005332,0.082056,0.002364,0.255107,0.002375,0.713976,0.002977,0.599200,0.002484,0.177603,0.001283,0.369511,0.001594,0.067219,0.001519,0.078130,0.001413,0.662311,0.002838,80
proposed_intervention_violation_revision_v4_1,deformable_contact_replan,contact_precondition_failure,in_distribution,0.747664,0.003849,0.847712,0.004588,0.022006,0.002090,0.093639,0.001869,0.755704,0.002508,0.652353,0.003046,0.148094,0.001153,0.223397,0.001626,0.074425,0.001567,0.041193,0.001308,0.662031,0.002525,80
proposed_intervention_violation_revision_v4_1,deformable_contact_replan,contact_precondition_failure,long_horizon_recovery,0.690215,0.004138,0.642519,0.004447,0.046723,0.002320,0.200775,0.002047,0.738835,0.002546,0.600668,0.002688,0.160756,0.001377,0.322579,0.001561,0.069565,0.001680,0.063402,0.001536,0.663078,0.002444,80
proposed_intervention_violation_revision_v4_1,deformable_contact_replan,contact_precondition_failure,new_operator_interventions,0.712244,0.003742,0.724784,0.004955,0.040665,0.002344,0.156380,0.002382,0.735881,0.002560,0.640878,0.002697,0.161757,0.001370,0.264542,0.001587,0.071351,0.001437,0.054838,0.001435,0.664070,0.002718,80
proposed_intervention_violation_revision_v4_1,deformable_contact_replan,contact_precondition_failure,sparse_feedback,0.683390,0.003701,0.621235,0.004862,0.078974,0.002340,0.185985,0.002403,0.727377,0.002734,0.631966,0.003049,0.168240,0.001558,0.332704,0.001455,0.069399,0.001536,0.065972,0.001491,0.662864,0.002980,80
proposed_intervention_violation_revision_v4_1,deformable_contact_replan,environment_change_intervention,combined_stress,0.630661,0.004190,0.415961,0.004829,0.112652,0.002415,0.290198,0.002393,0.690320,0.002530,0.578927,0.002377,0.190082,0.001368,0.377643,0.001185,0.066739,0.001511,0.091326,0.001268,0.646057,0.002888,80
proposed_intervention_violation_revision_v4_1,deformable_contact_replan,environment_change_intervention,in_distribution,0.722079,0.003251,0.751991,0.004368,0.050230,0.002314,0.127421,0.002367,0.733267,0.001932,0.629820,0.002710,0.161802,0.001312,0.230188,0.001526,0.072121,0.001445,0.056311,0.001504,0.645673,0.002399,80
proposed_intervention_violation_revision_v4_1,deformable_contact_replan,environment_change_intervention,long_horizon_recovery,0.666162,0.004443,0.548961,0.005171,0.077851,0.002242,0.234494,0.002291,0.714481,0.002730,0.581187,0.002760,0.173107,0.001274,0.328104,0.001618,0.069353,0.001306,0.075514,0.001392,0.647307,0.002745,80
proposed_intervention_violation_revision_v4_1,deformable_contact_replan,environment_change_intervention,new_operator_interventions,0.685104,0.003792,0.629318,0.005065,0.072300,0.002213,0.186956,0.002028,0.712354,0.002498,0.619859,0.002990,0.173792,0.001343,0.270025,0.001365,0.069887,0.001402,0.069048,0.001440,0.645912,0.002573,80
proposed_intervention_violation_revision_v4_1,deformable_contact_replan,environment_change_intervention,sparse_feedback,0.655809,0.003622,0.520909,0.004126,0.113349,0.002041,0.220999,0.001970,0.704120,0.002733,0.609906,0.002769,0.179057,0.001219,0.337205,0.001554,0.068003,0.001567,0.081926,0.001434,0.646281,0.002075,80
proposed_intervention_violation_revision_v4_1,deformable_contact_replan,false_human_hint,combined_stress,0.661733,0.004359,0.530060,0.005388,0.170253,0.001947,0.165284,0.002407,0.654327,0.002647,0.658569,0.002706,0.146614,0.001350,0.381971,0.001632,0.068876,0.001383,0.101595,0.001309,0.622135,0.002525,80
proposed_intervention_violation_revision_v4_1,deformable_contact_replan,false_human_hint,in_distribution,0.752320,0.002760,0.861905,0.003704,0.109950,0.001970,0.008540,0.001803,0.699230,0.002908,0.710573,0.002769,0.116704,0.001222,0.234238,0.001487,0.074281,0.001415,0.065875,0.001317,0.620882,0.002778,80
proposed_intervention_violation_revision_v4_1,deformable_contact_replan,false_human_hint,long_horizon_recovery,0.699317,0.003827,0.661655,0.004617,0.136579,0.002137,0.111320,0.002209,0.680311,0.002912,0.655166,0.002573,0.129453,0.001428,0.333537,0.001663,0.071318,0.001419,0.086463,0.001677,0.620200,0.002342,80
proposed_intervention_violation_revision_v4_1,deformable_contact_replan,false_human_hint,new_operator_interventions,0.717925,0.003664,0.740551,0.004769,0.131233,0.002185,0.067822,0.002465,0.678898,0.002552,0.699271,0.002587,0.130460,0.001282,0.274540,0.001491,0.073423,0.001502,0.079164,0.001451,0.622935,0.002266,80
proposed_intervention_violation_revision_v4_1,deformable_contact_replan,false_human_hint,sparse_feedback,0.691456,0.004166,0.636776,0.005094,0.172992,0.002170,0.098518,0.002267,0.671204,0.002883,0.690210,0.002839,0.135861,0.001101,0.341876,0.001584,0.070006,0.001488,0.091953,0.001493,0.617604,0.002369,80
proposed_intervention_violation_revision_v4_1,deformable_contact_replan,noisy_observation,combined_stress,0.693594,0.003886,0.660771,0.004803,0.099429,0.002294,0.145599,0.002503,0.698262,0.002494,0.672539,0.002759,0.136429,0.001335,0.375414,0.001387,0.070291,0.001604,0.062198,0.001502,0.650906,0.002409,80
proposed_intervention_violation_revision_v4_1,deformable_contact_replan,noisy_observation,in_distribution,0.786989,0.003664,0.989134,0.003993,0.034466,0.002167,0.000148,0.000205,0.740897,0.002884,0.726259,0.003014,0.108447,0.001282,0.229749,0.001466,0.076530,0.001502,0.024752,0.001444,0.652839,0.002504,80
proposed_intervention_violation_revision_v4_1,deformable_contact_replan,noisy_observation,long_horizon_recovery,0.731233,0.003769,0.796898,0.004565,0.062398,0.002194,0.088593,0.002147,0.723226,0.003223,0.673002,0.002815,0.120303,0.001267,0.327216,0.001344,0.072788,0.001431,0.047030,0.001415,0.653603,0.002712,80
proposed_intervention_violation_revision_v4_1,deformable_contact_replan,noisy_observation,new_operator_interventions,0.751886,0.004026,0.877469,0.004986,0.056089,0.002273,0.043855,0.002325,0.719252,0.002852,0.711995,0.003147,0.121050,0.001334,0.269516,0.001600,0.074571,0.001616,0.038511,0.001225,0.651546,0.002447,80
proposed_intervention_violation_revision_v4_1,deformable_contact_replan,noisy_observation,sparse_feedback,0.719927,0.004330,0.764746,0.005055,0.097970,0.002088,0.076483,0.002143,0.710349,0.002658,0.702613,0.002272,0.128896,0.001277,0.337417,0.001613,0.073374,0.001679,0.051620,0.001322,0.653274,0.002764,80
proposed_intervention_violation_revision_v4_1,deformable_contact_replan,nominal,combined_stress,0.740973,0.003797,0.842212,0.004702,0.024157,0.002439,0.094854,0.002455,0.758383,0.002588,0.704492,0.002378,0.119080,0.001326,0.357618,0.001641,0.073539,0.001315,0.036360,0.001550,0.691315,0.002416,80
proposed_intervention_violation_revision_v4_1,deformable_contact_replan,nominal,in_distribution,0.836058,0.004070,1.110245,0.004395,0.000000,0.000000,0.000000,0.000000,0.798609,0.002773,0.757903,0.002661,0.089437,0.001377,0.211090,0.001519,0.080466,0.001447,0.003390,0.001053,0.692988,0.002792,80
proposed_intervention_violation_revision_v4_1,deformable_contact_replan,nominal,long_horizon_recovery,0.784371,0.003320,0.977493,0.004214,0.000946,0.000615,0.035952,0.001934,0.781303,0.002407,0.706022,0.002596,0.102619,0.001346,0.309913,0.001692,0.077051,0.001534,0.018910,0.001475,0.695399,0.002531,80
proposed_intervention_violation_revision_v4_1,deformable_contact_replan,nominal,new_operator_interventions,0.807061,0.004592,1.048520,0.004990,0.000000,0.000000,0.001051,0.000568,0.775862,0.002707,0.747488,0.002207,0.104276,0.001328,0.252879,0.001610,0.078036,0.001425,0.012118,0.001363,0.692052,0.002764,80
proposed_intervention_violation_revision_v4_1,deformable_contact_replan,nominal,sparse_feedback,0.770017,0.003542,0.948190,0.003974,0.024943,0.002057,0.025844,0.001718,0.769073,0.002612,0.736674,0.002632,0.110585,0.001387,0.319920,0.001491,0.076401,0.001561,0.026345,0.001516,0.696295,0.002328,80
proposed_intervention_violation_revision_v4_1,deformable_contact_replan,physical_rule_violation,combined_stress,0.654404,0.004000,0.519955,0.005097,0.091924,0.001920,0.239585,0.002476,0.706129,0.002549,0.609627,0.002600,0.170195,0.001225,0.372462,0.001465,0.068751,0.001338,0.077345,0.001451,0.653683,0.002739,80
proposed_intervention_violation_revision_v4_1,deformable_contact_replan,physical_rule_violation,in_distribution,0.751486,0.003976,0.858117,0.004634,0.032289,0.002205,0.078638,0.002269,0.748432,0.002699,0.662433,0.002765,0.143115,0.001321,0.225478,0.001317,0.074275,0.001450,0.042409,0.001350,0.657014,0.002820,80
proposed_intervention_violation_revision_v4_1,deformable_contact_replan,physical_rule_violation,long_horizon_recovery,0.696005,0.004302,0.658442,0.005048,0.058191,0.001894,0.181745,0.002234,0.730091,0.002544,0.611715,0.003013,0.154139,0.001159,0.325719,0.001686,0.070472,0.001401,0.062062,0.001365,0.656855,0.002702,80
proposed_intervention_violation_revision_v4_1,deformable_contact_replan,physical_rule_violation,new_operator_interventions,0.716050,0.004322,0.736301,0.005618,0.052324,0.002295,0.137870,0.002266,0.729204,0.002531,0.649859,0.002332,0.156353,0.001371,0.267211,0.001588,0.073078,0.001723,0.055269,0.001506,0.654210,0.002905,80
proposed_intervention_violation_revision_v4_1,deformable_contact_replan,physical_rule_violation,sparse_feedback,0.686856,0.004025,0.628348,0.004365,0.094032,0.002409,0.170701,0.002053,0.716831,0.002966,0.643208,0.002350,0.162939,0.001226,0.333219,0.001345,0.070207,0.001654,0.066871,0.001530,0.655548,0.002489,80
proposed_intervention_violation_revision_v4_1,mobile_base_intervention,actuator_model_break,combined_stress,0.647131,0.004370,0.492140,0.005093,0.094168,0.002359,0.275061,0.002094,0.703782,0.002944,0.587602,0.002506,0.153541,0.001608,0.374142,0.001508,0.067380,0.001525,0.080271,0.001311,0.657146,0.002475,80
proposed_intervention_violation_revision_v4_1,mobile_base_intervention,actuator_model_break,in_distribution,0.741065,0.003375,0.832740,0.003873,0.031913,0.002257,0.110558,0.002125,0.747283,0.002684,0.641333,0.002401,0.124043,0.001319,0.229209,0.001551,0.072126,0.001460,0.045502,0.001215,0.656726,0.002525,80
proposed_intervention_violation_revision_v4_1,mobile_base_intervention,actuator_model_break,long_horizon_recovery,0.689091,0.004391,0.635615,0.005366,0.055099,0.002099,0.216340,0.002186,0.728365,0.002748,0.591395,0.002733,0.137021,0.001375,0.325434,0.001419,0.068929,0.001482,0.065969,0.001473,0.657511,0.002403,80
proposed_intervention_violation_revision_v4_1,mobile_base_intervention,actuator_model_break,new_operator_interventions,0.706893,0.003839,0.710628,0.004804,0.053365,0.002268,0.170858,0.002002,0.727860,0.002480,0.632986,0.002140,0.139196,0.001302,0.268631,0.001649,0.071814,0.001248,0.058328,0.001225,0.655425,0.002551,80
proposed_intervention_violation_revision_v4_1,mobile_base_intervention,actuator_model_break,sparse_feedback,0.680441,0.004127,0.605322,0.004600,0.093877,0.001858,0.206137,0.002331,0.718681,0.002710,0.621497,0.002616,0.144320,0.001273,0.334487,0.001606,0.067732,0.001482,0.070054,0.001401,0.656226,0.002740,80
proposed_intervention_violation_revision_v4_1,mobile_base_intervention,combined_intervention_stress,combined_stress,0.551491,0.003750,0.135953,0.004492,0.275169,0.002409,0.342174,0.002110,0.579712,0.002615,0.546413,0.002873,0.177051,0.001225,0.402835,0.001491,0.060964,0.001425,0.155899,0.001378,0.561614,0.002792,80
proposed_intervention_violation_revision_v4_1,mobile_base_intervention,combined_intervention_stress,in_distribution,0.647587,0.003472,0.478304,0.004349,0.212708,0.002160,0.177788,0.001879,0.623532,0.002878,0.597641,0.002539,0.147926,0.001455,0.257312,0.001610,0.067648,0.001509,0.120579,0.001343,0.564514,0.002772,80
proposed_intervention_violation_revision_v4_1,mobile_base_intervention,combined_intervention_stress,long_horizon_recovery,0.595982,0.003668,0.278643,0.004242,0.238696,0.002188,0.284016,0.001971,0.604104,0.003128,0.548600,0.002635,0.160784,0.001357,0.355053,0.001543,0.065093,0.001459,0.141776,0.001480,0.563489,0.002383,80
proposed_intervention_violation_revision_v4_1,mobile_base_intervention,combined_intervention_stress,new_operator_interventions,0.613820,0.003185,0.359065,0.004049,0.230979,0.001993,0.238877,0.002492,0.603022,0.002784,0.586884,0.002336,0.161773,0.001461,0.294622,0.001532,0.066156,0.001459,0.132963,0.001300,0.562566,0.002876,80
proposed_intervention_violation_revision_v4_1,mobile_base_intervention,combined_intervention_stress,sparse_feedback,0.584378,0.003396,0.251431,0.003891,0.272525,0.002032,0.269061,0.002549,0.592844,0.003002,0.579249,0.002806,0.168585,0.001247,0.364158,0.001365,0.064277,0.001449,0.145452,0.001349,0.563385,0.002867,80
proposed_intervention_violation_revision_v4_1,mobile_base_intervention,contact_precondition_failure,combined_stress,0.661352,0.003858,0.538001,0.004675,0.082343,0.001999,0.256920,0.001911,0.714179,0.002527,0.599004,0.002607,0.148237,0.001222,0.370778,0.001639,0.068352,0.001383,0.076106,0.001493,0.663582,0.002369,80
proposed_intervention_violation_revision_v4_1,mobile_base_intervention,contact_precondition_failure,in_distribution,0.754722,0.003778,0.875530,0.005128,0.022550,0.002278,0.095973,0.002421,0.757194,0.002777,0.655134,0.002873,0.117714,0.001371,0.224019,0.001383,0.074060,0.001297,0.040856,0.001385,0.661795,0.002484,80
proposed_intervention_violation_revision_v4_1,mobile_base_intervention,contact_precondition_failure,long_horizon_recovery,0.698155,0.003771,0.672232,0.004335,0.047378,0.002210,0.199798,0.002260,0.737767,0.002784,0.601504,0.002740,0.131586,0.001129,0.322147,0.001528,0.070376,0.001526,0.062008,0.001533,0.664964,0.002383,80
proposed_intervention_violation_revision_v4_1,mobile_base_intervention,contact_precondition_failure,new_operator_interventions,0.719809,0.004412,0.756320,0.005217,0.039611,0.002103,0.155098,0.002403,0.735395,0.002969,0.641338,0.002420,0.131907,0.001368,0.263737,0.001550,0.070690,0.001504,0.053453,0.001165,0.665781,0.002795,80
proposed_intervention_violation_revision_v4_1,mobile_base_intervention,contact_precondition_failure,sparse_feedback,0.694360,0.004023,0.649047,0.005026,0.083575,0.001999,0.186396,0.002282,0.725935,0.002925,0.630253,0.002512,0.138662,0.001417,0.330979,0.001501,0.071623,0.001404,0.066820,0.001319,0.662672,0.002440,80
proposed_intervention_violation_revision_v4_1,mobile_base_intervention,environment_change_intervention,combined_stress,0.638382,0.004594,0.444590,0.004924,0.114766,0.002414,0.289488,0.002024,0.690406,0.002595,0.577201,0.002750,0.159039,0.001329,0.377645,0.001640,0.066903,0.001425,0.091908,0.001466,0.647683,0.002853,80
proposed_intervention_violation_revision_v4_1,mobile_base_intervention,environment_change_intervention,in_distribution,0.729112,0.003852,0.780863,0.004872,0.050980,0.002168,0.129682,0.002182,0.732250,0.002414,0.632094,0.002639,0.129441,0.001194,0.228616,0.001494,0.073045,0.001508,0.056394,0.001368,0.648502,0.002574,80
proposed_intervention_violation_revision_v4_1,mobile_base_intervention,environment_change_intervention,long_horizon_recovery,0.676805,0.004188,0.580899,0.005280,0.079587,0.002155,0.234096,0.002270,0.713704,0.002583,0.582241,0.002253,0.141823,0.001443,0.327757,0.001650,0.068851,0.001264,0.076932,0.001351,0.648702,0.002295,80
proposed_intervention_violation_revision_v4_1,mobile_base_intervention,environment_change_intervention,new_operator_interventions,0.695764,0.003860,0.659528,0.005162,0.072802,0.002093,0.188584,0.002202,0.712235,0.002915,0.621759,0.002435,0.144460,0.001302,0.269571,0.001484,0.070536,0.001456,0.069389,0.001522,0.644519,0.002906,80
proposed_intervention_violation_revision_v4_1,mobile_base_intervention,environment_change_intervention,sparse_feedback,0.665010,0.004158,0.550620,0.004772,0.114234,0.002396,0.220439,0.002035,0.702887,0.002319,0.611608,0.002664,0.150069,0.001365,0.336566,0.001435,0.070270,0.001682,0.081939,0.001408,0.648209,0.002552,80
proposed_intervention_violation_revision_v4_1,mobile_base_intervention,false_human_hint,combined_stress,0.670812,0.003531,0.561187,0.004418,0.172442,0.002251,0.166149,0.001970,0.657541,0.002461,0.658921,0.002563,0.114139,0.001229,0.380593,0.001489,0.069033,0.001568,0.101758,0.001469,0.619164,0.002595,80
proposed_intervention_violation_revision_v4_1,mobile_base_intervention,false_human_hint,in_distribution,0.761781,0.003774,0.892095,0.004506,0.111776,0.002393,0.007244,0.001604,0.701890,0.002452,0.711734,0.002634,0.086451,0.001213,0.235358,0.001622,0.075552,0.001337,0.067719,0.001619,0.618760,0.002675,80
proposed_intervention_violation_revision_v4_1,mobile_base_intervention,false_human_hint,long_horizon_recovery,0.707195,0.004261,0.693749,0.004932,0.136366,0.001775,0.109335,0.002072,0.679712,0.002470,0.657235,0.002533,0.098049,0.001174,0.332477,0.001574,0.072024,0.001384,0.086610,0.001372,0.618765,0.002485,80
proposed_intervention_violation_revision_v4_1,mobile_base_intervention,false_human_hint,new_operator_interventions,0.723115,0.004393,0.769957,0.005460,0.127575,0.002016,0.066166,0.002231,0.677428,0.002493,0.698676,0.002651,0.099781,0.001511,0.275065,0.001590,0.073536,0.001422,0.078751,0.001640,0.615672,0.002339,80
proposed_intervention_violation_revision_v4_1,mobile_base_intervention,false_human_hint,sparse_feedback,0.695885,0.003513,0.662577,0.004015,0.172503,0.002178,0.098097,0.002107,0.668813,0.002411,0.688081,0.002478,0.106485,0.001129,0.340649,0.001644,0.069558,0.001481,0.091756,0.001357,0.620235,0.002573,80
proposed_intervention_violation_revision_v4_1,mobile_base_intervention,noisy_observation,combined_stress,0.698662,0.003601,0.687734,0.004276,0.100412,0.002231,0.143498,0.002331,0.700201,0.002761,0.671155,0.002744,0.106914,0.001095,0.376666,0.001551,0.072109,0.001474,0.061394,0.001429,0.651655,0.002578,80
proposed_intervention_violation_revision_v4_1,mobile_base_intervention,noisy_observation,in_distribution,0.795068,0.004563,1.016011,0.005101,0.036606,0.002042,0.000472,0.000377,0.739784,0.002519,0.726025,0.002557,0.077855,0.001280,0.230053,0.001660,0.077003,0.001715,0.026583,0.001349,0.650310,0.002748,80
proposed_intervention_violation_revision_v4_1,mobile_base_intervention,noisy_observation,long_horizon_recovery,0.740066,0.004346,0.825778,0.004808,0.062655,0.002017,0.089106,0.002393,0.721575,0.002481,0.672657,0.002733,0.090794,0.001317,0.327415,0.001739,0.074142,0.001422,0.046081,0.001344,0.652529,0.002672,80
proposed_intervention_violation_revision_v4_1,mobile_base_intervention,noisy_observation,new_operator_interventions,0.759270,0.004131,0.904096,0.005237,0.057138,0.002148,0.043307,0.002446,0.719448,0.002690,0.713622,0.002900,0.093790,0.001544,0.270703,0.001564,0.074550,0.001624,0.038896,0.001267,0.652454,0.002830,80
proposed_intervention_violation_revision_v4_1,mobile_base_intervention,noisy_observation,sparse_feedback,0.728357,0.004082,0.796407,0.004872,0.099630,0.002463,0.075273,0.002425,0.712296,0.002535,0.702679,0.002834,0.097446,0.001311,0.334748,0.001568,0.071870,0.001516,0.052882,0.001517,0.653173,0.002304,80
proposed_intervention_violation_revision_v4_1,mobile_base_intervention,nominal,combined_stress,0.751983,0.003695,0.873725,0.004347,0.025322,0.002284,0.093713,0.002150,0.754114,0.002806,0.706639,0.002788,0.089436,0.001261,0.358792,0.001752,0.072707,0.001672,0.036615,0.001417,0.692312,0.002388,80
proposed_intervention_violation_revision_v4_1,mobile_base_intervention,nominal,in_distribution,0.842957,0.004141,1.138309,0.004547,0.000000,0.000000,0.000000,0.000000,0.800599,0.002810,0.757950,0.002441,0.060606,0.001404,0.211672,0.001707,0.080016,0.001548,0.003183,0.000934,0.693296,0.002685,80
proposed_intervention_violation_revision_v4_1,mobile_base_intervention,nominal,long_horizon_recovery,0.794630,0.004627,1.007920,0.005436,0.000829,0.000566,0.037740,0.002324,0.780705,0.002282,0.707725,0.002994,0.071945,0.001418,0.310779,0.001611,0.077218,0.001466,0.019939,0.001557,0.694668,0.002560,80
proposed_intervention_violation_revision_v4_1,mobile_base_intervention,nominal,new_operator_interventions,0.807463,0.003550,1.071163,0.003791,0.000132,0.000258,0.000917,0.000545,0.778403,0.002939,0.745775,0.002618,0.073981,0.000987,0.251950,0.001590,0.078973,0.001468,0.011907,0.001399,0.692543,0.002785,80
proposed_intervention_violation_revision_v4_1,mobile_base_intervention,nominal,sparse_feedback,0.783134,0.004489,0.983236,0.005307,0.026282,0.002134,0.024798,0.002468,0.769502,0.002748,0.736958,0.002202,0.079939,0.001359,0.317771,0.001320,0.077380,0.001389,0.026258,0.001634,0.692881,0.002734,80
proposed_intervention_violation_revision_v4_1,mobile_base_intervention,physical_rule_violation,combined_stress,0.668617,0.004312,0.552248,0.004390,0.093794,0.002233,0.240155,0.002275,0.703662,0.002631,0.611609,0.002601,0.142156,0.001219,0.372486,0.001535,0.069253,0.001567,0.077723,0.001381,0.655251,0.002080,80
proposed_intervention_violation_revision_v4_1,mobile_base_intervention,physical_rule_violation,in_distribution,0.760105,0.003612,0.890474,0.004600,0.030086,0.002321,0.077606,0.002227,0.747334,0.002496,0.662472,0.002721,0.112837,0.001043,0.226804,0.001611,0.073845,0.001460,0.041181,0.001513,0.657217,0.003106,80
proposed_intervention_violation_revision_v4_1,mobile_base_intervention,physical_rule_violation,long_horizon_recovery,0.703250,0.004065,0.686859,0.005098,0.060246,0.002192,0.182254,0.002169,0.732378,0.002411,0.614747,0.002990,0.124247,0.001253,0.323853,0.001514,0.070786,0.001434,0.062462,0.001471,0.656400,0.002866,80
proposed_intervention_violation_revision_v4_1,mobile_base_intervention,physical_rule_violation,new_operator_interventions,0.721665,0.003627,0.764210,0.004915,0.054208,0.002145,0.137871,0.002518,0.727279,0.002769,0.652632,0.002820,0.125137,0.001329,0.267086,0.001601,0.071836,0.001632,0.054350,0.001510,0.657056,0.002883,80
proposed_intervention_violation_revision_v4_1,mobile_base_intervention,physical_rule_violation,sparse_feedback,0.694246,0.003764,0.658662,0.004189,0.092764,0.002419,0.171075,0.002282,0.716671,0.002528,0.643798,0.002615,0.131552,0.001181,0.332708,0.001719,0.071369,0.001411,0.066896,0.001552,0.655221,0.003030,80
proposed_intervention_violation_revision_v4_1,occluded_drawer_recovery,actuator_model_break,combined_stress,0.653421,0.003832,0.509891,0.004766,0.093265,0.002224,0.271529,0.002226,0.701904,0.002739,0.590307,0.002688,0.142637,0.001345,0.372993,0.001725,0.067230,0.001528,0.079132,0.001467,0.654676,0.002727,80
proposed_intervention_violation_revision_v4_1,occluded_drawer_recovery,actuator_model_break,in_distribution,0.744675,0.004324,0.839427,0.004893,0.032647,0.002170,0.115825,0.002102,0.746230,0.002559,0.643793,0.002508,0.114829,0.001323,0.227335,0.001479,0.073788,0.001669,0.044881,0.001411,0.656258,0.002470,80
proposed_intervention_violation_revision_v4_1,occluded_drawer_recovery,actuator_model_break,long_horizon_recovery,0.688306,0.003628,0.641213,0.004615,0.057525,0.002022,0.216319,0.002139,0.728635,0.002500,0.589731,0.003104,0.125343,0.001291,0.325387,0.001347,0.068624,0.001424,0.066482,0.001461,0.656430,0.003021,80
proposed_intervention_violation_revision_v4_1,occluded_drawer_recovery,actuator_model_break,new_operator_interventions,0.714083,0.004134,0.727298,0.004529,0.050486,0.002264,0.170885,0.002051,0.726858,0.002298,0.632766,0.002591,0.129264,0.001258,0.268635,0.001279,0.071349,0.001656,0.056987,0.001227,0.658812,0.002584,80
proposed_intervention_violation_revision_v4_1,occluded_drawer_recovery,actuator_model_break,sparse_feedback,0.681825,0.003783,0.615565,0.005219,0.092903,0.002231,0.204026,0.002522,0.715547,0.002517,0.621067,0.002625,0.134391,0.001475,0.333996,0.001536,0.069245,0.001625,0.069015,0.001398,0.658641,0.002627,80
proposed_intervention_violation_revision_v4_1,occluded_drawer_recovery,combined_intervention_stress,combined_stress,0.554565,0.004005,0.146623,0.005009,0.275938,0.002032,0.340606,0.002204,0.579724,0.002667,0.545475,0.002595,0.166876,0.001339,0.403735,0.001470,0.062016,0.001467,0.155254,0.001480,0.562488,0.003075,80
proposed_intervention_violation_revision_v4_1,occluded_drawer_recovery,combined_intervention_stress,in_distribution,0.653250,0.004210,0.487606,0.005394,0.214401,0.002380,0.181249,0.002299,0.624386,0.003207,0.601321,0.002530,0.138765,0.001389,0.257478,0.001392,0.067246,0.001315,0.121614,0.001600,0.564626,0.002634,80
proposed_intervention_violation_revision_v4_1,occluded_drawer_recovery,combined_intervention_stress,long_horizon_recovery,0.593820,0.003612,0.284917,0.004900,0.238349,0.002392,0.282966,0.002446,0.604672,0.002504,0.545642,0.002893,0.150192,0.001264,0.355447,0.001569,0.064077,0.001443,0.140994,0.001607,0.562506,0.002604,80
proposed_intervention_violation_revision_v4_1,occluded_drawer_recovery,combined_intervention_stress,new_operator_interventions,0.616573,0.003956,0.363172,0.004690,0.234149,0.002345,0.240619,0.002437,0.600544,0.002519,0.588508,0.002787,0.154088,0.001321,0.296647,0.001440,0.065455,0.001529,0.134159,0.001469,0.564438,0.002785,80
proposed_intervention_violation_revision_v4_1,occluded_drawer_recovery,combined_intervention_stress,sparse_feedback,0.590550,0.003532,0.258967,0.004381,0.276408,0.002417,0.272665,0.001742,0.593793,0.002512,0.576556,0.002834,0.159116,0.001338,0.362239,0.001549,0.062510,0.001634,0.147551,0.001455,0.563336,0.002976,80
proposed_intervention_violation_revision_v4_1,occluded_drawer_recovery,contact_precondition_failure,combined_stress,0.664038,0.004057,0.548882,0.005419,0.082926,0.002354,0.256702,0.002334,0.712664,0.002373,0.600053,0.002690,0.137135,0.001306,0.370510,0.001443,0.066930,0.001546,0.075597,0.001455,0.663868,0.002609,80
proposed_intervention_violation_revision_v4_1,occluded_drawer_recovery,contact_precondition_failure,in_distribution,0.755397,0.003918,0.883784,0.004744,0.020509,0.002088,0.095263,0.002065,0.757267,0.002693,0.654201,0.002429,0.108406,0.001256,0.223969,0.001545,0.074826,0.001479,0.042696,0.001257,0.664074,0.002774,80
proposed_intervention_violation_revision_v4_1,occluded_drawer_recovery,contact_precondition_failure,long_horizon_recovery,0.704421,0.004339,0.688311,0.004945,0.047391,0.002338,0.197877,0.002219,0.738935,0.002933,0.602115,0.002637,0.120581,0.001431,0.323035,0.001728,0.070058,0.001300,0.060874,0.001304,0.664512,0.002489,80
proposed_intervention_violation_revision_v4_1,occluded_drawer_recovery,contact_precondition_failure,new_operator_interventions,0.719610,0.004293,0.763621,0.005218,0.039117,0.002372,0.153988,0.002440,0.735729,0.002539,0.640238,0.002535,0.121822,0.001337,0.263960,0.001677,0.071279,0.001506,0.054161,0.001393,0.663656,0.002455,80
proposed_intervention_violation_revision_v4_1,occluded_drawer_recovery,contact_precondition_failure,sparse_feedback,0.696994,0.003697,0.661890,0.004767,0.080837,0.002356,0.187618,0.002157,0.726663,0.002748,0.634821,0.002644,0.128566,0.001221,0.330185,0.001725,0.070745,0.001399,0.066410,0.001593,0.666845,0.002764,80
proposed_intervention_violation_revision_v4_1,occluded_drawer_recovery,environment_change_intervention,combined_stress,0.641193,0.003816,0.454395,0.004890,0.114201,0.002230,0.290081,0.002314,0.692119,0.002465,0.579364,0.002889,0.150903,0.001172,0.376231,0.001402,0.065366,0.001544,0.091792,0.001306,0.644155,0.002674,80
proposed_intervention_violation_revision_v4_1,occluded_drawer_recovery,environment_change_intervention,in_distribution,0.727835,0.004687,0.785771,0.005175,0.053742,0.002150,0.127963,0.002308,0.734749,0.002467,0.631024,0.002929,0.120453,0.001465,0.229777,0.001548,0.071581,0.001300,0.056269,0.001406,0.646377,0.002560,80
proposed_intervention_violation_revision_v4_1,occluded_drawer_recovery,environment_change_intervention,long_horizon_recovery,0.674787,0.003737,0.587243,0.004530,0.078358,0.002171,0.233732,0.002290,0.716404,0.002251,0.577738,0.002527,0.131613,0.001342,0.327808,0.001345,0.068767,0.001355,0.075558,0.001588,0.645861,0.002856,80
proposed_intervention_violation_revision_v4_1,occluded_drawer_recovery,environment_change_intervention,new_operator_interventions,0.699689,0.003662,0.672601,0.004336,0.071702,0.002396,0.189425,0.002299,0.714981,0.002499,0.622172,0.002500,0.134302,0.001173,0.269284,0.001369,0.069728,0.001452,0.067739,0.001403,0.645930,0.002281,80
proposed_intervention_violation_revision_v4_1,occluded_drawer_recovery,environment_change_intervention,sparse_feedback,0.663189,0.003802,0.554086,0.004629,0.115207,0.002255,0.221623,0.002065,0.702036,0.003055,0.610280,0.002314,0.140131,0.001344,0.337132,0.001504,0.068703,0.001525,0.081773,0.001436,0.646096,0.002858,80
proposed_intervention_violation_revision_v4_1,occluded_drawer_recovery,false_human_hint,combined_stress,0.672001,0.004479,0.566338,0.004644,0.173343,0.002111,0.167159,0.002217,0.657436,0.002511,0.658752,0.002294,0.105632,0.001216,0.380918,0.001352,0.069570,0.001570,0.102832,0.001220,0.617488,0.002752,80
proposed_intervention_violation_revision_v4_1,occluded_drawer_recovery,false_human_hint,in_distribution,0.761895,0.004343,0.901957,0.005426,0.109486,0.002173,0.006326,0.001623,0.698787,0.002652,0.710181,0.002793,0.075350,0.001346,0.234942,0.001562,0.074112,0.001402,0.067151,0.001281,0.620250,0.002747,80
proposed_intervention_violation_revision_v4_1,occluded_drawer_recovery,false_human_hint,long_horizon_recovery,0.711941,0.004368,0.706393,0.005231,0.135343,0.002391,0.109226,0.002068,0.680299,0.002525,0.658352,0.002496,0.088257,0.001424,0.333727,0.001536,0.071637,0.001501,0.086743,0.001424,0.620258,0.002646,80
proposed_intervention_violation_revision_v4_1,occluded_drawer_recovery,false_human_hint,new_operator_interventions,0.730082,0.004083,0.785268,0.004833,0.130122,0.002319,0.063919,0.002146,0.677810,0.002396,0.699950,0.002849,0.089426,0.001377,0.275236,0.001635,0.073872,0.001386,0.078426,0.001521,0.622044,0.002458,80
proposed_intervention_violation_revision_v4_1,occluded_drawer_recovery,false_human_hint,sparse_feedback,0.699922,0.003880,0.672878,0.004609,0.171382,0.002247,0.099413,0.002020,0.669831,0.002958,0.688164,0.003040,0.095877,0.001105,0.342294,0.001584,0.072070,0.001444,0.091851,0.001586,0.616638,0.002269,80
proposed_intervention_violation_revision_v4_1,occluded_drawer_recovery,noisy_observation,combined_stress,0.705323,0.004535,0.699810,0.004919,0.099561,0.002304,0.144581,0.002163,0.697750,0.002538,0.673301,0.002430,0.098140,0.001258,0.376820,0.001543,0.071128,0.001413,0.062784,0.001473,0.651700,0.002869,80
proposed_intervention_violation_revision_v4_1,occluded_drawer_recovery,noisy_observation,in_distribution,0.794773,0.004232,1.025125,0.004535,0.036145,0.001881,0.000153,0.000210,0.742680,0.002328,0.725998,0.002497,0.066500,0.001215,0.229848,0.001565,0.077684,0.001557,0.026824,0.001256,0.652446,0.002775,80
proposed_intervention_violation_revision_v4_1,occluded_drawer_recovery,noisy_observation,long_horizon_recovery,0.742870,0.003304,0.838160,0.003708,0.064444,0.002196,0.085311,0.002064,0.721516,0.002258,0.673028,0.002490,0.079455,0.001437,0.327968,0.001692,0.072937,0.001425,0.046649,0.001441,0.652502,0.002560,80
proposed_intervention_violation_revision_v4_1,occluded_drawer_recovery,noisy_observation,new_operator_interventions,0.764183,0.004120,0.920823,0.004449,0.053094,0.002683,0.042448,0.002050,0.720602,0.002938,0.713181,0.002930,0.082038,0.001416,0.271625,0.001697,0.074443,0.001508,0.037686,0.001316,0.651175,0.002754,80
proposed_intervention_violation_revision_v4_1,occluded_drawer_recovery,noisy_observation,sparse_feedback,0.733569,0.004500,0.807562,0.005150,0.100252,0.001999,0.075970,0.002204,0.712655,0.003177,0.706705,0.002387,0.088668,0.001331,0.335542,0.001474,0.073081,0.001406,0.051729,0.001538,0.649128,0.002865,80
proposed_intervention_violation_revision_v4_1,occluded_drawer_recovery,nominal,combined_stress,0.752618,0.004213,0.882895,0.004621,0.023994,0.001993,0.093207,0.002091,0.755260,0.002600,0.706543,0.003080,0.080146,0.001459,0.358721,0.001601,0.074209,0.001593,0.035496,0.001391,0.694714,0.002445,80
proposed_intervention_violation_revision_v4_1,occluded_drawer_recovery,nominal,in_distribution,0.845753,0.003814,1.148826,0.004126,0.000000,0.000000,0.000000,0.000000,0.798368,0.002320,0.758540,0.002992,0.049314,0.001405,0.212064,0.001619,0.081184,0.001641,0.002299,0.000821,0.693465,0.002872,80
proposed_intervention_violation_revision_v4_1,occluded_drawer_recovery,nominal,long_horizon_recovery,0.793808,0.003826,1.014548,0.004395,0.000933,0.000668,0.036420,0.002002,0.781644,0.002526,0.704821,0.002696,0.062053,0.001264,0.311475,0.001482,0.075563,0.001395,0.020462,0.001552,0.694005,0.002606,80
proposed_intervention_violation_revision_v4_1,occluded_drawer_recovery,nominal,new_operator_interventions,0.815916,0.004186,1.084547,0.004293,0.000185,0.000200,0.002124,0.000912,0.777290,0.002625,0.745975,0.002570,0.063952,0.001128,0.253933,0.001632,0.078376,0.001394,0.013794,0.001441,0.694239,0.002659,80
proposed_intervention_violation_revision_v4_1,occluded_drawer_recovery,nominal,sparse_feedback,0.786531,0.004192,0.992210,0.004898,0.024934,0.002230,0.025090,0.002074,0.769849,0.002914,0.734242,0.002866,0.071950,0.001157,0.318454,0.001494,0.076137,0.001705,0.027100,0.001358,0.693458,0.002044,80
proposed_intervention_violation_revision_v4_1,occluded_drawer_recovery,physical_rule_violation,combined_stress,0.662112,0.003951,0.555322,0.005013,0.092737,0.002249,0.238236,0.002403,0.704783,0.002462,0.608948,0.002924,0.131748,0.001321,0.373173,0.001419,0.068842,0.001345,0.077497,0.001400,0.657985,0.002255,80
proposed_intervention_violation_revision_v4_1,occluded_drawer_recovery,physical_rule_violation,in_distribution,0.763223,0.004175,0.899943,0.004710,0.031223,0.002066,0.078568,0.002062,0.749319,0.002435,0.664426,0.002941,0.102721,0.001208,0.227660,0.001635,0.073867,0.001336,0.041776,0.001385,0.657998,0.002641,80
proposed_intervention_violation_revision_v4_1,occluded_drawer_recovery,physical_rule_violation,long_horizon_recovery,0.705173,0.003813,0.694653,0.004583,0.057206,0.002320,0.185490,0.002007,0.729232,0.002891,0.613211,0.002332,0.114615,0.001254,0.323888,0.001513,0.069835,0.001553,0.062398,0.001535,0.658798,0.002521,80
proposed_intervention_violation_revision_v4_1,occluded_drawer_recovery,physical_rule_violation,new_operator_interventions,0.725666,0.003567,0.778070,0.004117,0.050402,0.002238,0.137562,0.002160,0.727817,0.002665,0.651235,0.002816,0.115191,0.001333,0.264358,0.001826,0.072001,0.001291,0.054987,0.001283,0.656778,0.002836,80
proposed_intervention_violation_revision_v4_1,occluded_drawer_recovery,physical_rule_violation,sparse_feedback,0.699041,0.004412,0.670309,0.004880,0.092535,0.002033,0.171087,0.002277,0.719300,0.002844,0.644992,0.002959,0.122480,0.001266,0.334750,0.001449,0.071047,0.001628,0.067637,0.001511,0.656885,0.002800,80
proposed_intervention_violation_revision_v4_1,payload_shift_pick,actuator_model_break,combined_stress,0.647496,0.004124,0.486964,0.004825,0.095117,0.002002,0.273883,0.002298,0.705366,0.002702,0.588787,0.002526,0.162762,0.001354,0.372948,0.001703,0.067412,0.001560,0.080332,0.001188,0.656653,0.002321,80
proposed_intervention_violation_revision_v4_1,payload_shift_pick,actuator_model_break,in_distribution,0.740221,0.003808,0.822628,0.004594,0.030835,0.002172,0.113774,0.001874,0.748228,0.002869,0.641409,0.001997,0.134925,0.001016,0.228072,0.001770,0.072870,0.001310,0.045819,0.001269,0.655499,0.002778,80
proposed_intervention_violation_revision_v4_1,payload_shift_pick,actuator_model_break,long_horizon_recovery,0.686417,0.003460,0.623536,0.004449,0.058364,0.001997,0.217427,0.002171,0.728682,0.002413,0.592407,0.002734,0.146163,0.001356,0.325053,0.001510,0.069092,0.001412,0.066057,0.001261,0.653323,0.002831,80
proposed_intervention_violation_revision_v4_1,payload_shift_pick,actuator_model_break,new_operator_interventions,0.706443,0.003856,0.706137,0.004388,0.047454,0.002097,0.173107,0.002240,0.726161,0.002359,0.632419,0.002597,0.148896,0.001222,0.266595,0.001314,0.073039,0.001564,0.055792,0.001333,0.655693,0.002481,80
proposed_intervention_violation_revision_v4_1,payload_shift_pick,actuator_model_break,sparse_feedback,0.680709,0.003759,0.600693,0.004006,0.093554,0.002308,0.203515,0.002299,0.716824,0.002770,0.621507,0.002632,0.153541,0.001225,0.334727,0.001620,0.068946,0.001515,0.069072,0.001395,0.656709,0.002853,80
proposed_intervention_violation_revision_v4_1,payload_shift_pick,combined_intervention_stress,combined_stress,0.548871,0.003491,0.126128,0.004807,0.274490,0.002286,0.340527,0.002377,0.577231,0.002660,0.546232,0.002739,0.188284,0.001359,0.401840,0.001436,0.062348,0.001515,0.156344,0.001522,0.562578,0.002531,80
proposed_intervention_violation_revision_v4_1,payload_shift_pick,combined_intervention_stress,in_distribution,0.646400,0.004186,0.466539,0.004876,0.212852,0.001933,0.181990,0.002172,0.622612,0.002554,0.597850,0.002591,0.157608,0.001260,0.257118,0.001568,0.068088,0.001336,0.121311,0.001507,0.563701,0.002642,80
proposed_intervention_violation_revision_v4_1,payload_shift_pick,combined_intervention_stress,long_horizon_recovery,0.592768,0.003840,0.268367,0.004525,0.239617,0.002216,0.283606,0.002220,0.604081,0.002622,0.548312,0.002927,0.169855,0.001356,0.353492,0.001503,0.065019,0.001552,0.142884,0.001348,0.561526,0.002835,80
proposed_intervention_violation_revision_v4_1,payload_shift_pick,combined_intervention_stress,new_operator_interventions,0.611665,0.003909,0.348635,0.004564,0.233604,0.002150,0.237817,0.002215,0.600894,0.002668,0.589551,0.002644,0.172242,0.001566,0.295857,0.001366,0.065807,0.001435,0.133139,0.001218,0.566115,0.002290,80
proposed_intervention_violation_revision_v4_1,payload_shift_pick,combined_intervention_stress,sparse_feedback,0.581969,0.004233,0.234531,0.004982,0.276696,0.002119,0.271975,0.002465,0.591365,0.002639,0.575999,0.002622,0.179853,0.001315,0.362998,0.001726,0.065420,0.001329,0.147754,0.001407,0.565021,0.002728,80
proposed_intervention_violation_revision_v4_1,payload_shift_pick,contact_precondition_failure,combined_stress,0.660458,0.004137,0.530634,0.004500,0.080840,0.001957,0.257151,0.001811,0.712056,0.002675,0.601771,0.002589,0.157942,0.001218,0.370555,0.001408,0.068476,0.001401,0.076165,0.001410,0.659765,0.002540,80
proposed_intervention_violation_revision_v4_1,payload_shift_pick,contact_precondition_failure,in_distribution,0.752772,0.004171,0.866883,0.004793,0.021352,0.001863,0.093777,0.001987,0.757353,0.002869,0.651343,0.002460,0.128652,0.001337,0.223897,0.001528,0.075036,0.001490,0.041754,0.001315,0.663750,0.002343,80
proposed_intervention_violation_revision_v4_1,payload_shift_pick,contact_precondition_failure,long_horizon_recovery,0.699436,0.004621,0.663297,0.005051,0.047549,0.002158,0.202269,0.002324,0.736508,0.002604,0.598973,0.002612,0.141782,0.001258,0.321386,0.001515,0.070264,0.001192,0.062435,0.001233,0.663015,0.002756,80
proposed_intervention_violation_revision_v4_1,payload_shift_pick,contact_precondition_failure,new_operator_interventions,0.715627,0.003818,0.741607,0.004712,0.041561,0.002363,0.156433,0.002324,0.735041,0.002576,0.643446,0.002645,0.142570,0.001273,0.263978,0.001470,0.072709,0.001556,0.054632,0.001353,0.663677,0.002723,80
proposed_intervention_violation_revision_v4_1,payload_shift_pick,contact_precondition_failure,sparse_feedback,0.685818,0.004235,0.637516,0.004723,0.082298,0.002341,0.186170,0.001867,0.727433,0.002783,0.636242,0.003063,0.147828,0.001446,0.329853,0.001456,0.071191,0.001571,0.066283,0.001416,0.664759,0.002587,80
proposed_intervention_violation_revision_v4_1,payload_shift_pick,environment_change_intervention,combined_stress,0.630894,0.003977,0.430080,0.004599,0.115953,0.001812,0.290040,0.002108,0.691301,0.002202,0.579377,0.002653,0.169442,0.001291,0.376996,0.001469,0.065607,0.001574,0.090717,0.001295,0.645876,0.002679,80
proposed_intervention_violation_revision_v4_1,payload_shift_pick,environment_change_intervention,in_distribution,0.726286,0.004013,0.767823,0.004986,0.052938,0.002102,0.129551,0.002461,0.731716,0.002480,0.631395,0.002521,0.140671,0.001385,0.231494,0.001329,0.073501,0.001619,0.055545,0.001258,0.645526,0.002544,80
proposed_intervention_violation_revision_v4_1,payload_shift_pick,environment_change_intervention,long_horizon_recovery,0.671190,0.003938,0.569404,0.004769,0.077496,0.002061,0.233708,0.002098,0.714287,0.002507,0.579406,0.002813,0.151735,0.001254,0.329175,0.001504,0.067027,0.001569,0.076372,0.001473,0.646998,0.002787,80
proposed_intervention_violation_revision_v4_1,payload_shift_pick,environment_change_intervention,new_operator_interventions,0.693358,0.003535,0.649985,0.004226,0.072915,0.002054,0.189763,0.002188,0.713284,0.002521,0.619696,0.002367,0.153351,0.001246,0.270721,0.001561,0.069357,0.001541,0.068697,0.001620,0.645376,0.002776,80
proposed_intervention_violation_revision_v4_1,payload_shift_pick,environment_change_intervention,sparse_feedback,0.663656,0.003914,0.540156,0.004422,0.114438,0.002220,0.222478,0.002198,0.704715,0.002617,0.609597,0.003094,0.160743,0.001402,0.336527,0.001523,0.067992,0.001573,0.082324,0.001566,0.646222,0.002711,80
proposed_intervention_violation_revision_v4_1,payload_shift_pick,false_human_hint,combined_stress,0.663460,0.004705,0.546593,0.005662,0.170870,0.002590,0.166012,0.002191,0.657021,0.002439,0.659872,0.002120,0.125277,0.001336,0.381065,0.001487,0.068688,0.001552,0.102761,0.001445,0.618660,0.002720,80
proposed_intervention_violation_revision_v4_1,payload_shift_pick,false_human_hint,in_distribution,0.755701,0.004173,0.879195,0.004702,0.111297,0.002324,0.007218,0.001872,0.698363,0.002761,0.710816,0.002756,0.096349,0.001317,0.234701,0.001526,0.074849,0.001504,0.066061,0.001434,0.617877,0.002698,80
proposed_intervention_violation_revision_v4_1,payload_shift_pick,false_human_hint,long_horizon_recovery,0.703833,0.004010,0.685103,0.004581,0.135779,0.001922,0.109748,0.001866,0.681306,0.002295,0.658473,0.002682,0.107422,0.001327,0.332843,0.001767,0.071116,0.001344,0.085898,0.001476,0.621592,0.002477,80
proposed_intervention_violation_revision_v4_1,payload_shift_pick,false_human_hint,new_operator_interventions,0.725850,0.003999,0.765530,0.004464,0.129991,0.002278,0.064010,0.002475,0.678127,0.002800,0.698681,0.002496,0.110684,0.001341,0.273757,0.001566,0.072432,0.001768,0.079860,0.001401,0.620354,0.002726,80
proposed_intervention_violation_revision_v4_1,payload_shift_pick,false_human_hint,sparse_feedback,0.700557,0.003687,0.658624,0.004906,0.172188,0.002278,0.099765,0.002374,0.668939,0.002454,0.690351,0.002481,0.116921,0.001287,0.342673,0.001430,0.069504,0.001292,0.091783,0.001332,0.619754,0.002258,80
proposed_intervention_violation_revision_v4_1,payload_shift_pick,noisy_observation,combined_stress,0.699706,0.003931,0.681631,0.004366,0.098360,0.002195,0.144478,0.002206,0.697658,0.002579,0.673535,0.002302,0.117666,0.001425,0.377133,0.001683,0.071494,0.001629,0.061052,0.001394,0.651366,0.002621,80
proposed_intervention_violation_revision_v4_1,payload_shift_pick,noisy_observation,in_distribution,0.793405,0.003708,1.008517,0.004456,0.035380,0.002223,0.000546,0.000556,0.743563,0.002887,0.725863,0.002303,0.088316,0.001227,0.230469,0.001495,0.076188,0.001409,0.027242,0.001477,0.653422,0.002512,80
proposed_intervention_violation_revision_v4_1,payload_shift_pick,noisy_observation,long_horizon_recovery,0.738891,0.003583,0.816736,0.004416,0.062277,0.002017,0.088995,0.002132,0.723553,0.002746,0.673040,0.002588,0.101927,0.001453,0.327901,0.001305,0.072027,0.001627,0.048087,0.001227,0.650533,0.002924,80
proposed_intervention_violation_revision_v4_1,payload_shift_pick,noisy_observation,new_operator_interventions,0.760247,0.004101,0.901214,0.005124,0.055149,0.002352,0.043521,0.001886,0.720860,0.002547,0.715090,0.002434,0.102079,0.001515,0.269887,0.001618,0.075000,0.001394,0.037861,0.001528,0.650721,0.002442,80
proposed_intervention_violation_revision_v4_1,payload_shift_pick,noisy_observation,sparse_feedback,0.728488,0.004654,0.788183,0.005277,0.098658,0.002021,0.076179,0.002198,0.712050,0.002715,0.703812,0.002673,0.108957,0.001322,0.336265,0.001593,0.073681,0.001405,0.051118,0.001407,0.651097,0.002625,80
proposed_intervention_violation_revision_v4_1,payload_shift_pick,nominal,combined_stress,0.752717,0.003599,0.867591,0.004933,0.022412,0.002174,0.094315,0.002325,0.754925,0.002589,0.702688,0.002537,0.100165,0.001213,0.359434,0.001441,0.074023,0.001387,0.035251,0.001392,0.692528,0.002801,80
proposed_intervention_violation_revision_v4_1,payload_shift_pick,nominal,in_distribution,0.845075,0.004228,1.132267,0.004402,0.000000,0.000000,0.000000,0.000000,0.797599,0.002524,0.755520,0.002391,0.069682,0.001248,0.212710,0.001699,0.079255,0.001520,0.003978,0.001097,0.694527,0.002426,80
proposed_intervention_violation_revision_v4_1,payload_shift_pick,nominal,long_horizon_recovery,0.789594,0.004015,0.994411,0.004705,0.000955,0.000596,0.038340,0.002248,0.781636,0.002536,0.705540,0.002794,0.082786,0.001258,0.310106,0.001415,0.076459,0.001451,0.020370,0.001368,0.693083,0.002498,80
proposed_intervention_violation_revision_v4_1,payload_shift_pick,nominal,new_operator_interventions,0.807855,0.004004,1.063348,0.004298,0.000065,0.000079,0.001123,0.000595,0.778018,0.002681,0.745887,0.002520,0.083968,0.001085,0.252352,0.001538,0.079595,0.001608,0.013316,0.001499,0.692371,0.002558,80
proposed_intervention_violation_revision_v4_1,payload_shift_pick,nominal,sparse_feedback,0.777745,0.003738,0.972651,0.004615,0.023080,0.002357,0.024752,0.002560,0.767763,0.002693,0.738032,0.002936,0.090617,0.001317,0.318950,0.001646,0.076336,0.001526,0.024919,0.001514,0.693703,0.002591,80
proposed_intervention_violation_revision_v4_1,payload_shift_pick,physical_rule_violation,combined_stress,0.659129,0.003781,0.537719,0.005140,0.094560,0.002040,0.237520,0.002274,0.703483,0.002833,0.609914,0.002483,0.151284,0.001286,0.373638,0.001503,0.068464,0.001431,0.076520,0.001341,0.655474,0.002884,80
proposed_intervention_violation_revision_v4_1,payload_shift_pick,physical_rule_violation,in_distribution,0.754555,0.003561,0.874695,0.004148,0.032721,0.001862,0.079762,0.001962,0.747553,0.002337,0.662794,0.002338,0.122584,0.001213,0.226313,0.001562,0.073455,0.001656,0.042126,0.001400,0.656097,0.002602,80
proposed_intervention_violation_revision_v4_1,payload_shift_pick,physical_rule_violation,long_horizon_recovery,0.700244,0.003806,0.677654,0.004596,0.054247,0.002068,0.184728,0.002272,0.728872,0.002708,0.614972,0.002452,0.135107,0.001282,0.323763,0.001563,0.070438,0.001425,0.062206,0.001490,0.658041,0.002622,80
proposed_intervention_violation_revision_v4_1,payload_shift_pick,physical_rule_violation,new_operator_interventions,0.717757,0.003450,0.755592,0.004429,0.049821,0.002089,0.137386,0.002133,0.726772,0.002310,0.652851,0.002823,0.136092,0.001339,0.265626,0.001504,0.072609,0.001313,0.054770,0.001548,0.657716,0.002690,80
proposed_intervention_violation_revision_v4_1,payload_shift_pick,physical_rule_violation,sparse_feedback,0.690894,0.003436,0.645216,0.004684,0.094652,0.002181,0.171598,0.002545,0.717259,0.002793,0.643581,0.002694,0.142898,0.001454,0.332600,0.001604,0.070769,0.001711,0.068364,0.001396,0.654429,0.002243,80
proposed_intervention_violation_revision_v4_1,tool_use_correction,actuator_model_break,combined_stress,0.644821,0.004423,0.477733,0.005239,0.093042,0.002016,0.271933,0.002230,0.702170,0.002435,0.590030,0.002375,0.172712,0.001250,0.375531,0.001759,0.068100,0.001488,0.081676,0.001524,0.654343,0.002366,80
proposed_intervention_violation_revision_v4_1,tool_use_correction,actuator_model_break,in_distribution,0.739853,0.003416,0.815399,0.004147,0.032011,0.002035,0.112880,0.001961,0.745358,0.002401,0.643188,0.002742,0.143890,0.001273,0.227472,0.001463,0.073486,0.001489,0.045782,0.001305,0.654884,0.002392,80
proposed_intervention_violation_revision_v4_1,tool_use_correction,actuator_model_break,long_horizon_recovery,0.681672,0.004262,0.612843,0.005087,0.057334,0.002151,0.216693,0.002066,0.727879,0.002661,0.590797,0.002436,0.156423,0.001207,0.325149,0.001599,0.068841,0.001458,0.064610,0.001564,0.654383,0.002576,80
proposed_intervention_violation_revision_v4_1,tool_use_correction,actuator_model_break,new_operator_interventions,0.707008,0.003792,0.696399,0.004973,0.051829,0.002299,0.172264,0.002089,0.727255,0.002742,0.630141,0.002621,0.158811,0.001259,0.268550,0.001569,0.071035,0.001345,0.057334,0.001568,0.655318,0.002535,80
proposed_intervention_violation_revision_v4_1,tool_use_correction,actuator_model_break,sparse_feedback,0.677056,0.003284,0.589800,0.003945,0.092947,0.002143,0.203502,0.002027,0.718554,0.002379,0.621860,0.002369,0.165426,0.001279,0.333471,0.001508,0.068459,0.001322,0.069830,0.001348,0.659301,0.002893,80
proposed_intervention_violation_revision_v4_1,tool_use_correction,combined_intervention_stress,combined_stress,0.552475,0.003418,0.122530,0.004131,0.275251,0.002338,0.340445,0.002395,0.576121,0.002803,0.546537,0.002505,0.197165,0.001370,0.403416,0.001529,0.061076,0.001682,0.155837,0.001493,0.560775,0.002647,80
proposed_intervention_violation_revision_v4_1,tool_use_correction,combined_intervention_stress,in_distribution,0.641515,0.003280,0.457361,0.004088,0.212760,0.001948,0.179089,0.002137,0.622135,0.002360,0.598211,0.002505,0.167477,0.001287,0.256616,0.001528,0.067650,0.001610,0.120236,0.001390,0.563626,0.002696,80
proposed_intervention_violation_revision_v4_1,tool_use_correction,combined_intervention_stress,long_horizon_recovery,0.587480,0.004112,0.254250,0.004827,0.239518,0.002270,0.285444,0.001939,0.602851,0.002836,0.548156,0.002837,0.180896,0.001367,0.354245,0.001607,0.064853,0.001507,0.141754,0.001283,0.564091,0.002667,80
proposed_intervention_violation_revision_v4_1,tool_use_correction,combined_intervention_stress,new_operator_interventions,0.609517,0.003816,0.337798,0.004307,0.234832,0.001824,0.238945,0.002098,0.603758,0.002494,0.590251,0.002632,0.182251,0.001182,0.296729,0.001522,0.065416,0.001457,0.134053,0.001488,0.563270,0.001915,80
proposed_intervention_violation_revision_v4_1,tool_use_correction,combined_intervention_stress,sparse_feedback,0.576904,0.004094,0.225304,0.004950,0.275130,0.002292,0.272265,0.002357,0.593260,0.002716,0.578258,0.002584,0.188670,0.001375,0.363978,0.001645,0.064177,0.001390,0.146438,0.001396,0.563210,0.002544,80
proposed_intervention_violation_revision_v4_1,tool_use_correction,contact_precondition_failure,combined_stress,0.655237,0.003673,0.518786,0.004234,0.083821,0.002075,0.255435,0.002068,0.713260,0.002572,0.600254,0.002595,0.166660,0.001337,0.370799,0.001656,0.069388,0.001289,0.075816,0.001396,0.663129,0.002014,80
proposed_intervention_violation_revision_v4_1,tool_use_correction,contact_precondition_failure,in_distribution,0.752811,0.002979,0.857720,0.003796,0.021681,0.002056,0.097162,0.002315,0.754824,0.002427,0.653175,0.002616,0.138286,0.001290,0.222821,0.001620,0.073162,0.001418,0.041431,0.001386,0.660974,0.002435,80
proposed_intervention_violation_revision_v4_1,tool_use_correction,contact_precondition_failure,long_horizon_recovery,0.696300,0.003621,0.658768,0.004214,0.045029,0.002008,0.199691,0.002034,0.738593,0.002548,0.603568,0.002627,0.151005,0.001290,0.322648,0.001449,0.069997,0.001564,0.060646,0.001338,0.661313,0.002580,80
proposed_intervention_violation_revision_v4_1,tool_use_correction,contact_precondition_failure,new_operator_interventions,0.715914,0.004025,0.736966,0.004815,0.041704,0.002091,0.154852,0.002264,0.736542,0.002558,0.642564,0.002470,0.152086,0.001210,0.264530,0.001579,0.071398,0.001602,0.053242,0.001411,0.664109,0.002639,80
proposed_intervention_violation_revision_v4_1,tool_use_correction,contact_precondition_failure,sparse_feedback,0.686832,0.004120,0.630169,0.004550,0.080285,0.002000,0.186902,0.001905,0.726444,0.002675,0.633532,0.002696,0.158808,0.001254,0.330872,0.001326,0.070275,0.001506,0.066524,0.001232,0.663220,0.002809,80
proposed_intervention_violation_revision_v4_1,tool_use_correction,environment_change_intervention,combined_stress,0.628006,0.003898,0.420569,0.004462,0.115121,0.002109,0.289547,0.002052,0.692745,0.003056,0.580936,0.002251,0.179716,0.001285,0.377261,0.001717,0.067369,0.001644,0.091721,0.001341,0.645970,0.002672,80
proposed_intervention_violation_revision_v4_1,tool_use_correction,environment_change_intervention,in_distribution,0.723099,0.004418,0.760094,0.004337,0.050965,0.002198,0.129232,0.001749,0.732549,0.002709,0.633109,0.002669,0.150385,0.001398,0.228162,0.001603,0.071446,0.001481,0.057510,0.001115,0.644644,0.002562,80
proposed_intervention_violation_revision_v4_1,tool_use_correction,environment_change_intervention,long_horizon_recovery,0.669906,0.004293,0.560041,0.004852,0.079436,0.002166,0.234272,0.002198,0.716713,0.002514,0.580859,0.002675,0.162809,0.001388,0.327178,0.001731,0.068526,0.001448,0.076467,0.001343,0.650849,0.002863,80
proposed_intervention_violation_revision_v4_1,tool_use_correction,environment_change_intervention,new_operator_interventions,0.689368,0.003574,0.639564,0.004435,0.072154,0.002193,0.188834,0.002140,0.712967,0.002783,0.619299,0.002435,0.163258,0.001305,0.269865,0.001491,0.071904,0.001621,0.068633,0.001312,0.644620,0.002385,80
proposed_intervention_violation_revision_v4_1,tool_use_correction,environment_change_intervention,sparse_feedback,0.659036,0.003510,0.529202,0.004373,0.112492,0.002012,0.223720,0.002121,0.700858,0.002609,0.610019,0.002650,0.169880,0.001412,0.335546,0.001702,0.067708,0.001400,0.081393,0.001311,0.645681,0.002964,80
proposed_intervention_violation_revision_v4_1,tool_use_correction,false_human_hint,combined_stress,0.661791,0.004582,0.534740,0.005143,0.172711,0.002119,0.167768,0.002081,0.656648,0.002490,0.658214,0.002515,0.135815,0.001232,0.380908,0.001507,0.069053,0.001891,0.102438,0.001445,0.619586,0.002677,80
proposed_intervention_violation_revision_v4_1,tool_use_correction,false_human_hint,in_distribution,0.755633,0.004190,0.872659,0.005027,0.107894,0.002339,0.008084,0.001515,0.699419,0.002686,0.710379,0.002546,0.107177,0.001259,0.235290,0.001602,0.074267,0.001509,0.067248,0.001477,0.619881,0.002496,80
proposed_intervention_violation_revision_v4_1,tool_use_correction,false_human_hint,long_horizon_recovery,0.698750,0.004434,0.674345,0.004580,0.136447,0.002288,0.107968,0.002091,0.683284,0.002757,0.659645,0.002564,0.117146,0.001136,0.332321,0.001456,0.071025,0.001284,0.086578,0.001737,0.619513,0.002703,80
proposed_intervention_violation_revision_v4_1,tool_use_correction,false_human_hint,new_operator_interventions,0.721407,0.003598,0.751983,0.005220,0.131815,0.002539,0.065213,0.002158,0.679375,0.002546,0.697821,0.002666,0.120338,0.001382,0.275163,0.001476,0.072738,0.001367,0.079261,0.001443,0.618304,0.002775,80
proposed_intervention_violation_revision_v4_1,tool_use_correction,false_human_hint,sparse_feedback,0.691905,0.003755,0.646410,0.004686,0.171150,0.002124,0.097809,0.002230,0.668306,0.002392,0.693614,0.002736,0.127153,0.001192,0.339581,0.001549,0.070557,0.001437,0.090926,0.001565,0.620755,0.002339,80
proposed_intervention_violation_revision_v4_1,tool_use_correction,noisy_observation,combined_stress,0.696634,0.003407,0.672823,0.004627,0.097104,0.002140,0.144499,0.002235,0.697583,0.002325,0.673220,0.002942,0.126714,0.001182,0.374558,0.001673,0.071124,0.001548,0.062340,0.001479,0.649741,0.002859,80
proposed_intervention_violation_revision_v4_1,tool_use_correction,noisy_observation,in_distribution,0.790371,0.003730,0.997491,0.003790,0.035242,0.002286,0.000062,0.000077,0.740430,0.002431,0.723628,0.002801,0.098321,0.001456,0.230223,0.001709,0.076399,0.001413,0.026584,0.001448,0.650128,0.002419,80
proposed_intervention_violation_revision_v4_1,tool_use_correction,noisy_observation,long_horizon_recovery,0.735702,0.003328,0.807754,0.004355,0.061601,0.002440,0.089783,0.002087,0.723934,0.002422,0.671503,0.002292,0.109953,0.001472,0.328350,0.001454,0.073393,0.001339,0.046644,0.001384,0.651373,0.002688,80
proposed_intervention_violation_revision_v4_1,tool_use_correction,noisy_observation,new_operator_interventions,0.754676,0.003756,0.888962,0.004754,0.055077,0.002327,0.041072,0.001972,0.719820,0.002812,0.713581,0.002536,0.111776,0.001324,0.270142,0.001596,0.077223,0.001570,0.039093,0.001183,0.651127,0.002332,80
proposed_intervention_violation_revision_v4_1,tool_use_correction,noisy_observation,sparse_feedback,0.727547,0.003861,0.782285,0.004767,0.098554,0.002488,0.073667,0.002186,0.708605,0.002410,0.704834,0.002421,0.117733,0.001332,0.336777,0.001466,0.073036,0.001618,0.051258,0.001545,0.652956,0.002675,80
proposed_intervention_violation_revision_v4_1,tool_use_correction,nominal,combined_stress,0.746990,0.003575,0.855278,0.004500,0.023293,0.001986,0.094001,0.001875,0.755504,0.003010,0.703503,0.002443,0.109387,0.001256,0.358449,0.001720,0.073613,0.001413,0.036160,0.001365,0.692436,0.002857,80
proposed_intervention_violation_revision_v4_1,tool_use_correction,nominal,in_distribution,0.841527,0.003927,1.121437,0.004213,0.000000,0.000000,0.000000,0.000000,0.798031,0.003078,0.757545,0.002379,0.080777,0.001231,0.213307,0.001605,0.078801,0.001768,0.003100,0.000950,0.692360,0.002975,80
proposed_intervention_violation_revision_v4_1,tool_use_correction,nominal,long_horizon_recovery,0.786193,0.004534,0.985563,0.004936,0.000143,0.000156,0.037036,0.002057,0.780896,0.002816,0.706874,0.002739,0.092456,0.001319,0.310907,0.001678,0.076350,0.001361,0.019653,0.001234,0.691094,0.002670,80
proposed_intervention_violation_revision_v4_1,tool_use_correction,nominal,new_operator_interventions,0.804857,0.004386,1.053685,0.004664,0.000160,0.000142,0.001758,0.000780,0.780237,0.002414,0.744936,0.002415,0.094185,0.001278,0.251566,0.001515,0.078018,0.001562,0.013603,0.001249,0.696496,0.002497,80
proposed_intervention_violation_revision_v4_1,tool_use_correction,nominal,sparse_feedback,0.773993,0.004232,0.957883,0.005286,0.025785,0.002212,0.026072,0.002145,0.767992,0.002440,0.737725,0.002932,0.101363,0.001325,0.318852,0.001636,0.075978,0.001715,0.026641,0.001407,0.692578,0.002813,80
proposed_intervention_violation_revision_v4_1,tool_use_correction,physical_rule_violation,combined_stress,0.661783,0.004295,0.530310,0.004693,0.094677,0.002158,0.240326,0.002490,0.703012,0.002496,0.608422,0.002607,0.161731,0.001436,0.371698,0.001579,0.067767,0.001442,0.077945,0.001588,0.654929,0.002720,80
proposed_intervention_violation_revision_v4_1,tool_use_correction,physical_rule_violation,in_distribution,0.752359,0.004170,0.868308,0.004769,0.029856,0.002196,0.077939,0.002044,0.748384,0.002650,0.663775,0.002698,0.133288,0.001417,0.226765,0.001502,0.074252,0.001219,0.041692,0.001288,0.657097,0.002842,80
proposed_intervention_violation_revision_v4_1,tool_use_correction,physical_rule_violation,long_horizon_recovery,0.693042,0.003973,0.664100,0.004793,0.055928,0.001962,0.183495,0.002151,0.730432,0.002551,0.613909,0.002576,0.144140,0.001154,0.324045,0.001462,0.070930,0.001427,0.061125,0.001374,0.655667,0.002920,80
proposed_intervention_violation_revision_v4_1,tool_use_correction,physical_rule_violation,new_operator_interventions,0.721121,0.004213,0.748783,0.004707,0.051259,0.002344,0.139326,0.002034,0.725085,0.002962,0.653390,0.002336,0.146012,0.001407,0.266687,0.001471,0.072745,0.001524,0.054866,0.001440,0.656873,0.002614,80
proposed_intervention_violation_revision_v4_1,tool_use_correction,physical_rule_violation,sparse_feedback,0.690588,0.003717,0.640482,0.004568,0.092386,0.002481,0.171016,0.001946,0.719220,0.002796,0.642504,0.002664,0.152751,0.001301,0.332811,0.001440,0.069790,0.001429,0.067747,0.001519,0.656566,0.002746,80
scalar_uncertainty_trigger,bin_packing_recovery,actuator_model_break,combined_stress,0.420209,0.003821,-0.320444,0.004743,0.288752,0.001937,0.515590,0.002081,0.393155,0.002534,0.297619,0.002486,0.257954,0.001431,0.408452,0.001532,0.069593,0.001194,0.201353,0.001339,0.382685,0.002810,80
scalar_uncertainty_trigger,bin_packing_recovery,actuator_model_break,in_distribution,0.516450,0.003728,0.015933,0.004846,0.228236,0.002113,0.356601,0.002337,0.435034,0.002804,0.348389,0.002574,0.228838,0.001382,0.264366,0.001413,0.071953,0.001364,0.167590,0.001410,0.381612,0.002639,80
scalar_uncertainty_trigger,bin_packing_recovery,actuator_model_break,long_horizon_recovery,0.458026,0.003530,-0.188879,0.004335,0.256316,0.002195,0.459874,0.002252,0.415831,0.002659,0.299226,0.002373,0.241736,0.001246,0.361441,0.001343,0.068695,0.001237,0.187966,0.001443,0.381632,0.002474,80
scalar_uncertainty_trigger,bin_packing_recovery,actuator_model_break,new_operator_interventions,0.479392,0.004200,-0.106581,0.004639,0.248017,0.002209,0.415224,0.002408,0.412161,0.002561,0.338325,0.002252,0.242623,0.001227,0.303555,0.001656,0.070767,0.001318,0.180503,0.001439,0.382695,0.002494,80
scalar_uncertainty_trigger,bin_packing_recovery,actuator_model_break,sparse_feedback,0.448222,0.003364,-0.218391,0.004467,0.290064,0.002343,0.447139,0.002120,0.403153,0.002896,0.329192,0.002751,0.249790,0.001201,0.371702,0.001353,0.070284,0.001265,0.193868,0.001715,0.379820,0.002454,80
scalar_uncertainty_trigger,bin_packing_recovery,combined_intervention_stress,combined_stress,0.329811,0.004238,-0.680003,0.004984,0.474216,0.002153,0.584617,0.002234,0.265219,0.002898,0.253666,0.002581,0.281375,0.001211,0.439684,0.001299,0.072234,0.001594,0.277959,0.001339,0.286662,0.002956,80
scalar_uncertainty_trigger,bin_packing_recovery,combined_intervention_stress,in_distribution,0.421518,0.003645,-0.338835,0.004413,0.410396,0.002443,0.420735,0.001835,0.310241,0.002638,0.307269,0.002939,0.252514,0.001258,0.293567,0.001519,0.069625,0.001279,0.242725,0.001520,0.289871,0.002549,80
scalar_uncertainty_trigger,bin_packing_recovery,combined_intervention_stress,long_horizon_recovery,0.363824,0.003898,-0.543327,0.004815,0.435791,0.001936,0.524129,0.001830,0.288610,0.002659,0.255359,0.003036,0.265055,0.001253,0.389366,0.001489,0.071113,0.001492,0.263848,0.001633,0.288751,0.002592,80
scalar_uncertainty_trigger,bin_packing_recovery,combined_intervention_stress,new_operator_interventions,0.383348,0.003931,-0.463598,0.004478,0.428811,0.002231,0.481861,0.002222,0.288212,0.002782,0.298021,0.003128,0.266942,0.001246,0.332004,0.001454,0.070345,0.001289,0.254869,0.001091,0.287852,0.002643,80
scalar_uncertainty_trigger,bin_packing_recovery,combined_intervention_stress,sparse_feedback,0.354605,0.004024,-0.573380,0.004672,0.470816,0.002097,0.514288,0.002099,0.279260,0.002431,0.286601,0.002370,0.273099,0.001422,0.398806,0.001470,0.072680,0.001585,0.269535,0.001361,0.290029,0.002189,80
scalar_uncertainty_trigger,bin_packing_recovery,contact_precondition_failure,combined_stress,0.432764,0.004327,-0.279213,0.005006,0.278605,0.001918,0.498233,0.002086,0.399239,0.002668,0.311779,0.002917,0.252930,0.001287,0.408217,0.001339,0.070145,0.001185,0.197638,0.001531,0.390504,0.002821,80
scalar_uncertainty_trigger,bin_packing_recovery,contact_precondition_failure,in_distribution,0.527839,0.004542,0.061302,0.005391,0.216260,0.002271,0.335787,0.002211,0.443711,0.002485,0.360388,0.002735,0.222955,0.001240,0.260698,0.001423,0.071727,0.001356,0.163450,0.001373,0.386791,0.002529,80
scalar_uncertainty_trigger,bin_packing_recovery,contact_precondition_failure,long_horizon_recovery,0.471257,0.003700,-0.140061,0.004264,0.241747,0.002438,0.439874,0.001967,0.426109,0.002762,0.310240,0.002804,0.235406,0.001210,0.358382,0.001470,0.070501,0.001403,0.183265,0.001369,0.391266,0.002385,80
scalar_uncertainty_trigger,bin_packing_recovery,contact_precondition_failure,new_operator_interventions,0.492322,0.003868,-0.062657,0.005111,0.237967,0.002251,0.397807,0.001928,0.423061,0.002945,0.349657,0.002467,0.236481,0.001291,0.300350,0.001371,0.071288,0.001450,0.175810,0.001538,0.388673,0.002403,80
scalar_uncertainty_trigger,bin_packing_recovery,contact_precondition_failure,sparse_feedback,0.463603,0.004144,-0.170024,0.005094,0.278781,0.002221,0.430143,0.002384,0.412303,0.002643,0.341908,0.002973,0.242748,0.001373,0.367056,0.001555,0.070375,0.001182,0.188708,0.001543,0.389616,0.003077,80
scalar_uncertainty_trigger,bin_packing_recovery,environment_change_intervention,combined_stress,0.407356,0.004200,-0.372350,0.005049,0.308950,0.002409,0.529518,0.001995,0.377688,0.002823,0.289859,0.002462,0.264354,0.001326,0.412589,0.001357,0.070148,0.001234,0.212836,0.001478,0.372661,0.002661,80
scalar_uncertainty_trigger,bin_packing_recovery,environment_change_intervention,in_distribution,0.498086,0.004221,-0.039154,0.005093,0.247979,0.002305,0.370729,0.001967,0.420892,0.002454,0.341780,0.002595,0.234669,0.001489,0.265808,0.001429,0.071385,0.001561,0.179115,0.001443,0.373505,0.002841,80
scalar_uncertainty_trigger,bin_packing_recovery,environment_change_intervention,long_horizon_recovery,0.446042,0.003750,-0.238511,0.004595,0.275420,0.002244,0.476396,0.002204,0.403448,0.002612,0.288687,0.002368,0.246933,0.001334,0.363674,0.001420,0.069364,0.001165,0.196733,0.001557,0.371134,0.002727,80
scalar_uncertainty_trigger,bin_packing_recovery,environment_change_intervention,new_operator_interventions,0.463540,0.004156,-0.161283,0.004997,0.270753,0.002383,0.429788,0.002304,0.400750,0.002690,0.330145,0.002617,0.248719,0.001376,0.305995,0.001469,0.070322,0.001210,0.190829,0.001401,0.372027,0.002892,80
scalar_uncertainty_trigger,bin_packing_recovery,environment_change_intervention,sparse_feedback,0.438516,0.003961,-0.267314,0.004645,0.312359,0.002254,0.463268,0.002234,0.390883,0.002707,0.317633,0.002451,0.255290,0.001240,0.372727,0.001647,0.070090,0.001300,0.203255,0.001530,0.373023,0.002669,80
scalar_uncertainty_trigger,bin_packing_recovery,false_human_hint,combined_stress,0.440687,0.003678,-0.261135,0.004774,0.368807,0.002283,0.408868,0.002219,0.341840,0.002453,0.365137,0.002817,0.220145,0.001290,0.418722,0.001463,0.069462,0.001248,0.223719,0.001712,0.347143,0.002766,80
scalar_uncertainty_trigger,bin_packing_recovery,false_human_hint,in_distribution,0.531771,0.004210,0.073908,0.005491,0.306571,0.002280,0.248965,0.002086,0.386418,0.002643,0.417399,0.002672,0.191383,0.001337,0.270646,0.001534,0.073988,0.001661,0.188262,0.001505,0.345856,0.002657,80
scalar_uncertainty_trigger,bin_packing_recovery,false_human_hint,long_horizon_recovery,0.477241,0.003908,-0.126859,0.004888,0.333588,0.001937,0.353614,0.002063,0.367674,0.002897,0.367840,0.002739,0.203447,0.001500,0.369272,0.001402,0.069225,0.001152,0.209003,0.001338,0.347509,0.002632,80
scalar_uncertainty_trigger,bin_packing_recovery,false_human_hint,new_operator_interventions,0.496123,0.004204,-0.047670,0.005145,0.325637,0.002092,0.308452,0.002323,0.365185,0.003028,0.406827,0.002444,0.205629,0.001340,0.311184,0.001410,0.071004,0.001230,0.201492,0.001500,0.345827,0.002658,80
scalar_uncertainty_trigger,bin_packing_recovery,false_human_hint,sparse_feedback,0.472867,0.004082,-0.152379,0.004816,0.371083,0.002537,0.340648,0.002061,0.356644,0.002885,0.398196,0.002559,0.211593,0.001279,0.378409,0.001693,0.070315,0.001254,0.214743,0.001432,0.345267,0.002436,80
scalar_uncertainty_trigger,bin_packing_recovery,noisy_observation,combined_stress,0.470033,0.004086,-0.128722,0.004858,0.294371,0.002098,0.386109,0.002155,0.384109,0.002570,0.380296,0.002326,0.211930,0.001362,0.412023,0.001418,0.069597,0.001127,0.182840,0.001405,0.380087,0.002614,80
scalar_uncertainty_trigger,bin_packing_recovery,noisy_observation,in_distribution,0.566238,0.003599,0.210997,0.004018,0.231688,0.002341,0.226909,0.001925,0.431056,0.002856,0.432743,0.002613,0.182858,0.001240,0.264896,0.001539,0.075698,0.001532,0.148350,0.001555,0.378863,0.002368,80
scalar_uncertainty_trigger,bin_packing_recovery,noisy_observation,long_horizon_recovery,0.511392,0.004157,0.008594,0.004373,0.257821,0.002431,0.330930,0.002096,0.410968,0.002780,0.380879,0.002161,0.195475,0.001267,0.365634,0.001563,0.072417,0.001653,0.168821,0.001178,0.376992,0.003056,80
scalar_uncertainty_trigger,bin_packing_recovery,noisy_observation,new_operator_interventions,0.536127,0.003749,0.092938,0.004756,0.254150,0.002017,0.286278,0.002198,0.409276,0.002605,0.422295,0.002906,0.197249,0.001243,0.305763,0.001370,0.074247,0.001979,0.159976,0.001496,0.379259,0.002415,80
scalar_uncertainty_trigger,bin_packing_recovery,noisy_observation,sparse_feedback,0.503995,0.003732,-0.019375,0.004516,0.295315,0.002587,0.319547,0.002504,0.397701,0.002338,0.411844,0.002637,0.202795,0.001321,0.372632,0.001284,0.071594,0.001563,0.174670,0.001552,0.380102,0.002796,80
scalar_uncertainty_trigger,bin_packing_recovery,nominal,combined_stress,0.524138,0.004049,0.056851,0.004495,0.221771,0.002054,0.335997,0.002023,0.440650,0.002667,0.413515,0.003229,0.193817,0.001407,0.396010,0.001588,0.071210,0.001256,0.157585,0.001290,0.421009,0.002755,80
scalar_uncertainty_trigger,bin_packing_recovery,nominal,in_distribution,0.616234,0.003860,0.393631,0.004980,0.157496,0.002064,0.175221,0.002509,0.485359,0.002833,0.463233,0.002503,0.165317,0.001214,0.247909,0.001614,0.078040,0.001806,0.121701,0.001303,0.418340,0.002600,80
scalar_uncertainty_trigger,bin_packing_recovery,nominal,long_horizon_recovery,0.559466,0.003904,0.187561,0.004425,0.186877,0.002166,0.278869,0.001873,0.466590,0.002359,0.412547,0.002790,0.178678,0.001238,0.347349,0.001361,0.075856,0.001590,0.143811,0.001463,0.421456,0.002758,80
scalar_uncertainty_trigger,bin_packing_recovery,nominal,new_operator_interventions,0.580006,0.003380,0.270164,0.004257,0.178785,0.002378,0.234831,0.002143,0.463816,0.002621,0.453775,0.002701,0.178998,0.001422,0.289678,0.001540,0.075282,0.001751,0.136105,0.001401,0.422554,0.002690,80
scalar_uncertainty_trigger,bin_packing_recovery,nominal,sparse_feedback,0.552029,0.004064,0.161403,0.005106,0.222790,0.002411,0.266544,0.002291,0.454862,0.002576,0.445073,0.002515,0.186838,0.001126,0.356371,0.001582,0.074492,0.001626,0.147839,0.001298,0.422130,0.002663,80
scalar_uncertainty_trigger,bin_packing_recovery,physical_rule_violation,combined_stress,0.433734,0.003734,-0.272468,0.005210,0.290972,0.002245,0.482367,0.002075,0.392379,0.003074,0.317151,0.002737,0.246668,0.001500,0.409236,0.001537,0.069999,0.001333,0.199114,0.001490,0.382178,0.002005,80
scalar_uncertainty_trigger,bin_packing_recovery,physical_rule_violation,in_distribution,0.526678,0.003836,0.068828,0.004535,0.226099,0.001675,0.320081,0.002210,0.435185,0.002564,0.374788,0.002591,0.217155,0.001336,0.264440,0.001464,0.072876,0.001529,0.163623,0.001315,0.384264,0.002642,80
scalar_uncertainty_trigger,bin_packing_recovery,physical_rule_violation,long_horizon_recovery,0.477341,0.003466,-0.129272,0.004607,0.255196,0.002330,0.425111,0.002141,0.417086,0.002755,0.319245,0.002502,0.228741,0.001261,0.361162,0.001827,0.070477,0.001062,0.184148,0.001353,0.384319,0.002551,80
scalar_uncertainty_trigger,bin_packing_recovery,physical_rule_violation,new_operator_interventions,0.495989,0.003683,-0.050930,0.004826,0.249687,0.002441,0.380020,0.002425,0.413370,0.002509,0.359717,0.003044,0.231208,0.001134,0.301923,0.001405,0.070525,0.001382,0.176083,0.001498,0.385042,0.002831,80
scalar_uncertainty_trigger,bin_packing_recovery,physical_rule_violation,sparse_feedback,0.465308,0.004549,-0.159520,0.005456,0.289250,0.002076,0.411847,0.002268,0.403798,0.003075,0.352737,0.002458,0.237909,0.001310,0.369341,0.001469,0.071323,0.001420,0.188477,0.001552,0.383403,0.002430,80
scalar_uncertainty_trigger,deformable_contact_replan,actuator_model_break,combined_stress,0.425758,0.003561,-0.311394,0.004640,0.291484,0.002239,0.515482,0.002176,0.391050,0.002543,0.296437,0.002784,0.248368,0.001460,0.410353,0.001703,0.069157,0.001164,0.202213,0.001347,0.381297,0.002583,80
scalar_uncertainty_trigger,deformable_contact_replan,actuator_model_break,in_distribution,0.517330,0.003867,0.024278,0.004665,0.229274,0.002071,0.356337,0.002165,0.434042,0.002846,0.351144,0.002838,0.218596,0.001391,0.264328,0.001402,0.072863,0.001574,0.166876,0.001141,0.382342,0.002706,80
scalar_uncertainty_trigger,deformable_contact_replan,actuator_model_break,long_horizon_recovery,0.462618,0.004099,-0.175510,0.004954,0.255354,0.002394,0.459172,0.002167,0.416272,0.002635,0.298127,0.002853,0.230503,0.001210,0.363187,0.001496,0.070255,0.001313,0.186958,0.001413,0.383355,0.002861,80
scalar_uncertainty_trigger,deformable_contact_replan,actuator_model_break,new_operator_interventions,0.480559,0.003926,-0.098673,0.004561,0.249051,0.001980,0.415925,0.002050,0.413510,0.002824,0.338314,0.002920,0.232919,0.001365,0.302667,0.001622,0.071759,0.001516,0.178802,0.001127,0.381106,0.002542,80
scalar_uncertainty_trigger,deformable_contact_replan,actuator_model_break,sparse_feedback,0.453719,0.004015,-0.203264,0.004912,0.291460,0.002169,0.446484,0.002290,0.403792,0.002636,0.332699,0.002753,0.238364,0.001332,0.371060,0.001912,0.070073,0.001118,0.192454,0.001397,0.381738,0.002339,80
scalar_uncertainty_trigger,deformable_contact_replan,combined_intervention_stress,combined_stress,0.330038,0.004585,-0.672094,0.005382,0.473607,0.002213,0.582449,0.001952,0.266461,0.002530,0.256027,0.002392,0.274179,0.001342,0.440601,0.001657,0.072238,0.001438,0.278534,0.001597,0.289399,0.002535,80
scalar_uncertainty_trigger,deformable_contact_replan,combined_intervention_stress,in_distribution,0.424727,0.004277,-0.330794,0.005039,0.411188,0.002311,0.422478,0.002198,0.311349,0.002365,0.308237,0.002238,0.243973,0.001340,0.293094,0.001507,0.069213,0.001064,0.243230,0.001480,0.289733,0.002766,80
scalar_uncertainty_trigger,deformable_contact_replan,combined_intervention_stress,long_horizon_recovery,0.367030,0.004290,-0.535102,0.004872,0.435763,0.002115,0.527834,0.001972,0.291837,0.002889,0.255838,0.002790,0.256337,0.001199,0.391058,0.001461,0.070254,0.001362,0.262304,0.001536,0.289959,0.002791,80
scalar_uncertainty_trigger,deformable_contact_replan,combined_intervention_stress,new_operator_interventions,0.389259,0.003726,-0.449303,0.004676,0.429330,0.001951,0.480345,0.002387,0.289569,0.002501,0.296579,0.002329,0.256127,0.001301,0.331911,0.001492,0.069664,0.001445,0.255802,0.001465,0.289833,0.002489,80
scalar_uncertainty_trigger,deformable_contact_replan,combined_intervention_stress,sparse_feedback,0.357175,0.003676,-0.564170,0.004655,0.473691,0.002433,0.513241,0.002051,0.280455,0.002475,0.286346,0.002550,0.263085,0.001315,0.398941,0.001453,0.071175,0.001542,0.269594,0.001318,0.290606,0.002436,80
scalar_uncertainty_trigger,deformable_contact_replan,contact_precondition_failure,combined_stress,0.437263,0.004143,-0.266712,0.004871,0.279091,0.002169,0.496515,0.002309,0.400310,0.002936,0.304502,0.002404,0.241491,0.001508,0.406111,0.001451,0.069390,0.001253,0.198844,0.001383,0.391571,0.002749,80
scalar_uncertainty_trigger,deformable_contact_replan,contact_precondition_failure,in_distribution,0.528358,0.003925,0.067628,0.005072,0.216683,0.002070,0.338960,0.002159,0.444754,0.002444,0.360868,0.002433,0.212483,0.001336,0.260029,0.001713,0.073631,0.001556,0.162824,0.001404,0.390277,0.002547,80
scalar_uncertainty_trigger,deformable_contact_replan,contact_precondition_failure,long_horizon_recovery,0.476669,0.003941,-0.131722,0.005299,0.244710,0.001936,0.441971,0.002411,0.424745,0.002926,0.308658,0.002442,0.224321,0.001193,0.358667,0.001310,0.070950,0.001390,0.184148,0.001360,0.386957,0.002569,80
scalar_uncertainty_trigger,deformable_contact_replan,contact_precondition_failure,new_operator_interventions,0.494602,0.004088,-0.052812,0.005123,0.236229,0.002285,0.397671,0.002494,0.421942,0.002422,0.350336,0.002777,0.227353,0.001255,0.300172,0.001654,0.070931,0.001419,0.176133,0.001317,0.388703,0.002463,80
scalar_uncertainty_trigger,deformable_contact_replan,contact_precondition_failure,sparse_feedback,0.468824,0.003929,-0.158809,0.004326,0.278756,0.002082,0.430518,0.002061,0.413395,0.002679,0.339226,0.002653,0.234042,0.001406,0.367149,0.001377,0.069765,0.001163,0.188117,0.001586,0.390210,0.002078,80
scalar_uncertainty_trigger,deformable_contact_replan,environment_change_intervention,combined_stress,0.408092,0.003961,-0.368875,0.004634,0.311450,0.002304,0.531258,0.002242,0.378422,0.002826,0.286512,0.003063,0.254415,0.001276,0.414606,0.001581,0.070825,0.001182,0.213567,0.001462,0.371601,0.002784,80
scalar_uncertainty_trigger,deformable_contact_replan,environment_change_intervention,in_distribution,0.505096,0.003786,-0.025221,0.004599,0.249350,0.002137,0.367968,0.002458,0.419572,0.002786,0.338932,0.002644,0.225176,0.001236,0.266209,0.001563,0.071006,0.001366,0.178302,0.001537,0.371267,0.002889,80
scalar_uncertainty_trigger,deformable_contact_replan,environment_change_intervention,long_horizon_recovery,0.451007,0.003698,-0.227805,0.004926,0.274122,0.002274,0.476308,0.002106,0.401871,0.002319,0.287937,0.002487,0.237884,0.001502,0.364271,0.001415,0.068604,0.001031,0.199408,0.001445,0.372429,0.002715,80
scalar_uncertainty_trigger,deformable_contact_replan,environment_change_intervention,new_operator_interventions,0.469563,0.003950,-0.149460,0.004780,0.269441,0.001997,0.431779,0.001968,0.398436,0.002951,0.330774,0.002518,0.238544,0.001285,0.306306,0.001645,0.070715,0.001300,0.191419,0.001335,0.372013,0.002504,80
scalar_uncertainty_trigger,deformable_contact_replan,environment_change_intervention,sparse_feedback,0.439731,0.003786,-0.260732,0.004874,0.311646,0.002294,0.465216,0.002628,0.389894,0.002763,0.318090,0.002500,0.246211,0.001301,0.371426,0.001713,0.070026,0.001082,0.203761,0.001598,0.370764,0.002608,80
scalar_uncertainty_trigger,deformable_contact_replan,false_human_hint,combined_stress,0.439079,0.003849,-0.253821,0.004813,0.367945,0.002192,0.407074,0.002180,0.341052,0.002742,0.365878,0.003049,0.210225,0.001493,0.418560,0.001470,0.069944,0.001238,0.223581,0.001362,0.346941,0.002666,80
scalar_uncertainty_trigger,deformable_contact_replan,false_human_hint,in_distribution,0.536190,0.004001,0.085128,0.004673,0.306762,0.002426,0.249339,0.002268,0.385002,0.002525,0.422870,0.003304,0.181105,0.001115,0.270961,0.001619,0.074299,0.001530,0.190370,0.001213,0.346203,0.002369,80
scalar_uncertainty_trigger,deformable_contact_replan,false_human_hint,long_horizon_recovery,0.478648,0.004156,-0.114839,0.004907,0.332621,0.002010,0.349980,0.002302,0.368982,0.002757,0.366893,0.002439,0.192952,0.001343,0.369249,0.001449,0.071303,0.001278,0.208337,0.001279,0.347163,0.002285,80
scalar_uncertainty_trigger,deformable_contact_replan,false_human_hint,new_operator_interventions,0.500368,0.004341,-0.036388,0.005217,0.327736,0.002355,0.307491,0.002182,0.366100,0.002608,0.405879,0.002642,0.195602,0.001277,0.311184,0.001465,0.070879,0.001248,0.200905,0.001397,0.348304,0.002656,80
scalar_uncertainty_trigger,deformable_contact_replan,false_human_hint,sparse_feedback,0.471645,0.003747,-0.144273,0.004823,0.366802,0.002309,0.341334,0.002334,0.357376,0.002831,0.394009,0.002418,0.201517,0.001411,0.377073,0.001322,0.070840,0.001332,0.214037,0.001623,0.346076,0.002585,80
scalar_uncertainty_trigger,deformable_contact_replan,noisy_observation,combined_stress,0.473114,0.003596,-0.120378,0.004428,0.294870,0.002166,0.386197,0.002097,0.383921,0.002790,0.378924,0.002489,0.202158,0.001299,0.414234,0.001537,0.070027,0.001142,0.183417,0.001399,0.379193,0.002374,80
scalar_uncertainty_trigger,deformable_contact_replan,noisy_observation,in_distribution,0.570206,0.003495,0.220917,0.003719,0.233141,0.002148,0.225593,0.001856,0.427035,0.002560,0.436024,0.002315,0.174063,0.001298,0.266207,0.001341,0.076833,0.001726,0.147536,0.001304,0.380343,0.002794,80
scalar_uncertainty_trigger,deformable_contact_replan,noisy_observation,long_horizon_recovery,0.513507,0.003818,0.017764,0.004699,0.259641,0.002282,0.331258,0.002080,0.408943,0.002490,0.382802,0.002293,0.185064,0.001104,0.363284,0.001531,0.072797,0.001567,0.168454,0.001463,0.380318,0.002310,80
scalar_uncertainty_trigger,deformable_contact_replan,noisy_observation,new_operator_interventions,0.531727,0.003889,0.096522,0.004862,0.254593,0.002215,0.285188,0.002150,0.407336,0.002735,0.424407,0.002855,0.186375,0.001321,0.307170,0.001585,0.073119,0.001783,0.160851,0.001349,0.380151,0.002887,80
scalar_uncertainty_trigger,deformable_contact_replan,noisy_observation,sparse_feedback,0.503081,0.004289,-0.012055,0.004934,0.295892,0.002317,0.316608,0.002161,0.397648,0.002556,0.410542,0.002548,0.193016,0.001326,0.374813,0.001692,0.072529,0.001451,0.173052,0.001307,0.378612,0.002327,80
scalar_uncertainty_trigger,deformable_contact_replan,nominal,combined_stress,0.526698,0.003723,0.065036,0.003958,0.221599,0.002084,0.336946,0.002110,0.441207,0.002739,0.412060,0.002628,0.184619,0.001292,0.395284,0.001553,0.072935,0.001490,0.157486,0.001254,0.420131,0.002676,80
scalar_uncertainty_trigger,deformable_contact_replan,nominal,in_distribution,0.616883,0.004128,0.400943,0.004521,0.158640,0.002110,0.176172,0.002101,0.486517,0.002596,0.465853,0.002638,0.154174,0.001299,0.247763,0.001512,0.077488,0.001745,0.124024,0.001416,0.418345,0.002415,80
scalar_uncertainty_trigger,deformable_contact_replan,nominal,long_horizon_recovery,0.566466,0.004084,0.205092,0.004925,0.185071,0.002042,0.278600,0.002110,0.470713,0.002629,0.414901,0.002493,0.168568,0.001168,0.347343,0.001423,0.075667,0.001674,0.142091,0.001516,0.419596,0.002893,80
scalar_uncertainty_trigger,deformable_contact_replan,nominal,new_operator_interventions,0.583997,0.004592,0.281371,0.005363,0.179861,0.002278,0.233562,0.002349,0.465148,0.002327,0.453844,0.002485,0.169583,0.001397,0.289139,0.001547,0.076660,0.001712,0.135476,0.001373,0.420876,0.002308,80
scalar_uncertainty_trigger,deformable_contact_replan,nominal,sparse_feedback,0.554573,0.004568,0.172848,0.005559,0.221800,0.002431,0.265977,0.002440,0.453336,0.002625,0.443244,0.002592,0.175255,0.001507,0.355332,0.001455,0.073626,0.001482,0.147810,0.001519,0.421289,0.002207,80
scalar_uncertainty_trigger,deformable_contact_replan,physical_rule_violation,combined_stress,0.439729,0.003593,-0.257273,0.004624,0.288303,0.002027,0.482963,0.002122,0.391763,0.002442,0.320177,0.003132,0.236107,0.001318,0.410751,0.001453,0.069786,0.001200,0.198349,0.001391,0.382082,0.002570,80
scalar_uncertainty_trigger,deformable_contact_replan,physical_rule_violation,in_distribution,0.531749,0.003976,0.079620,0.004716,0.226701,0.002456,0.321281,0.002391,0.437397,0.002943,0.371661,0.002357,0.207244,0.001257,0.262896,0.001422,0.071350,0.001389,0.164521,0.001287,0.381540,0.002528,80
scalar_uncertainty_trigger,deformable_contact_replan,physical_rule_violation,long_horizon_recovery,0.478045,0.004467,-0.119346,0.004847,0.253062,0.002181,0.423869,0.001917,0.417523,0.002579,0.319042,0.002360,0.220096,0.001140,0.359558,0.001561,0.070397,0.001185,0.182983,0.001381,0.382678,0.002785,80
scalar_uncertainty_trigger,deformable_contact_replan,physical_rule_violation,new_operator_interventions,0.495130,0.003543,-0.044479,0.004143,0.248363,0.002054,0.379469,0.002237,0.414169,0.002750,0.361095,0.002830,0.221316,0.001405,0.303298,0.001477,0.071848,0.001464,0.177762,0.001394,0.382996,0.002462,80
scalar_uncertainty_trigger,deformable_contact_replan,physical_rule_violation,sparse_feedback,0.469022,0.004002,-0.152203,0.005267,0.289923,0.002160,0.414097,0.002387,0.402759,0.002694,0.349136,0.002721,0.227893,0.001423,0.370905,0.001487,0.069229,0.001211,0.189229,0.001595,0.381446,0.002427,80
scalar_uncertainty_trigger,mobile_base_intervention,actuator_model_break,combined_stress,0.428630,0.003977,-0.284810,0.004517,0.288401,0.002198,0.515597,0.002121,0.389227,0.002697,0.296952,0.002543,0.217831,0.001175,0.410619,0.001555,0.069268,0.001220,0.202051,0.001374,0.384296,0.002783,80
scalar_uncertainty_trigger,mobile_base_intervention,actuator_model_break,in_distribution,0.524605,0.003741,0.056395,0.004807,0.229120,0.002302,0.352444,0.002527,0.432980,0.002480,0.350985,0.002573,0.188749,0.001108,0.263782,0.001442,0.070659,0.001377,0.166352,0.001362,0.383993,0.002749,80
scalar_uncertainty_trigger,mobile_base_intervention,actuator_model_break,long_horizon_recovery,0.470330,0.003516,-0.145695,0.004297,0.256589,0.002122,0.456771,0.002064,0.417202,0.002517,0.298766,0.002550,0.201601,0.001279,0.361199,0.001422,0.069544,0.001169,0.187929,0.001410,0.382525,0.002524,80
scalar_uncertainty_trigger,mobile_base_intervention,actuator_model_break,new_operator_interventions,0.492073,0.003994,-0.064660,0.004788,0.248054,0.002102,0.414677,0.001854,0.415117,0.002192,0.336400,0.002668,0.203163,0.001399,0.304841,0.001524,0.069851,0.001241,0.179546,0.001433,0.384551,0.002504,80
scalar_uncertainty_trigger,mobile_base_intervention,actuator_model_break,sparse_feedback,0.462219,0.003429,-0.174661,0.004169,0.291017,0.002390,0.446054,0.002594,0.401545,0.002634,0.328464,0.002503,0.209360,0.001349,0.372057,0.001687,0.068592,0.001160,0.192752,0.001255,0.385478,0.002750,80
scalar_uncertainty_trigger,mobile_base_intervention,combined_intervention_stress,combined_stress,0.334802,0.003705,-0.641867,0.004472,0.470801,0.002418,0.582718,0.002230,0.266644,0.002586,0.253425,0.002406,0.241282,0.001280,0.439563,0.001665,0.071254,0.001445,0.277829,0.001239,0.290259,0.003202,80
scalar_uncertainty_trigger,mobile_base_intervention,combined_intervention_stress,in_distribution,0.429537,0.003991,-0.304367,0.004512,0.410406,0.002498,0.422812,0.002175,0.311022,0.002922,0.305915,0.002604,0.212532,0.001275,0.292185,0.001516,0.070020,0.001324,0.244141,0.001514,0.286950,0.002671,80
scalar_uncertainty_trigger,mobile_base_intervention,combined_intervention_stress,long_horizon_recovery,0.372591,0.003702,-0.507606,0.004375,0.437255,0.002196,0.525632,0.002073,0.293076,0.002808,0.255642,0.002655,0.226191,0.001232,0.390999,0.001529,0.070647,0.001361,0.263654,0.001272,0.290980,0.002541,80
scalar_uncertainty_trigger,mobile_base_intervention,combined_intervention_stress,new_operator_interventions,0.392498,0.004267,-0.428894,0.004743,0.429616,0.002239,0.483926,0.002127,0.289644,0.002702,0.293606,0.002736,0.226750,0.001418,0.332702,0.001560,0.071010,0.001206,0.256258,0.001371,0.290534,0.002296,80
scalar_uncertainty_trigger,mobile_base_intervention,combined_intervention_stress,sparse_feedback,0.362206,0.003552,-0.537400,0.004164,0.470518,0.002058,0.514526,0.001809,0.278838,0.002688,0.286605,0.003039,0.233595,0.001286,0.400931,0.001565,0.071202,0.001248,0.267964,0.001418,0.287694,0.002491,80
scalar_uncertainty_trigger,mobile_base_intervention,contact_precondition_failure,combined_stress,0.442501,0.003935,-0.243074,0.004783,0.280452,0.002088,0.497976,0.002189,0.399945,0.002544,0.304671,0.002741,0.211856,0.001355,0.407657,0.001349,0.070638,0.001146,0.198526,0.001252,0.387599,0.002392,80
scalar_uncertainty_trigger,mobile_base_intervention,contact_precondition_failure,in_distribution,0.536336,0.004110,0.096897,0.004464,0.216066,0.001819,0.337154,0.002245,0.441400,0.002714,0.360583,0.002803,0.182712,0.001087,0.260259,0.001406,0.073279,0.001686,0.164332,0.001484,0.388884,0.002625,80
scalar_uncertainty_trigger,mobile_base_intervention,contact_precondition_failure,long_horizon_recovery,0.477147,0.004343,-0.106517,0.005332,0.243428,0.001683,0.439627,0.002045,0.424864,0.002907,0.313032,0.002557,0.195887,0.001341,0.357963,0.001445,0.071189,0.001161,0.183396,0.001365,0.390816,0.002509,80
scalar_uncertainty_trigger,mobile_base_intervention,contact_precondition_failure,new_operator_interventions,0.503282,0.003973,-0.019917,0.004746,0.235929,0.002199,0.396967,0.002124,0.422194,0.002605,0.349651,0.002689,0.195723,0.001327,0.300377,0.001519,0.071049,0.001379,0.173899,0.001478,0.390353,0.002599,80
scalar_uncertainty_trigger,mobile_base_intervention,contact_precondition_failure,sparse_feedback,0.477055,0.003351,-0.128362,0.004497,0.277168,0.002129,0.430705,0.002319,0.411394,0.002429,0.340634,0.002404,0.202577,0.001306,0.367651,0.001598,0.071954,0.001267,0.188523,0.001578,0.388026,0.002462,80
scalar_uncertainty_trigger,mobile_base_intervention,environment_change_intervention,combined_stress,0.418164,0.004173,-0.336987,0.005053,0.311457,0.002126,0.531844,0.002271,0.376958,0.002341,0.286426,0.002620,0.224268,0.001414,0.413547,0.001608,0.068342,0.001029,0.213092,0.001282,0.372848,0.002785,80
scalar_uncertainty_trigger,mobile_base_intervention,environment_change_intervention,in_distribution,0.509930,0.004199,-0.002443,0.004859,0.249098,0.002208,0.373306,0.002007,0.421094,0.002889,0.339067,0.002457,0.194883,0.001343,0.266789,0.001359,0.071574,0.001353,0.179612,0.001355,0.373561,0.002700,80
scalar_uncertainty_trigger,mobile_base_intervention,environment_change_intervention,long_horizon_recovery,0.453479,0.003972,-0.201649,0.004664,0.274413,0.002551,0.475305,0.002026,0.402173,0.002393,0.287903,0.002564,0.206820,0.001200,0.364410,0.001507,0.068796,0.001134,0.197010,0.001227,0.370909,0.002136,80
scalar_uncertainty_trigger,mobile_base_intervention,environment_change_intervention,new_operator_interventions,0.474938,0.004231,-0.121313,0.004993,0.269247,0.002195,0.430475,0.002065,0.399164,0.002549,0.327123,0.002830,0.207709,0.001342,0.307319,0.001652,0.070598,0.001307,0.190157,0.001458,0.371863,0.002836,80
scalar_uncertainty_trigger,mobile_base_intervention,environment_change_intervention,sparse_feedback,0.449349,0.004096,-0.230073,0.005641,0.311132,0.002231,0.465907,0.002297,0.390515,0.002438,0.319675,0.002552,0.216626,0.001205,0.373612,0.001531,0.070090,0.001129,0.203284,0.001422,0.370561,0.002160,80
scalar_uncertainty_trigger,mobile_base_intervention,false_human_hint,combined_stress,0.449836,0.003634,-0.223464,0.004316,0.371051,0.001933,0.409472,0.001778,0.342368,0.002878,0.369149,0.002044,0.179993,0.001409,0.416112,0.001528,0.068959,0.001074,0.223677,0.001333,0.345179,0.002733,80
scalar_uncertainty_trigger,mobile_base_intervention,false_human_hint,in_distribution,0.541588,0.003529,0.112375,0.004336,0.306236,0.002385,0.247219,0.002435,0.385994,0.002632,0.418560,0.003012,0.151798,0.001472,0.272114,0.001559,0.073743,0.001651,0.189822,0.001554,0.343356,0.002526,80
scalar_uncertainty_trigger,mobile_base_intervention,false_human_hint,long_horizon_recovery,0.487641,0.003816,-0.086923,0.004831,0.331268,0.002511,0.352680,0.002189,0.366203,0.002445,0.366893,0.002711,0.163496,0.001429,0.368868,0.001364,0.070436,0.001220,0.209411,0.001487,0.345083,0.002610,80
scalar_uncertainty_trigger,mobile_base_intervention,false_human_hint,new_operator_interventions,0.510297,0.003722,-0.005082,0.004481,0.326722,0.002177,0.307470,0.002121,0.364488,0.002402,0.405675,0.002318,0.164611,0.001219,0.312327,0.001662,0.072794,0.001447,0.200807,0.001497,0.345214,0.002851,80
scalar_uncertainty_trigger,mobile_base_intervention,false_human_hint,sparse_feedback,0.481586,0.004436,-0.113814,0.005114,0.369401,0.002021,0.340598,0.002288,0.355487,0.002420,0.398898,0.002718,0.171298,0.001344,0.378547,0.001521,0.070992,0.001337,0.213966,0.001393,0.344252,0.002319,80
scalar_uncertainty_trigger,mobile_base_intervention,noisy_observation,combined_stress,0.480768,0.004474,-0.089066,0.005169,0.293130,0.002125,0.385793,0.002328,0.383668,0.002715,0.380203,0.002502,0.171852,0.001295,0.411668,0.001518,0.070170,0.001220,0.183535,0.001714,0.377384,0.002787,80
scalar_uncertainty_trigger,mobile_base_intervention,noisy_observation,in_distribution,0.580008,0.004261,0.252925,0.004711,0.233057,0.002168,0.224398,0.002589,0.427721,0.002629,0.433111,0.002254,0.143133,0.001330,0.266164,0.001412,0.075529,0.001692,0.148644,0.001535,0.379485,0.002991,80
scalar_uncertainty_trigger,mobile_base_intervention,noisy_observation,long_horizon_recovery,0.517728,0.003956,0.044289,0.004955,0.259440,0.002087,0.329316,0.002334,0.410484,0.002393,0.377717,0.002460,0.155077,0.001396,0.363206,0.001297,0.071480,0.001296,0.168684,0.001306,0.379080,0.002730,80
scalar_uncertainty_trigger,mobile_base_intervention,noisy_observation,new_operator_interventions,0.536713,0.004020,0.123503,0.004884,0.253118,0.002214,0.284256,0.002356,0.408443,0.002716,0.419786,0.002916,0.157096,0.001172,0.306676,0.001548,0.072522,0.001356,0.160599,0.001499,0.378576,0.002887,80
scalar_uncertainty_trigger,mobile_base_intervention,noisy_observation,sparse_feedback,0.513719,0.004008,0.019021,0.004743,0.293865,0.002117,0.319547,0.002292,0.395785,0.002814,0.411603,0.002318,0.163005,0.001207,0.372960,0.001469,0.071885,0.001470,0.174366,0.001441,0.378592,0.002639,80
scalar_uncertainty_trigger,mobile_base_intervention,nominal,combined_stress,0.530726,0.004651,0.091770,0.005106,0.220557,0.002118,0.336483,0.002264,0.441893,0.002605,0.413617,0.002823,0.154276,0.001300,0.397158,0.001589,0.073472,0.001719,0.157345,0.001406,0.420103,0.002662,80
scalar_uncertainty_trigger,mobile_base_intervention,nominal,in_distribution,0.629689,0.004215,0.432555,0.005008,0.160572,0.001991,0.176303,0.001921,0.485290,0.002505,0.465873,0.002784,0.125521,0.001333,0.248612,0.001492,0.078433,0.001683,0.123170,0.001324,0.418974,0.002375,80
scalar_uncertainty_trigger,mobile_base_intervention,nominal,long_horizon_recovery,0.571104,0.003989,0.228726,0.005037,0.188501,0.002053,0.278749,0.002338,0.465174,0.002775,0.415299,0.002530,0.136997,0.001296,0.346781,0.001574,0.076602,0.001727,0.142632,0.001666,0.420583,0.002555,80
scalar_uncertainty_trigger,mobile_base_intervention,nominal,new_operator_interventions,0.593629,0.003935,0.314338,0.004757,0.179087,0.001993,0.232921,0.002014,0.466135,0.002816,0.454380,0.002403,0.137990,0.001411,0.290384,0.001221,0.076941,0.001751,0.135774,0.001339,0.420887,0.002636,80
scalar_uncertainty_trigger,mobile_base_intervention,nominal,sparse_feedback,0.562184,0.003648,0.199685,0.004939,0.221966,0.002245,0.268217,0.002138,0.457089,0.003075,0.442278,0.002647,0.146060,0.001259,0.355832,0.001463,0.075516,0.001773,0.148538,0.001360,0.422822,0.002412,80
scalar_uncertainty_trigger,mobile_base_intervention,physical_rule_violation,combined_stress,0.445912,0.004157,-0.230015,0.004275,0.288631,0.002131,0.481730,0.002182,0.393240,0.002886,0.319419,0.002762,0.207298,0.001274,0.409955,0.001532,0.069894,0.001324,0.199660,0.001463,0.381817,0.002378,80
scalar_uncertainty_trigger,mobile_base_intervention,physical_rule_violation,in_distribution,0.541740,0.003856,0.107390,0.004353,0.229367,0.002155,0.322524,0.002071,0.437177,0.002925,0.373323,0.002862,0.178303,0.001415,0.264211,0.001385,0.072030,0.001623,0.165345,0.001535,0.383310,0.002463,80
scalar_uncertainty_trigger,mobile_base_intervention,physical_rule_violation,long_horizon_recovery,0.484222,0.004142,-0.091841,0.004584,0.253995,0.002051,0.424478,0.002203,0.416951,0.002479,0.322791,0.002810,0.188554,0.001400,0.361060,0.001469,0.069565,0.000980,0.184559,0.001474,0.382121,0.002876,80
scalar_uncertainty_trigger,mobile_base_intervention,physical_rule_violation,new_operator_interventions,0.505660,0.003926,-0.012205,0.004494,0.249518,0.002062,0.379859,0.001728,0.413762,0.002830,0.361641,0.002728,0.190113,0.001269,0.303744,0.001322,0.071791,0.001497,0.176389,0.001302,0.382838,0.002758,80
scalar_uncertainty_trigger,mobile_base_intervention,physical_rule_violation,sparse_feedback,0.476264,0.003833,-0.122926,0.004793,0.289893,0.002552,0.415968,0.002104,0.404137,0.002724,0.352824,0.002852,0.197620,0.001331,0.369701,0.001420,0.069794,0.001426,0.189207,0.001452,0.384662,0.002617,80
scalar_uncertainty_trigger,occluded_drawer_recovery,actuator_model_break,combined_stress,0.432883,0.003536,-0.275100,0.004469,0.290756,0.002012,0.515531,0.001959,0.390116,0.002475,0.297109,0.002781,0.208454,0.001240,0.409819,0.001497,0.070833,0.001379,0.201993,0.001610,0.384663,0.002699,80
scalar_uncertainty_trigger,occluded_drawer_recovery,actuator_model_break,in_distribution,0.526407,0.003237,0.063745,0.004511,0.228021,0.002252,0.353061,0.002239,0.430974,0.002551,0.350817,0.003046,0.179568,0.001016,0.264347,0.001502,0.072439,0.001410,0.166656,0.001529,0.382712,0.002359,80
scalar_uncertainty_trigger,occluded_drawer_recovery,actuator_model_break,long_horizon_recovery,0.475432,0.004483,-0.131920,0.004873,0.254571,0.001871,0.457253,0.002160,0.417046,0.002674,0.299313,0.002600,0.191821,0.001311,0.361036,0.001414,0.069166,0.000961,0.186571,0.001338,0.383018,0.002935,80
scalar_uncertainty_trigger,occluded_drawer_recovery,actuator_model_break,new_operator_interventions,0.490287,0.004448,-0.058863,0.005707,0.247594,0.002302,0.414932,0.002133,0.414620,0.002652,0.338702,0.002404,0.192307,0.001311,0.304410,0.001542,0.071177,0.001354,0.180065,0.001531,0.380637,0.003209,80
scalar_uncertainty_trigger,occluded_drawer_recovery,actuator_model_break,sparse_feedback,0.464319,0.003799,-0.163120,0.004640,0.289921,0.002446,0.446221,0.002104,0.405679,0.002534,0.330936,0.002997,0.198890,0.001242,0.371294,0.001656,0.069317,0.001270,0.192144,0.001365,0.380851,0.002880,80
scalar_uncertainty_trigger,occluded_drawer_recovery,combined_intervention_stress,combined_stress,0.337959,0.004013,-0.633408,0.004876,0.472163,0.002080,0.583067,0.002085,0.264831,0.002333,0.252973,0.002461,0.231162,0.001315,0.438830,0.001475,0.072253,0.001494,0.278153,0.001344,0.288744,0.002885,80
scalar_uncertainty_trigger,occluded_drawer_recovery,combined_intervention_stress,in_distribution,0.430398,0.003655,-0.294092,0.004746,0.410602,0.002321,0.420496,0.001860,0.309310,0.003062,0.305613,0.002705,0.202044,0.001260,0.293627,0.001419,0.069745,0.001252,0.241999,0.001421,0.289729,0.002340,80
scalar_uncertainty_trigger,occluded_drawer_recovery,combined_intervention_stress,long_horizon_recovery,0.379130,0.004174,-0.492802,0.005551,0.436270,0.002264,0.525697,0.002342,0.288628,0.002782,0.259426,0.002578,0.215632,0.001243,0.389769,0.001531,0.070451,0.001339,0.262961,0.001354,0.289097,0.002467,80
scalar_uncertainty_trigger,occluded_drawer_recovery,combined_intervention_stress,new_operator_interventions,0.398418,0.003962,-0.413050,0.005075,0.429721,0.002285,0.479306,0.002074,0.289470,0.002557,0.295081,0.002727,0.217634,0.001214,0.333195,0.001682,0.069837,0.001083,0.256059,0.001327,0.288901,0.002679,80
scalar_uncertainty_trigger,occluded_drawer_recovery,combined_intervention_stress,sparse_feedback,0.367604,0.003950,-0.523216,0.004468,0.470134,0.002345,0.511915,0.002084,0.277189,0.002647,0.286030,0.002410,0.223896,0.001111,0.398202,0.001378,0.071731,0.001445,0.268395,0.001425,0.287127,0.002640,80
scalar_uncertainty_trigger,occluded_drawer_recovery,contact_precondition_failure,combined_stress,0.447925,0.004060,-0.229833,0.004954,0.279063,0.002260,0.499033,0.002275,0.401311,0.002866,0.305593,0.002858,0.202116,0.001236,0.407279,0.001480,0.069764,0.001147,0.198911,0.001442,0.389087,0.003134,80
scalar_uncertainty_trigger,occluded_drawer_recovery,contact_precondition_failure,in_distribution,0.534144,0.004292,0.100667,0.004976,0.217359,0.002341,0.337197,0.002171,0.443101,0.002479,0.357864,0.002657,0.172943,0.001480,0.260796,0.001565,0.073513,0.001597,0.163616,0.001338,0.386787,0.002697,80
scalar_uncertainty_trigger,occluded_drawer_recovery,contact_precondition_failure,long_horizon_recovery,0.480902,0.003646,-0.099147,0.004709,0.244434,0.002059,0.443202,0.001896,0.422888,0.002983,0.309178,0.002796,0.184915,0.001410,0.358373,0.001600,0.070621,0.001313,0.183081,0.001287,0.391819,0.002451,80
scalar_uncertainty_trigger,occluded_drawer_recovery,contact_precondition_failure,new_operator_interventions,0.505387,0.003927,-0.011580,0.004183,0.237363,0.002088,0.394677,0.002106,0.424850,0.002419,0.349954,0.002622,0.187043,0.001185,0.300629,0.001560,0.070921,0.001390,0.176945,0.001426,0.389617,0.002752,80
scalar_uncertainty_trigger,occluded_drawer_recovery,contact_precondition_failure,sparse_feedback,0.478275,0.004062,-0.121087,0.004419,0.278844,0.002281,0.430728,0.002157,0.412497,0.002669,0.339388,0.002592,0.193783,0.001335,0.366818,0.001706,0.069467,0.001189,0.188616,0.001421,0.389411,0.002471,80
scalar_uncertainty_trigger,occluded_drawer_recovery,environment_change_intervention,combined_stress,0.419629,0.003605,-0.329209,0.004144,0.310620,0.002272,0.533501,0.002301,0.377165,0.002828,0.289383,0.002723,0.215440,0.001428,0.412414,0.001565,0.070709,0.001300,0.212652,0.001440,0.372062,0.002481,80
scalar_uncertainty_trigger,occluded_drawer_recovery,environment_change_intervention,in_distribution,0.512250,0.004058,0.006889,0.004262,0.249329,0.002214,0.371963,0.001965,0.418456,0.002616,0.339541,0.002794,0.185878,0.001173,0.266613,0.001501,0.070871,0.001092,0.179189,0.001334,0.372981,0.002402,80
scalar_uncertainty_trigger,occluded_drawer_recovery,environment_change_intervention,long_horizon_recovery,0.457247,0.004220,-0.192588,0.004941,0.275325,0.002355,0.475420,0.001995,0.401625,0.002887,0.286873,0.002719,0.196954,0.001472,0.364804,0.001468,0.070372,0.001248,0.197989,0.001530,0.371897,0.002369,80
scalar_uncertainty_trigger,occluded_drawer_recovery,environment_change_intervention,new_operator_interventions,0.475270,0.003881,-0.113494,0.004135,0.266830,0.002194,0.432285,0.002380,0.398042,0.002829,0.327610,0.002294,0.198251,0.001238,0.305804,0.001467,0.070184,0.001100,0.190186,0.001514,0.373349,0.002570,80
scalar_uncertainty_trigger,occluded_drawer_recovery,environment_change_intervention,sparse_feedback,0.449437,0.003520,-0.218845,0.004096,0.310645,0.002354,0.462796,0.002421,0.389314,0.002580,0.319068,0.002720,0.204603,0.001413,0.372306,0.001503,0.069611,0.001164,0.203639,0.001379,0.371969,0.002573,80
scalar_uncertainty_trigger,occluded_drawer_recovery,false_human_hint,combined_stress,0.448098,0.004085,-0.216628,0.004753,0.366820,0.002495,0.410088,0.002027,0.342137,0.002533,0.365707,0.002792,0.170029,0.001381,0.417605,0.001467,0.070199,0.001290,0.222820,0.001391,0.347798,0.002672,80
scalar_uncertainty_trigger,occluded_drawer_recovery,false_human_hint,in_distribution,0.543440,0.004105,0.122084,0.005305,0.307458,0.002220,0.247882,0.002414,0.387713,0.002785,0.417719,0.002852,0.141176,0.001370,0.269745,0.001543,0.073177,0.001351,0.189553,0.001394,0.347326,0.002592,80
scalar_uncertainty_trigger,occluded_drawer_recovery,false_human_hint,long_horizon_recovery,0.491594,0.004156,-0.076654,0.005237,0.333637,0.002140,0.352782,0.002238,0.370481,0.002579,0.365396,0.002456,0.153514,0.001352,0.368869,0.001378,0.070564,0.001241,0.209507,0.001510,0.346247,0.002829,80
scalar_uncertainty_trigger,occluded_drawer_recovery,false_human_hint,new_operator_interventions,0.513478,0.003625,0.007288,0.004526,0.326016,0.002328,0.306271,0.002162,0.365932,0.002843,0.408648,0.002380,0.155423,0.001402,0.313151,0.001682,0.071546,0.001412,0.200540,0.001397,0.347327,0.002877,80
scalar_uncertainty_trigger,occluded_drawer_recovery,false_human_hint,sparse_feedback,0.486266,0.004492,-0.101798,0.005373,0.368789,0.002027,0.340635,0.002094,0.354088,0.002798,0.396613,0.003062,0.161252,0.001398,0.377236,0.001514,0.070663,0.001131,0.214008,0.001406,0.347184,0.002639,80
scalar_uncertainty_trigger,occluded_drawer_recovery,noisy_observation,combined_stress,0.487127,0.003958,-0.077145,0.004783,0.292047,0.001870,0.386188,0.001844,0.382865,0.002559,0.376289,0.002674,0.163664,0.001322,0.412641,0.001515,0.071313,0.001226,0.182034,0.001382,0.380414,0.003122,80
scalar_uncertainty_trigger,occluded_drawer_recovery,noisy_observation,in_distribution,0.580612,0.004228,0.258689,0.005022,0.232068,0.001995,0.226873,0.002065,0.427375,0.002367,0.432236,0.002707,0.134227,0.001365,0.265071,0.001419,0.074829,0.001722,0.149021,0.001550,0.378375,0.002586,80
scalar_uncertainty_trigger,occluded_drawer_recovery,noisy_observation,long_horizon_recovery,0.523069,0.003448,0.059195,0.003770,0.255825,0.002083,0.329947,0.002061,0.408563,0.002776,0.382580,0.002389,0.144643,0.001190,0.364006,0.001359,0.073463,0.001517,0.167918,0.001529,0.379409,0.002910,80
scalar_uncertainty_trigger,occluded_drawer_recovery,noisy_observation,new_operator_interventions,0.543163,0.003880,0.134712,0.004168,0.255126,0.002278,0.285607,0.001849,0.407440,0.002544,0.421249,0.002471,0.147011,0.001114,0.305453,0.001516,0.072643,0.001631,0.161597,0.001423,0.377197,0.002732,80
scalar_uncertainty_trigger,occluded_drawer_recovery,noisy_observation,sparse_feedback,0.514107,0.003258,0.028033,0.003928,0.295700,0.002303,0.316963,0.002268,0.400994,0.002538,0.411098,0.002721,0.153085,0.001315,0.373784,0.001512,0.074226,0.001292,0.173657,0.001387,0.379231,0.002562,80
scalar_uncertainty_trigger,occluded_drawer_recovery,nominal,combined_stress,0.534238,0.003561,0.103653,0.004859,0.220712,0.002218,0.337101,0.002557,0.441061,0.002376,0.414473,0.002446,0.143222,0.001343,0.395493,0.001578,0.070392,0.001316,0.157529,0.001521,0.420616,0.002709,80
scalar_uncertainty_trigger,occluded_drawer_recovery,nominal,in_distribution,0.633631,0.003784,0.444028,0.004881,0.161099,0.002065,0.175430,0.002238,0.486128,0.002658,0.464794,0.002627,0.115640,0.001122,0.250076,0.001557,0.077835,0.001855,0.122954,0.001363,0.423150,0.002482,80
scalar_uncertainty_trigger,occluded_drawer_recovery,nominal,long_horizon_recovery,0.573524,0.003790,0.236969,0.004389,0.187712,0.002492,0.281511,0.002490,0.466189,0.002793,0.415367,0.002712,0.127503,0.001343,0.347310,0.001518,0.074273,0.001671,0.143170,0.001190,0.421769,0.002572,80
scalar_uncertainty_trigger,occluded_drawer_recovery,nominal,new_operator_interventions,0.596329,0.004103,0.322148,0.004960,0.180018,0.002163,0.233167,0.002356,0.464396,0.002183,0.453085,0.002686,0.129359,0.001366,0.288334,0.001542,0.076647,0.001936,0.135591,0.001342,0.418237,0.002641,80
scalar_uncertainty_trigger,occluded_drawer_recovery,nominal,sparse_feedback,0.566008,0.004197,0.212445,0.005082,0.223054,0.002219,0.265960,0.002248,0.455767,0.002680,0.446043,0.002370,0.135179,0.001125,0.356418,0.001717,0.074841,0.001608,0.148513,0.001386,0.420500,0.002666,80
scalar_uncertainty_trigger,occluded_drawer_recovery,physical_rule_violation,combined_stress,0.449795,0.004071,-0.219549,0.004198,0.290459,0.002228,0.481979,0.002034,0.391068,0.002483,0.319187,0.002524,0.196628,0.001260,0.408506,0.001623,0.069561,0.001011,0.199120,0.001387,0.383716,0.002484,80
scalar_uncertainty_trigger,occluded_drawer_recovery,physical_rule_violation,in_distribution,0.539193,0.004023,0.115483,0.004821,0.227238,0.002092,0.321989,0.002283,0.434304,0.002714,0.369937,0.002647,0.165337,0.001341,0.262091,0.001327,0.072407,0.001486,0.164321,0.001401,0.384172,0.002610,80
scalar_uncertainty_trigger,occluded_drawer_recovery,physical_rule_violation,long_horizon_recovery,0.484203,0.004103,-0.088371,0.004984,0.255968,0.002098,0.426212,0.002206,0.416187,0.002660,0.321196,0.002579,0.179261,0.001377,0.361148,0.001781,0.070856,0.001497,0.184803,0.001257,0.383662,0.003024,80
scalar_uncertainty_trigger,occluded_drawer_recovery,physical_rule_violation,new_operator_interventions,0.503356,0.003720,-0.008390,0.004734,0.247325,0.002227,0.381339,0.002468,0.412543,0.002609,0.357634,0.002710,0.180706,0.001236,0.303153,0.001598,0.070375,0.001294,0.177033,0.001422,0.382675,0.002357,80
scalar_uncertainty_trigger,occluded_drawer_recovery,physical_rule_violation,sparse_feedback,0.476334,0.003790,-0.113721,0.004544,0.291111,0.002478,0.413058,0.002336,0.404602,0.002677,0.353473,0.002485,0.186847,0.001296,0.368342,0.001702,0.069882,0.001314,0.190509,0.001364,0.385208,0.002502,80
scalar_uncertainty_trigger,payload_shift_pick,actuator_model_break,combined_stress,0.435471,0.004206,-0.287867,0.004989,0.289593,0.002258,0.516297,0.002094,0.389895,0.002455,0.296780,0.002661,0.229439,0.001240,0.410823,0.001496,0.069560,0.001167,0.201677,0.001321,0.380870,0.002471,80
scalar_uncertainty_trigger,payload_shift_pick,actuator_model_break,in_distribution,0.519369,0.004850,0.040839,0.005677,0.227639,0.002248,0.356275,0.002238,0.433216,0.002415,0.349631,0.002493,0.198531,0.001366,0.264522,0.001517,0.071738,0.001497,0.167854,0.001451,0.380599,0.002573,80
scalar_uncertainty_trigger,payload_shift_pick,actuator_model_break,long_horizon_recovery,0.470470,0.003770,-0.152680,0.004316,0.255004,0.002540,0.455729,0.002310,0.413784,0.002043,0.297217,0.002714,0.212106,0.001268,0.362617,0.001684,0.070949,0.001090,0.186441,0.001481,0.381687,0.002425,80
scalar_uncertainty_trigger,payload_shift_pick,actuator_model_break,new_operator_interventions,0.488469,0.004227,-0.073100,0.005708,0.248018,0.002379,0.411861,0.002376,0.414158,0.003027,0.337818,0.002716,0.212689,0.001282,0.303734,0.001602,0.071900,0.001611,0.179196,0.001520,0.383051,0.002248,80
scalar_uncertainty_trigger,payload_shift_pick,actuator_model_break,sparse_feedback,0.460539,0.003798,-0.183200,0.004624,0.289988,0.002256,0.446849,0.002115,0.403604,0.002514,0.329988,0.002885,0.219408,0.001240,0.372287,0.001380,0.069661,0.001214,0.192860,0.001382,0.382988,0.002637,80
scalar_uncertainty_trigger,payload_shift_pick,combined_intervention_stress,combined_stress,0.333170,0.004107,-0.652689,0.004560,0.470681,0.002221,0.583193,0.001787,0.266175,0.002802,0.252760,0.002685,0.252190,0.001235,0.440226,0.001504,0.073749,0.001772,0.277656,0.001380,0.287731,0.002631,80
scalar_uncertainty_trigger,payload_shift_pick,combined_intervention_stress,in_distribution,0.425281,0.004127,-0.315374,0.005217,0.410479,0.002074,0.423418,0.002089,0.308950,0.002324,0.307409,0.002642,0.222049,0.001302,0.293146,0.001596,0.069243,0.001249,0.243321,0.001549,0.290989,0.002328,80
scalar_uncertainty_trigger,payload_shift_pick,combined_intervention_stress,long_horizon_recovery,0.372697,0.003451,-0.512337,0.003810,0.435253,0.002251,0.527066,0.002043,0.290583,0.002615,0.256032,0.002524,0.234004,0.001399,0.390597,0.001600,0.071541,0.001349,0.261075,0.001287,0.291534,0.002669,80
scalar_uncertainty_trigger,payload_shift_pick,combined_intervention_stress,new_operator_interventions,0.395545,0.003656,-0.430903,0.004691,0.429935,0.002439,0.480127,0.002125,0.288067,0.002380,0.297466,0.002735,0.237490,0.001263,0.333934,0.001537,0.069655,0.001374,0.255961,0.001450,0.287827,0.002512,80
scalar_uncertainty_trigger,payload_shift_pick,combined_intervention_stress,sparse_feedback,0.361999,0.004123,-0.546226,0.004674,0.471406,0.001944,0.514400,0.002134,0.277004,0.002623,0.286204,0.002660,0.244049,0.001484,0.398616,0.001618,0.071286,0.001511,0.269710,0.001436,0.288115,0.002736,80
scalar_uncertainty_trigger,payload_shift_pick,contact_precondition_failure,combined_stress,0.438734,0.004074,-0.254727,0.005019,0.280794,0.002462,0.498846,0.002037,0.401275,0.002533,0.306257,0.002531,0.222581,0.001376,0.409249,0.001522,0.069967,0.001120,0.198623,0.001459,0.389934,0.002633,80
scalar_uncertainty_trigger,payload_shift_pick,contact_precondition_failure,in_distribution,0.531818,0.003857,0.086439,0.004546,0.216134,0.002116,0.336219,0.002021,0.445450,0.003072,0.361079,0.002349,0.194065,0.001341,0.260759,0.001623,0.072387,0.001465,0.163277,0.001506,0.388463,0.002594,80
scalar_uncertainty_trigger,payload_shift_pick,contact_precondition_failure,long_horizon_recovery,0.479099,0.004328,-0.113449,0.005411,0.243979,0.002393,0.441173,0.001931,0.424733,0.002731,0.309476,0.002870,0.205066,0.001445,0.358124,0.001753,0.069925,0.001097,0.183577,0.001311,0.389491,0.002994,80
scalar_uncertainty_trigger,payload_shift_pick,contact_precondition_failure,new_operator_interventions,0.499778,0.004334,-0.032496,0.005195,0.237700,0.002693,0.396398,0.002309,0.421239,0.002406,0.350996,0.002407,0.207135,0.001251,0.299396,0.001584,0.070361,0.001309,0.175877,0.001365,0.391779,0.002400,80
scalar_uncertainty_trigger,payload_shift_pick,contact_precondition_failure,sparse_feedback,0.467578,0.003496,-0.143138,0.004869,0.277867,0.002255,0.429268,0.002191,0.414350,0.002698,0.340352,0.002466,0.212570,0.001193,0.366578,0.001492,0.070014,0.001282,0.189229,0.001298,0.389187,0.002435,80
scalar_uncertainty_trigger,payload_shift_pick,environment_change_intervention,combined_stress,0.414238,0.004137,-0.349220,0.005082,0.312327,0.002027,0.531152,0.002512,0.375266,0.002290,0.287610,0.002425,0.233500,0.001349,0.413502,0.001465,0.070820,0.001413,0.215304,0.001232,0.371601,0.002888,80
scalar_uncertainty_trigger,payload_shift_pick,environment_change_intervention,in_distribution,0.505809,0.003982,-0.011286,0.004688,0.247785,0.002003,0.371430,0.002434,0.421104,0.002480,0.337788,0.002755,0.204701,0.001335,0.265947,0.001541,0.072441,0.001562,0.177826,0.001342,0.369765,0.002521,80
scalar_uncertainty_trigger,payload_shift_pick,environment_change_intervention,long_horizon_recovery,0.453433,0.003825,-0.211137,0.004674,0.274947,0.002318,0.476545,0.002136,0.401612,0.002258,0.288317,0.002875,0.217060,0.001592,0.364497,0.001431,0.070306,0.001403,0.198525,0.001363,0.372243,0.002653,80
scalar_uncertainty_trigger,payload_shift_pick,environment_change_intervention,new_operator_interventions,0.474895,0.003969,-0.126076,0.004351,0.266161,0.001788,0.429582,0.002258,0.398043,0.002558,0.328891,0.002686,0.218513,0.001392,0.306724,0.001401,0.070438,0.001345,0.189908,0.001172,0.372943,0.002663,80
scalar_uncertainty_trigger,payload_shift_pick,environment_change_intervention,sparse_feedback,0.444338,0.003853,-0.241020,0.004657,0.309980,0.002113,0.467182,0.002095,0.389931,0.002462,0.319079,0.002871,0.224328,0.001464,0.374259,0.001386,0.069491,0.001182,0.203612,0.001190,0.372021,0.002646,80
scalar_uncertainty_trigger,payload_shift_pick,false_human_hint,combined_stress,0.445109,0.003851,-0.234836,0.004327,0.369208,0.002005,0.407975,0.002059,0.343207,0.002527,0.363149,0.002651,0.190524,0.001321,0.417908,0.001583,0.069222,0.001214,0.222800,0.001414,0.344405,0.002599,80
scalar_uncertainty_trigger,payload_shift_pick,false_human_hint,in_distribution,0.539184,0.003826,0.104519,0.004824,0.306302,0.002034,0.245978,0.002158,0.385375,0.002292,0.416079,0.002145,0.161307,0.001203,0.270823,0.001612,0.073906,0.001659,0.187926,0.001275,0.344487,0.002565,80
scalar_uncertainty_trigger,payload_shift_pick,false_human_hint,long_horizon_recovery,0.484537,0.004159,-0.096302,0.004307,0.331707,0.002332,0.351275,0.002110,0.369064,0.002305,0.368050,0.002289,0.174111,0.001403,0.369168,0.001467,0.070644,0.001261,0.209669,0.001287,0.343906,0.002779,80
scalar_uncertainty_trigger,payload_shift_pick,false_human_hint,new_operator_interventions,0.506525,0.004100,-0.016590,0.005097,0.327300,0.002312,0.308010,0.002090,0.363172,0.002537,0.407468,0.002302,0.175415,0.001267,0.311454,0.001497,0.071039,0.001411,0.200621,0.001420,0.344887,0.002660,80
scalar_uncertainty_trigger,payload_shift_pick,false_human_hint,sparse_feedback,0.479832,0.003612,-0.124319,0.004679,0.367471,0.002471,0.341599,0.002036,0.355602,0.002779,0.394589,0.002657,0.183001,0.001208,0.378581,0.001442,0.070968,0.001213,0.213926,0.001327,0.344767,0.002508,80
scalar_uncertainty_trigger,payload_shift_pick,noisy_observation,combined_stress,0.482413,0.003882,-0.096677,0.004848,0.294098,0.002029,0.387345,0.001999,0.384016,0.002620,0.379742,0.002273,0.181530,0.001486,0.413693,0.001467,0.070549,0.001385,0.183580,0.001556,0.378087,0.002579,80
scalar_uncertainty_trigger,payload_shift_pick,noisy_observation,in_distribution,0.570019,0.003956,0.233803,0.003889,0.232025,0.002087,0.226298,0.002025,0.426565,0.002431,0.430761,0.002640,0.153874,0.001241,0.265892,0.001609,0.074970,0.001552,0.149143,0.001738,0.378612,0.002576,80
scalar_uncertainty_trigger,payload_shift_pick,noisy_observation,long_horizon_recovery,0.519628,0.003478,0.038695,0.004742,0.257226,0.002296,0.331621,0.002250,0.408710,0.002777,0.382052,0.002491,0.165193,0.001360,0.365066,0.001531,0.071544,0.001278,0.168532,0.001378,0.378810,0.002357,80
scalar_uncertainty_trigger,payload_shift_pick,noisy_observation,new_operator_interventions,0.540961,0.004147,0.117568,0.004209,0.254293,0.002119,0.286013,0.002297,0.408161,0.002457,0.423761,0.002426,0.168074,0.001222,0.306895,0.001534,0.073751,0.001783,0.162795,0.001452,0.380409,0.002667,80
scalar_uncertainty_trigger,payload_shift_pick,noisy_observation,sparse_feedback,0.510194,0.004265,0.008684,0.004497,0.294780,0.002050,0.318656,0.002262,0.398088,0.002622,0.409528,0.002489,0.173151,0.001320,0.373460,0.001479,0.070962,0.001246,0.173939,0.001431,0.378938,0.002693,80
scalar_uncertainty_trigger,payload_shift_pick,nominal,combined_stress,0.527338,0.004344,0.079729,0.004793,0.220708,0.002312,0.338260,0.001981,0.442556,0.002299,0.412864,0.002686,0.165257,0.001277,0.393735,0.001551,0.073717,0.001748,0.157856,0.001456,0.419142,0.002774,80
scalar_uncertainty_trigger,payload_shift_pick,nominal,in_distribution,0.619405,0.003946,0.417603,0.004503,0.158696,0.002273,0.176198,0.002226,0.487809,0.002422,0.465290,0.002827,0.134836,0.001286,0.248578,0.001523,0.079894,0.002062,0.122437,0.001301,0.419920,0.002785,80
scalar_uncertainty_trigger,payload_shift_pick,nominal,long_horizon_recovery,0.570385,0.003773,0.225358,0.004269,0.184227,0.002251,0.277224,0.002281,0.469679,0.003023,0.412596,0.002566,0.147158,0.001299,0.346573,0.001658,0.074693,0.001829,0.142634,0.001642,0.420722,0.003056,80
scalar_uncertainty_trigger,payload_shift_pick,nominal,new_operator_interventions,0.589962,0.003907,0.301332,0.004899,0.179425,0.002246,0.235493,0.001898,0.465498,0.002821,0.456020,0.002570,0.149877,0.001271,0.288316,0.001786,0.076636,0.001690,0.135036,0.001464,0.421294,0.002893,80
scalar_uncertainty_trigger,payload_shift_pick,nominal,sparse_feedback,0.557996,0.004471,0.189643,0.004842,0.222077,0.002054,0.267922,0.002171,0.456536,0.002380,0.447092,0.002795,0.155901,0.001151,0.355366,0.001468,0.075294,0.001856,0.148286,0.001268,0.420940,0.002660,80
scalar_uncertainty_trigger,payload_shift_pick,physical_rule_violation,combined_stress,0.442552,0.003327,-0.239705,0.004330,0.290068,0.002720,0.480354,0.001992,0.392850,0.002488,0.318651,0.002928,0.216096,0.001279,0.409600,0.001581,0.070121,0.001145,0.199379,0.001542,0.381460,0.002654,80
scalar_uncertainty_trigger,payload_shift_pick,physical_rule_violation,in_distribution,0.536818,0.004176,0.100023,0.005151,0.226354,0.002351,0.320216,0.002268,0.436764,0.002357,0.369486,0.002884,0.186276,0.001278,0.263316,0.001661,0.071757,0.001380,0.163939,0.001397,0.381090,0.002638,80
scalar_uncertainty_trigger,payload_shift_pick,physical_rule_violation,long_horizon_recovery,0.484001,0.004085,-0.099827,0.005108,0.253488,0.002070,0.425484,0.002173,0.417376,0.002489,0.318199,0.002914,0.198464,0.001428,0.361042,0.001614,0.070054,0.001141,0.183107,0.001591,0.383598,0.002700,80
scalar_uncertainty_trigger,payload_shift_pick,physical_rule_violation,new_operator_interventions,0.502500,0.003646,-0.022504,0.004730,0.248153,0.002118,0.380667,0.002330,0.414698,0.002554,0.361598,0.002461,0.200506,0.001332,0.303049,0.001408,0.071682,0.001401,0.177454,0.001432,0.383128,0.002300,80
scalar_uncertainty_trigger,payload_shift_pick,physical_rule_violation,sparse_feedback,0.472941,0.004204,-0.132876,0.005193,0.291322,0.002200,0.413556,0.001977,0.403719,0.002596,0.352189,0.002748,0.207568,0.001444,0.369626,0.001682,0.070170,0.001088,0.189062,0.001364,0.383681,0.002776,80
scalar_uncertainty_trigger,tool_use_correction,actuator_model_break,combined_stress,0.425270,0.004763,-0.304206,0.005065,0.291393,0.002114,0.515259,0.002129,0.389645,0.002462,0.299603,0.002874,0.238434,0.001171,0.410595,0.001580,0.070076,0.001437,0.201896,0.001226,0.381854,0.002856,80
scalar_uncertainty_trigger,tool_use_correction,actuator_model_break,in_distribution,0.516863,0.004327,0.032805,0.005122,0.227115,0.002055,0.355509,0.002265,0.433582,0.002846,0.350469,0.002919,0.208798,0.001336,0.263302,0.001452,0.072016,0.001683,0.167369,0.001426,0.382761,0.001968,80
scalar_uncertainty_trigger,tool_use_correction,actuator_model_break,long_horizon_recovery,0.463387,0.003685,-0.165992,0.005226,0.253865,0.002360,0.456440,0.002334,0.415292,0.002874,0.296772,0.002371,0.222055,0.001214,0.360686,0.001537,0.070911,0.001284,0.186943,0.001471,0.381888,0.002517,80
scalar_uncertainty_trigger,tool_use_correction,actuator_model_break,new_operator_interventions,0.487166,0.003435,-0.083743,0.004352,0.248860,0.002212,0.414316,0.002051,0.414147,0.002463,0.339458,0.002972,0.222797,0.001479,0.304725,0.001400,0.071275,0.001613,0.178538,0.001374,0.379569,0.002505,80
scalar_uncertainty_trigger,tool_use_correction,actuator_model_break,sparse_feedback,0.455499,0.003806,-0.194490,0.004669,0.291818,0.002323,0.446426,0.002074,0.405356,0.002748,0.328071,0.002728,0.228548,0.001225,0.370191,0.001374,0.069846,0.001440,0.191518,0.001363,0.382960,0.002849,80
scalar_uncertainty_trigger,tool_use_correction,combined_intervention_stress,combined_stress,0.328875,0.004186,-0.665320,0.004665,0.473479,0.002229,0.583789,0.001981,0.265526,0.002321,0.253685,0.002455,0.261772,0.001184,0.439174,0.001531,0.072514,0.001594,0.278303,0.001373,0.291060,0.002823,80
scalar_uncertainty_trigger,tool_use_correction,combined_intervention_stress,in_distribution,0.421797,0.004360,-0.324440,0.005277,0.409793,0.002311,0.421526,0.002127,0.309459,0.002344,0.309990,0.002650,0.233765,0.001460,0.291038,0.001257,0.069932,0.001132,0.242986,0.001321,0.288916,0.002793,80
scalar_uncertainty_trigger,tool_use_correction,combined_intervention_stress,long_horizon_recovery,0.374345,0.003591,-0.517403,0.004263,0.433796,0.002248,0.526584,0.002163,0.293146,0.002563,0.257833,0.002458,0.244783,0.001274,0.391390,0.001475,0.071561,0.001481,0.262894,0.001352,0.289552,0.002298,80
scalar_uncertainty_trigger,tool_use_correction,combined_intervention_stress,new_operator_interventions,0.392364,0.003693,-0.441643,0.004077,0.429254,0.001887,0.481811,0.002069,0.289003,0.002870,0.293573,0.002547,0.247046,0.001394,0.332238,0.001533,0.070466,0.001071,0.255489,0.001378,0.289528,0.002529,80
scalar_uncertainty_trigger,tool_use_correction,combined_intervention_stress,sparse_feedback,0.357642,0.003936,-0.555966,0.005084,0.472970,0.002449,0.511876,0.002179,0.279446,0.002416,0.284009,0.002489,0.253625,0.001362,0.399980,0.001446,0.069724,0.001216,0.268934,0.001343,0.290525,0.002911,80
scalar_uncertainty_trigger,tool_use_correction,contact_precondition_failure,combined_stress,0.437162,0.003997,-0.259438,0.004411,0.278549,0.002109,0.497193,0.002552,0.400438,0.002881,0.307119,0.002961,0.232454,0.001208,0.406532,0.001724,0.070026,0.001472,0.196831,0.001505,0.389460,0.002636,80
scalar_uncertainty_trigger,tool_use_correction,contact_precondition_failure,in_distribution,0.528628,0.004066,0.075560,0.004902,0.215615,0.002153,0.338173,0.002381,0.444093,0.002621,0.359514,0.002423,0.203304,0.001391,0.259965,0.001610,0.071891,0.001494,0.163070,0.001231,0.390688,0.002218,80
scalar_uncertainty_trigger,tool_use_correction,contact_precondition_failure,long_horizon_recovery,0.476921,0.003613,-0.121475,0.004003,0.242493,0.001978,0.439471,0.002210,0.425051,0.002202,0.306579,0.002400,0.215577,0.001484,0.358675,0.001492,0.070071,0.001382,0.183241,0.001432,0.391050,0.002537,80
scalar_uncertainty_trigger,tool_use_correction,contact_precondition_failure,new_operator_interventions,0.498292,0.003979,-0.041375,0.004545,0.235879,0.001943,0.395678,0.002318,0.422586,0.002829,0.347131,0.002797,0.217253,0.001451,0.300172,0.001397,0.071859,0.001476,0.176530,0.001442,0.387104,0.002144,80
scalar_uncertainty_trigger,tool_use_correction,contact_precondition_failure,sparse_feedback,0.466652,0.003933,-0.156219,0.004589,0.280290,0.002079,0.431268,0.002010,0.411695,0.002370,0.339077,0.002349,0.225144,0.001216,0.365701,0.001452,0.070805,0.001383,0.187856,0.001640,0.389712,0.002774,80
scalar_uncertainty_trigger,tool_use_correction,environment_change_intervention,combined_stress,0.415258,0.003883,-0.354401,0.004574,0.311733,0.002376,0.530307,0.002006,0.377559,0.002409,0.287181,0.002634,0.244760,0.001214,0.413791,0.001384,0.069733,0.001390,0.214295,0.001428,0.371050,0.002541,80
scalar_uncertainty_trigger,tool_use_correction,environment_change_intervention,in_distribution,0.502989,0.003809,-0.020050,0.004687,0.247605,0.002573,0.369659,0.002157,0.419920,0.002654,0.340569,0.002364,0.215133,0.001316,0.267474,0.001660,0.071511,0.001323,0.178283,0.001503,0.372105,0.002782,80
scalar_uncertainty_trigger,tool_use_correction,environment_change_intervention,long_horizon_recovery,0.451242,0.003919,-0.221494,0.004568,0.277066,0.002231,0.475047,0.002417,0.402256,0.002382,0.286280,0.002494,0.227884,0.001327,0.364203,0.001519,0.069821,0.001118,0.198127,0.001419,0.370259,0.002785,80
scalar_uncertainty_trigger,tool_use_correction,environment_change_intervention,new_operator_interventions,0.472134,0.003278,-0.138759,0.004284,0.268163,0.002155,0.430653,0.002343,0.401014,0.002561,0.327448,0.002224,0.229469,0.001298,0.306633,0.001511,0.071771,0.001332,0.190635,0.001334,0.373491,0.002455,80
scalar_uncertainty_trigger,tool_use_correction,environment_change_intervention,sparse_feedback,0.440523,0.003592,-0.251429,0.004307,0.312154,0.002035,0.462782,0.002161,0.390094,0.002827,0.319811,0.002700,0.236482,0.001182,0.373037,0.001463,0.070082,0.001354,0.203775,0.001276,0.372184,0.002483,80
scalar_uncertainty_trigger,tool_use_correction,false_human_hint,combined_stress,0.445092,0.003858,-0.239610,0.004740,0.368548,0.002207,0.405706,0.002011,0.343291,0.002368,0.366190,0.002937,0.200568,0.001451,0.417448,0.001787,0.069357,0.001352,0.223887,0.001374,0.345904,0.002667,80
scalar_uncertainty_trigger,tool_use_correction,false_human_hint,in_distribution,0.538941,0.004758,0.095462,0.005953,0.307098,0.002331,0.249674,0.002304,0.387334,0.002785,0.420490,0.002802,0.170868,0.001323,0.272644,0.001455,0.071743,0.001355,0.189016,0.001482,0.346526,0.002800,80
scalar_uncertainty_trigger,tool_use_correction,false_human_hint,long_horizon_recovery,0.484706,0.003930,-0.103627,0.004434,0.331096,0.002104,0.353544,0.002070,0.366520,0.002459,0.365599,0.002551,0.182051,0.001339,0.369538,0.001519,0.070950,0.001433,0.208359,0.001451,0.345823,0.002677,80
scalar_uncertainty_trigger,tool_use_correction,false_human_hint,new_operator_interventions,0.504684,0.004152,-0.026605,0.005006,0.327345,0.002351,0.307238,0.001884,0.364449,0.002773,0.405975,0.002638,0.186385,0.001215,0.311544,0.001513,0.071489,0.001495,0.201739,0.001556,0.342692,0.002353,80
scalar_uncertainty_trigger,tool_use_correction,false_human_hint,sparse_feedback,0.474167,0.004178,-0.133078,0.005370,0.367781,0.002024,0.339754,0.002310,0.356562,0.002939,0.397075,0.002728,0.190865,0.001437,0.376614,0.001415,0.070768,0.001261,0.214063,0.001455,0.345609,0.002583,80
scalar_uncertainty_trigger,tool_use_correction,noisy_observation,combined_stress,0.478601,0.003918,-0.107906,0.005018,0.295342,0.002049,0.386884,0.002563,0.384539,0.002668,0.382652,0.002487,0.192716,0.001297,0.412561,0.001539,0.070469,0.001179,0.183805,0.001657,0.378359,0.002692,80
scalar_uncertainty_trigger,tool_use_correction,noisy_observation,in_distribution,0.570548,0.004013,0.227092,0.004681,0.233808,0.002127,0.225997,0.002045,0.425968,0.002779,0.430956,0.002743,0.162364,0.001295,0.266597,0.001632,0.074448,0.001700,0.149533,0.001437,0.379823,0.002506,80
scalar_uncertainty_trigger,tool_use_correction,noisy_observation,long_horizon_recovery,0.522090,0.004061,0.036699,0.004997,0.259116,0.002032,0.327275,0.002145,0.410432,0.002504,0.383448,0.002159,0.175369,0.001256,0.364853,0.001463,0.071955,0.001533,0.167541,0.001563,0.378195,0.002811,80
scalar_uncertainty_trigger,tool_use_correction,noisy_observation,new_operator_interventions,0.537582,0.003913,0.108196,0.004981,0.253802,0.002200,0.285496,0.002011,0.408864,0.002391,0.421915,0.002160,0.177100,0.001499,0.307381,0.001515,0.074178,0.001632,0.161358,0.001440,0.376588,0.002717,80
scalar_uncertainty_trigger,tool_use_correction,noisy_observation,sparse_feedback,0.507546,0.004005,0.001339,0.004817,0.294211,0.002255,0.317549,0.002589,0.401258,0.002472,0.411503,0.002756,0.182719,0.001305,0.372971,0.001597,0.070629,0.001321,0.174604,0.001533,0.377959,0.002648,80
scalar_uncertainty_trigger,tool_use_correction,nominal,combined_stress,0.525790,0.003934,0.072582,0.004854,0.220529,0.002070,0.336089,0.002131,0.441758,0.002892,0.412268,0.002597,0.174926,0.001299,0.396214,0.001496,0.072590,0.001498,0.157083,0.001498,0.420320,0.002676,80
scalar_uncertainty_trigger,tool_use_correction,nominal,in_distribution,0.618632,0.004098,0.408690,0.004976,0.161161,0.002219,0.174768,0.001979,0.487644,0.002572,0.462010,0.002613,0.145089,0.001202,0.248712,0.001576,0.077049,0.001987,0.122822,0.001301,0.421359,0.002624,80
scalar_uncertainty_trigger,tool_use_correction,nominal,long_horizon_recovery,0.563181,0.003736,0.207792,0.004740,0.184190,0.002380,0.281937,0.002423,0.468212,0.002982,0.413755,0.002692,0.156812,0.001355,0.347249,0.001376,0.074597,0.001745,0.142663,0.001260,0.420587,0.002590,80
scalar_uncertainty_trigger,tool_use_correction,nominal,new_operator_interventions,0.586695,0.003572,0.293698,0.004129,0.178282,0.002230,0.232874,0.002553,0.465065,0.002992,0.453267,0.002408,0.158048,0.001325,0.289353,0.001466,0.076518,0.001738,0.135199,0.001424,0.420618,0.002819,80
scalar_uncertainty_trigger,tool_use_correction,nominal,sparse_feedback,0.560313,0.003833,0.185684,0.004631,0.220975,0.002034,0.266694,0.002110,0.455622,0.002435,0.443806,0.002611,0.165581,0.001455,0.355649,0.001554,0.075186,0.001710,0.147782,0.001540,0.420731,0.002682,80
scalar_uncertainty_trigger,tool_use_correction,physical_rule_violation,combined_stress,0.437643,0.003499,-0.252622,0.003989,0.290048,0.002218,0.482399,0.002262,0.390837,0.002944,0.318849,0.002902,0.225527,0.001343,0.408952,0.001538,0.068881,0.001136,0.199472,0.001299,0.383110,0.002779,80
scalar_uncertainty_trigger,tool_use_correction,physical_rule_violation,in_distribution,0.532714,0.003447,0.085217,0.004042,0.228712,0.002157,0.321965,0.002070,0.436523,0.002449,0.370448,0.002467,0.197325,0.001300,0.263626,0.001406,0.072313,0.001752,0.164373,0.001317,0.381859,0.002334,80
scalar_uncertainty_trigger,tool_use_correction,physical_rule_violation,long_horizon_recovery,0.484243,0.003777,-0.106581,0.004985,0.253125,0.002139,0.425169,0.002210,0.412962,0.002675,0.322606,0.002813,0.209192,0.001272,0.360037,0.001582,0.069931,0.001282,0.183184,0.001250,0.384833,0.002961,80
scalar_uncertainty_trigger,tool_use_correction,physical_rule_violation,new_operator_interventions,0.498636,0.004135,-0.032309,0.004382,0.247597,0.002288,0.380219,0.002104,0.414262,0.002553,0.362162,0.002175,0.210534,0.001128,0.302167,0.001657,0.070390,0.001241,0.176980,0.001510,0.381512,0.002540,80
scalar_uncertainty_trigger,tool_use_correction,physical_rule_violation,sparse_feedback,0.471270,0.003684,-0.142826,0.004488,0.291410,0.002311,0.413673,0.002213,0.404490,0.002640,0.349043,0.002487,0.217728,0.001278,0.369936,0.001681,0.071357,0.001278,0.189414,0.001580,0.384806,0.002417,80
