method,split,seed,success,ci95_success,utility,ci95_utility,false_revision,ci95_false_revision,missed_violation,ci95_missed_violation,belief_consistency,ci95_belief_consistency,recovery_success,ci95_recovery_success,damage_rate,ci95_damage_rate,intervention_cost,ci95_intervention_cost,revision_calibration_error,ci95_revision_calibration_error,unsafe_revision,ci95_unsafe_revision,causal_attribution_f1,ci95_causal_attribution_f1,n
active_inference_query_policy,combined_stress,0,0.554607,0.005563,0.146589,0.019748,0.215569,0.007067,0.345965,0.007840,0.524928,0.004932,0.473484,0.005175,0.179338,0.003334,0.383439,0.001341,0.067272,0.000847,0.140357,0.003315,0.499751,0.003847,384
active_inference_query_policy,combined_stress,1,0.554432,0.005476,0.146372,0.019615,0.215437,0.007035,0.346059,0.007859,0.526132,0.004974,0.473721,0.005097,0.179879,0.003289,0.383784,0.001337,0.067875,0.000815,0.140037,0.003335,0.500371,0.003850,384
active_inference_query_policy,combined_stress,2,0.555496,0.005509,0.146501,0.019688,0.215687,0.007100,0.346256,0.007771,0.525011,0.004996,0.472525,0.005168,0.180131,0.003247,0.383577,0.001422,0.066892,0.000795,0.140053,0.003328,0.498870,0.003827,384
active_inference_query_policy,combined_stress,3,0.555690,0.005384,0.147915,0.019750,0.215876,0.007180,0.345049,0.007954,0.526267,0.004979,0.474068,0.005077,0.179594,0.003319,0.383965,0.001357,0.068352,0.000830,0.140405,0.003350,0.498964,0.003792,384
active_inference_query_policy,combined_stress,4,0.553497,0.005527,0.145098,0.019786,0.215661,0.007140,0.346598,0.007843,0.525171,0.005035,0.473637,0.005178,0.178914,0.003326,0.384457,0.001401,0.067343,0.000868,0.140343,0.003372,0.499468,0.003821,384
active_inference_query_policy,combined_stress,5,0.554438,0.005662,0.146639,0.019757,0.216127,0.007034,0.345487,0.007852,0.525451,0.004830,0.474379,0.005130,0.179553,0.003281,0.383236,0.001348,0.067514,0.000822,0.140233,0.003316,0.499773,0.003785,384
active_inference_query_policy,combined_stress,6,0.555345,0.005417,0.146113,0.019519,0.216158,0.007069,0.346407,0.007731,0.525687,0.004997,0.473126,0.005001,0.179913,0.003322,0.383751,0.001399,0.067981,0.000847,0.140387,0.003348,0.499964,0.003772,384
active_inference_query_policy,combined_stress,7,0.554213,0.005428,0.145628,0.019604,0.215166,0.007152,0.346586,0.007747,0.525353,0.005038,0.473547,0.005124,0.179627,0.003288,0.383543,0.001394,0.067581,0.000784,0.140646,0.003325,0.498878,0.003758,384
active_inference_query_policy,combined_stress,8,0.553075,0.005582,0.144400,0.019837,0.215325,0.007042,0.347241,0.007885,0.525115,0.004989,0.472887,0.005175,0.179086,0.003302,0.384006,0.001368,0.067145,0.000867,0.140022,0.003343,0.499152,0.003800,384
active_inference_query_policy,combined_stress,9,0.552043,0.005562,0.143723,0.019815,0.215336,0.007092,0.346353,0.007804,0.525099,0.005070,0.473387,0.005188,0.179547,0.003328,0.383348,0.001357,0.067625,0.000814,0.140299,0.003357,0.499030,0.003766,384
active_inference_query_policy,in_distribution,0,0.647945,0.005509,0.483359,0.019803,0.154144,0.007080,0.185247,0.007843,0.569763,0.004982,0.526675,0.005192,0.150095,0.003401,0.236912,0.001295,0.074369,0.000868,0.105777,0.003329,0.499702,0.003844,384
active_inference_query_policy,in_distribution,1,0.648026,0.005724,0.482602,0.019856,0.153938,0.007074,0.185319,0.007774,0.568242,0.004965,0.525748,0.005082,0.150670,0.003272,0.237602,0.001331,0.074168,0.000843,0.105192,0.003335,0.499316,0.003806,384
active_inference_query_policy,in_distribution,2,0.647528,0.005536,0.482897,0.019899,0.153837,0.007154,0.185480,0.007924,0.569235,0.005096,0.526820,0.005186,0.150644,0.003318,0.236723,0.001380,0.074369,0.000805,0.104943,0.003362,0.499800,0.003755,384
active_inference_query_policy,in_distribution,3,0.647039,0.005795,0.482004,0.020007,0.154513,0.007043,0.185091,0.007903,0.569136,0.004993,0.526168,0.005232,0.150673,0.003318,0.236449,0.001363,0.074044,0.000892,0.105364,0.003384,0.499402,0.003780,384
active_inference_query_policy,in_distribution,4,0.647183,0.005402,0.481808,0.019631,0.154492,0.007104,0.185378,0.007895,0.568619,0.004980,0.525272,0.005193,0.150348,0.003302,0.236960,0.001340,0.073746,0.000819,0.105357,0.003256,0.499494,0.003727,384
active_inference_query_policy,in_distribution,5,0.646992,0.005634,0.482646,0.019763,0.153799,0.007011,0.184739,0.007820,0.568580,0.004965,0.525993,0.005307,0.150455,0.003274,0.236551,0.001332,0.074322,0.000815,0.105152,0.003289,0.499479,0.003745,384
active_inference_query_policy,in_distribution,6,0.647408,0.005466,0.482588,0.019636,0.153593,0.007053,0.185442,0.007843,0.568473,0.004957,0.525820,0.005092,0.150397,0.003332,0.236538,0.001314,0.074336,0.000806,0.105451,0.003327,0.499929,0.003830,384
active_inference_query_policy,in_distribution,7,0.647698,0.005715,0.483200,0.019928,0.154579,0.007070,0.184425,0.007870,0.570006,0.005008,0.525980,0.005077,0.150140,0.003285,0.237377,0.001401,0.074623,0.000809,0.105666,0.003377,0.499986,0.003830,384
active_inference_query_policy,in_distribution,8,0.646459,0.005542,0.481202,0.019715,0.154537,0.006998,0.184704,0.007860,0.569048,0.004995,0.524861,0.005177,0.150898,0.003326,0.236705,0.001365,0.074005,0.000866,0.105305,0.003324,0.499559,0.003790,384
active_inference_query_policy,in_distribution,9,0.648680,0.005438,0.483245,0.019600,0.153298,0.007005,0.185431,0.007854,0.568057,0.005026,0.524817,0.005226,0.150574,0.003347,0.237509,0.001379,0.074133,0.000853,0.105534,0.003292,0.499087,0.003846,384
active_inference_query_policy,long_horizon_recovery,0,0.591149,0.005579,0.281175,0.019848,0.179566,0.007139,0.289072,0.007887,0.550987,0.004963,0.473825,0.005140,0.163093,0.003344,0.335277,0.001333,0.069367,0.000820,0.125072,0.003344,0.500535,0.003880,384
active_inference_query_policy,long_horizon_recovery,1,0.592428,0.005633,0.282565,0.019873,0.180282,0.007090,0.288919,0.007850,0.550497,0.004946,0.474429,0.005155,0.162324,0.003296,0.335025,0.001360,0.069731,0.000834,0.124885,0.003343,0.498868,0.003811,384
active_inference_query_policy,long_horizon_recovery,2,0.592893,0.005590,0.282769,0.019689,0.179614,0.007098,0.289786,0.007736,0.551498,0.004912,0.474413,0.005108,0.162404,0.003306,0.335149,0.001381,0.069723,0.000817,0.125260,0.003347,0.498375,0.003820,384
active_inference_query_policy,long_horizon_recovery,3,0.592189,0.005715,0.281428,0.020014,0.180011,0.007185,0.289705,0.007901,0.550086,0.004953,0.474035,0.005173,0.162469,0.003313,0.334812,0.001391,0.070351,0.000787,0.125294,0.003343,0.498973,0.003796,384
active_inference_query_policy,long_horizon_recovery,4,0.592930,0.005663,0.283023,0.019943,0.179369,0.007194,0.288842,0.007817,0.550412,0.004973,0.474277,0.005004,0.163063,0.003332,0.334675,0.001364,0.069633,0.000851,0.125275,0.003374,0.498728,0.003797,384
active_inference_query_policy,long_horizon_recovery,5,0.592844,0.005584,0.282020,0.019715,0.180046,0.007091,0.289505,0.007741,0.549653,0.004990,0.475051,0.005161,0.162728,0.003289,0.334878,0.001391,0.070680,0.000825,0.125520,0.003321,0.499729,0.003761,384
active_inference_query_policy,long_horizon_recovery,6,0.593143,0.005607,0.281726,0.019742,0.180374,0.007129,0.290016,0.007673,0.550576,0.005004,0.473773,0.005170,0.162377,0.003357,0.334626,0.001339,0.070343,0.000804,0.126216,0.003349,0.499153,0.003782,384
active_inference_query_policy,long_horizon_recovery,7,0.592408,0.005593,0.282183,0.019777,0.179483,0.007162,0.289149,0.007780,0.550299,0.005030,0.474225,0.005150,0.162986,0.003307,0.334868,0.001332,0.070227,0.000792,0.125104,0.003351,0.499093,0.003889,384
active_inference_query_policy,long_horizon_recovery,8,0.591358,0.005568,0.281482,0.019817,0.179439,0.007099,0.289468,0.007868,0.550724,0.005039,0.474658,0.005158,0.162626,0.003291,0.335368,0.001422,0.069641,0.000826,0.124963,0.003339,0.499312,0.003818,384
active_inference_query_policy,long_horizon_recovery,9,0.591296,0.005400,0.279923,0.019511,0.179927,0.006996,0.290752,0.007785,0.550548,0.004973,0.474618,0.005068,0.162733,0.003366,0.334830,0.001355,0.069647,0.000819,0.125569,0.003260,0.498785,0.003759,384
active_inference_query_policy,new_operator_interventions,0,0.613233,0.005505,0.362493,0.019651,0.172523,0.007117,0.245076,0.007790,0.547900,0.005014,0.514763,0.005182,0.164930,0.003206,0.277637,0.001342,0.071665,0.000800,0.117657,0.003310,0.499816,0.003836,384
active_inference_query_policy,new_operator_interventions,1,0.613774,0.005534,0.363166,0.019770,0.174006,0.007032,0.243994,0.007872,0.548303,0.005040,0.513835,0.005074,0.164705,0.003271,0.276725,0.001346,0.070974,0.000784,0.117828,0.003393,0.499292,0.003905,384
active_inference_query_policy,new_operator_interventions,2,0.612632,0.005591,0.361795,0.019873,0.173693,0.007116,0.244620,0.007885,0.547476,0.005000,0.514940,0.005139,0.164588,0.003289,0.276986,0.001368,0.071165,0.000763,0.118046,0.003348,0.499894,0.003826,384
active_inference_query_policy,new_operator_interventions,3,0.612099,0.005569,0.361833,0.019832,0.173353,0.007171,0.244176,0.007774,0.548201,0.005068,0.514260,0.005184,0.164588,0.003276,0.276587,0.001355,0.071702,0.000876,0.117944,0.003374,0.499654,0.003815,384
active_inference_query_policy,new_operator_interventions,4,0.614156,0.005608,0.363250,0.019772,0.173677,0.007044,0.245445,0.007805,0.549014,0.004986,0.514364,0.005185,0.164067,0.003303,0.276731,0.001323,0.071774,0.000837,0.117896,0.003313,0.498937,0.003756,384
active_inference_query_policy,new_operator_interventions,5,0.611543,0.005510,0.360320,0.019743,0.173843,0.007108,0.244963,0.007773,0.549357,0.005100,0.512847,0.005124,0.164777,0.003288,0.277201,0.001358,0.071395,0.000779,0.117697,0.003381,0.500164,0.003884,384
active_inference_query_policy,new_operator_interventions,6,0.613593,0.005442,0.363198,0.019569,0.173196,0.006964,0.245172,0.007911,0.548712,0.004913,0.516616,0.005162,0.164137,0.003322,0.276892,0.001329,0.072918,0.000816,0.117951,0.003336,0.498254,0.003753,384
active_inference_query_policy,new_operator_interventions,7,0.614504,0.005545,0.363703,0.019595,0.174040,0.006968,0.244732,0.007787,0.548621,0.005000,0.515219,0.005069,0.164372,0.003321,0.276891,0.001361,0.071618,0.000883,0.117931,0.003251,0.498829,0.003744,384
active_inference_query_policy,new_operator_interventions,8,0.612899,0.005702,0.362890,0.019920,0.174028,0.007121,0.243658,0.007824,0.547055,0.005043,0.515772,0.005145,0.164096,0.003300,0.277159,0.001360,0.072278,0.000799,0.117350,0.003320,0.498970,0.003797,384
active_inference_query_policy,new_operator_interventions,9,0.613880,0.005602,0.363175,0.019848,0.173934,0.007111,0.244948,0.007804,0.547854,0.005010,0.515089,0.005208,0.164403,0.003327,0.276659,0.001315,0.071656,0.000817,0.117296,0.003339,0.499676,0.003702,384
active_inference_query_policy,sparse_feedback,0,0.586318,0.005505,0.255375,0.019664,0.215804,0.007072,0.278435,0.007784,0.537928,0.004934,0.506361,0.005176,0.170523,0.003301,0.343373,0.001379,0.069615,0.000838,0.130945,0.003333,0.499583,0.003821,384
active_inference_query_policy,sparse_feedback,1,0.584902,0.005618,0.253074,0.019738,0.216369,0.007028,0.277980,0.007768,0.538104,0.005014,0.504101,0.005143,0.170815,0.003313,0.343207,0.001328,0.070183,0.000841,0.131085,0.003356,0.498699,0.003695,384
active_inference_query_policy,sparse_feedback,2,0.584298,0.005626,0.253105,0.019853,0.216026,0.007105,0.278050,0.007908,0.539116,0.004962,0.505032,0.005123,0.170799,0.003306,0.343153,0.001326,0.070226,0.000870,0.131294,0.003388,0.499531,0.003785,384
active_inference_query_policy,sparse_feedback,3,0.584300,0.005508,0.253999,0.019698,0.215326,0.007175,0.277852,0.007738,0.538842,0.004978,0.505180,0.005222,0.170880,0.003309,0.343980,0.001426,0.069926,0.000838,0.129952,0.003345,0.499567,0.003795,384
active_inference_query_policy,sparse_feedback,4,0.584909,0.005526,0.254971,0.019729,0.215002,0.007163,0.277894,0.007811,0.539108,0.004929,0.505306,0.005154,0.170269,0.003232,0.343928,0.001340,0.070464,0.000821,0.130478,0.003369,0.499428,0.003871,384
active_inference_query_policy,sparse_feedback,5,0.584418,0.005480,0.253203,0.019741,0.216454,0.007121,0.277695,0.007854,0.538369,0.005022,0.505523,0.005152,0.170963,0.003314,0.343432,0.001285,0.069493,0.000849,0.130850,0.003337,0.498788,0.003898,384
active_inference_query_policy,sparse_feedback,6,0.584805,0.005594,0.253923,0.019817,0.216013,0.007000,0.277160,0.007808,0.537831,0.005002,0.504579,0.005244,0.170990,0.003391,0.343458,0.001344,0.068942,0.000838,0.131329,0.003335,0.500260,0.003801,384
active_inference_query_policy,sparse_feedback,7,0.583907,0.005469,0.253662,0.019742,0.215658,0.007033,0.276855,0.007878,0.537407,0.004984,0.504378,0.005108,0.170260,0.003344,0.343804,0.001372,0.069874,0.000834,0.130990,0.003336,0.499652,0.003871,384
active_inference_query_policy,sparse_feedback,8,0.585235,0.005519,0.255327,0.019754,0.215044,0.007115,0.277732,0.007907,0.538158,0.004929,0.505043,0.005144,0.170641,0.003323,0.343670,0.001351,0.069283,0.000816,0.130118,0.003379,0.499902,0.003847,384
active_inference_query_policy,sparse_feedback,9,0.584516,0.005653,0.252735,0.019862,0.216260,0.007047,0.278089,0.007851,0.538632,0.004938,0.505150,0.005134,0.171466,0.003280,0.343023,0.001364,0.069844,0.000778,0.131323,0.003341,0.500139,0.003857,384
causal_discovery_revision,combined_stress,0,0.590191,0.005534,0.339713,0.019799,0.148909,0.007107,0.278854,0.007886,0.618922,0.005035,0.540675,0.005214,0.162426,0.003346,0.398143,0.001348,0.066872,0.000766,0.104216,0.003363,0.589670,0.003745,384
causal_discovery_revision,combined_stress,1,0.591649,0.005474,0.340316,0.019591,0.148167,0.006988,0.280386,0.007824,0.618325,0.005055,0.541461,0.005118,0.162646,0.003306,0.398388,0.001347,0.066721,0.000752,0.104025,0.003298,0.588347,0.003898,384
causal_discovery_revision,combined_stress,2,0.590440,0.005534,0.339151,0.019772,0.149116,0.007105,0.279719,0.007824,0.618436,0.004987,0.541137,0.005182,0.162568,0.003343,0.398400,0.001354,0.066694,0.000848,0.104128,0.003335,0.590045,0.003791,384
causal_discovery_revision,combined_stress,3,0.592357,0.005590,0.339721,0.019760,0.150013,0.007054,0.279607,0.007750,0.618256,0.005081,0.539617,0.005073,0.162865,0.003308,0.398558,0.001413,0.067386,0.000724,0.104233,0.003340,0.589900,0.003857,384
causal_discovery_revision,combined_stress,4,0.590371,0.005573,0.339241,0.019763,0.149063,0.007113,0.279632,0.007890,0.617902,0.004968,0.540284,0.005113,0.162119,0.003336,0.399056,0.001341,0.066804,0.000710,0.103765,0.003339,0.591025,0.003870,384
causal_discovery_revision,combined_stress,5,0.591838,0.005556,0.340027,0.019802,0.148860,0.007093,0.280946,0.007796,0.619552,0.004967,0.540497,0.005190,0.162272,0.003351,0.398327,0.001329,0.066458,0.000742,0.104488,0.003376,0.589562,0.003783,384
causal_discovery_revision,combined_stress,6,0.589949,0.005473,0.338475,0.019701,0.149279,0.007084,0.279746,0.007835,0.619082,0.004910,0.539863,0.005125,0.162162,0.003316,0.398917,0.001407,0.066693,0.000789,0.104102,0.003348,0.588869,0.003892,384
causal_discovery_revision,combined_stress,7,0.591507,0.005706,0.339391,0.019857,0.148908,0.007116,0.279855,0.007849,0.618851,0.004992,0.539398,0.005124,0.162701,0.003353,0.398687,0.001292,0.066617,0.000777,0.104706,0.003306,0.588465,0.003689,384
causal_discovery_revision,combined_stress,8,0.591348,0.005561,0.340292,0.019838,0.148203,0.007182,0.280160,0.007883,0.618346,0.005002,0.539450,0.005168,0.162323,0.003270,0.398240,0.001375,0.066295,0.000776,0.103945,0.003389,0.590174,0.003756,384
causal_discovery_revision,combined_stress,9,0.591372,0.005494,0.341253,0.019647,0.148521,0.007165,0.278694,0.007771,0.618136,0.004968,0.540158,0.005083,0.162284,0.003275,0.397877,0.001337,0.066662,0.000858,0.103817,0.003358,0.589170,0.003739,384
causal_discovery_revision,in_distribution,0,0.683913,0.005640,0.674760,0.019554,0.088339,0.006981,0.120677,0.007550,0.662890,0.005025,0.593863,0.005205,0.133353,0.003310,0.251947,0.001352,0.072648,0.000762,0.068651,0.003310,0.589091,0.003759,384
causal_discovery_revision,in_distribution,1,0.683128,0.005467,0.674389,0.019305,0.087649,0.006949,0.120197,0.007482,0.661485,0.004956,0.593525,0.005085,0.133118,0.003308,0.251372,0.001358,0.073348,0.000755,0.069148,0.003351,0.589859,0.003704,384
causal_discovery_revision,in_distribution,2,0.684456,0.005552,0.674772,0.019437,0.088079,0.006900,0.120132,0.007504,0.661635,0.005033,0.592861,0.005101,0.133644,0.003292,0.252325,0.001316,0.073353,0.000767,0.069099,0.003310,0.590064,0.003777,384
causal_discovery_revision,in_distribution,3,0.684589,0.005499,0.675101,0.019420,0.087967,0.006924,0.121216,0.007591,0.662466,0.005044,0.595041,0.005149,0.133324,0.003329,0.251885,0.001330,0.072991,0.000828,0.069574,0.003299,0.589969,0.003830,384
causal_discovery_revision,in_distribution,4,0.684798,0.005540,0.675619,0.019447,0.087824,0.006991,0.120662,0.007509,0.662689,0.004972,0.593566,0.005073,0.133005,0.003312,0.252539,0.001378,0.072824,0.000728,0.069450,0.003357,0.589590,0.003759,384
causal_discovery_revision,in_distribution,5,0.684493,0.005556,0.675208,0.019481,0.088096,0.006937,0.120669,0.007599,0.662269,0.005009,0.592487,0.005116,0.132775,0.003354,0.251715,0.001372,0.072603,0.000724,0.069431,0.003357,0.589270,0.003758,384
causal_discovery_revision,in_distribution,6,0.685501,0.005684,0.677704,0.019518,0.087075,0.006935,0.119929,0.007545,0.662991,0.004991,0.592775,0.005249,0.132734,0.003301,0.251753,0.001385,0.072851,0.000837,0.069002,0.003327,0.588961,0.003748,384
causal_discovery_revision,in_distribution,7,0.683491,0.005464,0.674443,0.019350,0.088159,0.006970,0.119723,0.007544,0.661802,0.005013,0.592921,0.005059,0.133365,0.003338,0.252080,0.001367,0.072966,0.000767,0.069020,0.003282,0.589558,0.003900,384
causal_discovery_revision,in_distribution,8,0.685700,0.005489,0.676349,0.019430,0.088363,0.006981,0.120041,0.007568,0.662027,0.004968,0.591749,0.005179,0.132671,0.003312,0.252351,0.001318,0.073162,0.000779,0.069421,0.003387,0.590297,0.003875,384
causal_discovery_revision,in_distribution,9,0.684647,0.005454,0.675115,0.019327,0.087927,0.006922,0.120847,0.007528,0.661771,0.005002,0.594006,0.005168,0.133278,0.003333,0.252128,0.001339,0.072711,0.000771,0.069463,0.003317,0.589924,0.003769,384
causal_discovery_revision,long_horizon_recovery,0,0.628939,0.005662,0.475559,0.019812,0.113551,0.007095,0.223062,0.007843,0.644838,0.004960,0.541077,0.005116,0.145770,0.003315,0.349786,0.001396,0.068850,0.000774,0.088990,0.003346,0.589912,0.003707,384
causal_discovery_revision,long_horizon_recovery,1,0.629761,0.005568,0.476467,0.019748,0.112979,0.007110,0.223896,0.007837,0.643621,0.004935,0.542304,0.005066,0.145433,0.003310,0.349415,0.001342,0.068768,0.000804,0.089001,0.003253,0.589928,0.003768,384
causal_discovery_revision,long_horizon_recovery,2,0.629058,0.005647,0.475823,0.019837,0.113102,0.007063,0.222589,0.007813,0.643424,0.004937,0.540611,0.005116,0.145845,0.003296,0.349380,0.001385,0.069176,0.000738,0.088714,0.003325,0.588679,0.003803,384
causal_discovery_revision,long_horizon_recovery,3,0.629790,0.005504,0.476689,0.019755,0.112803,0.007019,0.223506,0.007887,0.644245,0.004946,0.541761,0.005171,0.145506,0.003346,0.349789,0.001347,0.069387,0.000753,0.088954,0.003340,0.590293,0.003754,384
causal_discovery_revision,long_horizon_recovery,4,0.630906,0.005580,0.478492,0.019792,0.113296,0.007035,0.221743,0.007706,0.643495,0.005054,0.541700,0.005239,0.145606,0.003320,0.350059,0.001355,0.068804,0.000751,0.088856,0.003303,0.589876,0.003788,384
causal_discovery_revision,long_horizon_recovery,5,0.629899,0.005610,0.477221,0.019843,0.113357,0.007126,0.222347,0.007811,0.645216,0.005101,0.541784,0.005234,0.145765,0.003313,0.349686,0.001309,0.069288,0.000813,0.089085,0.003338,0.589425,0.003900,384
causal_discovery_revision,long_horizon_recovery,6,0.630490,0.005591,0.477410,0.019741,0.112703,0.007031,0.223623,0.007852,0.643330,0.004964,0.541610,0.005146,0.145508,0.003288,0.349280,0.001315,0.068562,0.000784,0.088840,0.003345,0.589932,0.003825,384
causal_discovery_revision,long_horizon_recovery,7,0.628613,0.005555,0.475697,0.019709,0.112899,0.007120,0.223001,0.007788,0.643745,0.004900,0.541225,0.005145,0.145498,0.003349,0.349958,0.001351,0.069284,0.000774,0.088422,0.003306,0.589271,0.003831,384
causal_discovery_revision,long_horizon_recovery,8,0.630385,0.005500,0.477757,0.019749,0.113055,0.007110,0.222565,0.007782,0.644703,0.005126,0.542631,0.005146,0.145909,0.003314,0.349969,0.001341,0.068337,0.000780,0.089264,0.003343,0.589659,0.003809,384
causal_discovery_revision,long_horizon_recovery,9,0.629073,0.005554,0.476061,0.019727,0.112814,0.007066,0.223123,0.007788,0.642583,0.005027,0.542722,0.005117,0.145556,0.003294,0.349399,0.001368,0.069167,0.000801,0.089065,0.003361,0.589667,0.003747,384
causal_discovery_revision,new_operator_interventions,0,0.649376,0.005712,0.556650,0.019877,0.106334,0.007049,0.177819,0.007863,0.641824,0.004872,0.582813,0.005112,0.147221,0.003321,0.292348,0.001346,0.070345,0.000766,0.081998,0.003315,0.589233,0.003768,384
causal_discovery_revision,new_operator_interventions,1,0.650235,0.005549,0.556946,0.019731,0.107086,0.007092,0.177954,0.007794,0.642048,0.004959,0.581733,0.005083,0.147109,0.003277,0.291892,0.001371,0.070690,0.000799,0.081582,0.003364,0.588176,0.003859,384
causal_discovery_revision,new_operator_interventions,2,0.652204,0.005553,0.557493,0.019692,0.106851,0.007032,0.179833,0.007828,0.641337,0.004985,0.581808,0.005191,0.147458,0.003297,0.291868,0.001305,0.070757,0.000750,0.081507,0.003363,0.589853,0.003815,384
causal_discovery_revision,new_operator_interventions,3,0.651364,0.005701,0.557782,0.019880,0.106993,0.007022,0.178307,0.007820,0.640763,0.004966,0.582158,0.005030,0.146945,0.003346,0.291700,0.001371,0.070498,0.000747,0.082000,0.003348,0.589198,0.003819,384
causal_discovery_revision,new_operator_interventions,4,0.651491,0.005461,0.558216,0.019662,0.106487,0.007062,0.178295,0.007893,0.640963,0.004982,0.580897,0.005236,0.146948,0.003294,0.291939,0.001364,0.070287,0.000776,0.081554,0.003327,0.589725,0.003747,384
causal_discovery_revision,new_operator_interventions,5,0.651677,0.005459,0.557822,0.019677,0.106863,0.007080,0.178927,0.007814,0.641807,0.004966,0.580851,0.005201,0.147261,0.003364,0.291589,0.001381,0.070760,0.000766,0.081110,0.003389,0.589213,0.003844,384
causal_discovery_revision,new_operator_interventions,6,0.649039,0.005574,0.554574,0.019778,0.107803,0.007143,0.178686,0.007815,0.642082,0.005026,0.581681,0.005118,0.147411,0.003304,0.291809,0.001365,0.071012,0.000768,0.081710,0.003374,0.588922,0.003768,384
causal_discovery_revision,new_operator_interventions,7,0.650600,0.005767,0.557770,0.020048,0.106244,0.007040,0.178125,0.007864,0.641522,0.004977,0.581362,0.005113,0.147349,0.003348,0.291196,0.001300,0.070863,0.000792,0.081320,0.003353,0.590041,0.003675,384
causal_discovery_revision,new_operator_interventions,8,0.649535,0.005615,0.556724,0.019793,0.106752,0.007100,0.178238,0.007786,0.641885,0.004990,0.582458,0.005089,0.146888,0.003302,0.291587,0.001364,0.070500,0.000767,0.081841,0.003365,0.589850,0.003715,384
causal_discovery_revision,new_operator_interventions,9,0.651060,0.005582,0.557842,0.019746,0.106869,0.007043,0.178336,0.007865,0.641520,0.004893,0.582689,0.005132,0.147192,0.003310,0.291860,0.001382,0.070989,0.000801,0.081231,0.003342,0.589178,0.003694,384
causal_discovery_revision,sparse_feedback,0,0.621623,0.005689,0.450005,0.019843,0.147526,0.007013,0.210033,0.007854,0.632881,0.004931,0.572183,0.005046,0.153779,0.003343,0.358141,0.001363,0.069139,0.000745,0.094474,0.003311,0.588764,0.003747,384
causal_discovery_revision,sparse_feedback,1,0.622551,0.005670,0.448833,0.019917,0.148560,0.007097,0.211105,0.007770,0.631530,0.005000,0.572001,0.005163,0.154236,0.003314,0.358567,0.001388,0.068764,0.000724,0.094653,0.003387,0.589907,0.003770,384
causal_discovery_revision,sparse_feedback,2,0.621779,0.005331,0.448494,0.019544,0.148319,0.007060,0.211072,0.007846,0.631118,0.004952,0.572417,0.005152,0.154326,0.003304,0.358141,0.001301,0.068465,0.000799,0.094356,0.003361,0.590114,0.003773,384
causal_discovery_revision,sparse_feedback,3,0.622290,0.005438,0.448127,0.019762,0.149740,0.007120,0.211167,0.007883,0.631234,0.005054,0.572366,0.005136,0.153352,0.003335,0.358674,0.001393,0.069097,0.000773,0.095039,0.003396,0.589268,0.003844,384
causal_discovery_revision,sparse_feedback,4,0.620334,0.005307,0.446540,0.019540,0.148527,0.007127,0.212215,0.007764,0.632281,0.005079,0.572732,0.005138,0.153756,0.003295,0.358789,0.001316,0.069223,0.000758,0.094293,0.003311,0.589380,0.003776,384
causal_discovery_revision,sparse_feedback,5,0.620450,0.005739,0.446118,0.019821,0.149576,0.007056,0.211771,0.007732,0.631937,0.005027,0.571986,0.005114,0.153301,0.003291,0.358513,0.001366,0.069097,0.000776,0.095426,0.003294,0.590396,0.003754,384
causal_discovery_revision,sparse_feedback,6,0.621978,0.005468,0.449405,0.019694,0.148001,0.007147,0.211334,0.007774,0.631129,0.004948,0.573145,0.005154,0.153443,0.003326,0.358730,0.001328,0.068794,0.000813,0.093928,0.003363,0.589557,0.003730,384
causal_discovery_revision,sparse_feedback,7,0.620270,0.005676,0.447528,0.019916,0.148714,0.007109,0.210927,0.007739,0.631911,0.005066,0.573009,0.005199,0.153514,0.003280,0.358076,0.001342,0.068284,0.000721,0.094897,0.003328,0.589382,0.003956,384
causal_discovery_revision,sparse_feedback,8,0.620565,0.005540,0.446806,0.019649,0.148612,0.007054,0.211395,0.007838,0.630821,0.004915,0.571743,0.005062,0.153768,0.003285,0.358851,0.001356,0.068635,0.000781,0.094437,0.003296,0.589930,0.003851,384
causal_discovery_revision,sparse_feedback,9,0.622339,0.005695,0.449633,0.019783,0.148331,0.007048,0.210028,0.007728,0.632050,0.004990,0.571262,0.005170,0.153906,0.003247,0.357955,0.001272,0.069468,0.000782,0.094763,0.003347,0.589302,0.003912,384
causal_intervention_belief_revision_v5,combined_stress,0,0.730524,0.005582,0.875970,0.017264,0.020967,0.004474,0.119638,0.007525,0.814216,0.005033,0.741728,0.005124,0.108410,0.003310,0.328568,0.001321,0.053017,0.000577,0.006510,0.001697,0.750312,0.003779,384
causal_intervention_belief_revision_v5,combined_stress,1,0.728329,0.005404,0.875709,0.017049,0.021173,0.004595,0.118045,0.007429,0.816793,0.004875,0.743385,0.005170,0.108322,0.003366,0.329106,0.001373,0.053589,0.000547,0.006295,0.001664,0.750508,0.003769,384
causal_intervention_belief_revision_v5,combined_stress,2,0.729800,0.005515,0.875272,0.017178,0.021462,0.004527,0.119499,0.007413,0.815809,0.004980,0.741572,0.005101,0.108373,0.003334,0.328744,0.001357,0.053623,0.000538,0.006707,0.001741,0.751270,0.003739,384
causal_intervention_belief_revision_v5,combined_stress,3,0.727955,0.005604,0.874241,0.017278,0.021315,0.004552,0.118776,0.007508,0.816034,0.004953,0.741992,0.005131,0.108051,0.003276,0.329126,0.001278,0.053786,0.000556,0.006646,0.001742,0.750347,0.003838,384
causal_intervention_belief_revision_v5,combined_stress,4,0.728622,0.005390,0.873671,0.017123,0.021403,0.004584,0.120058,0.007538,0.815096,0.004928,0.742296,0.005180,0.108546,0.003315,0.328893,0.001342,0.053103,0.000524,0.006428,0.001688,0.749892,0.003722,384
causal_intervention_belief_revision_v5,combined_stress,5,0.729059,0.005705,0.874031,0.017427,0.021299,0.004516,0.119188,0.007493,0.815920,0.005073,0.741439,0.005175,0.109301,0.003366,0.329451,0.001350,0.053430,0.000542,0.006593,0.001685,0.750626,0.003883,384
causal_intervention_belief_revision_v5,combined_stress,6,0.727627,0.005466,0.874264,0.017157,0.021144,0.004497,0.117732,0.007506,0.816026,0.005069,0.740844,0.005126,0.109025,0.003305,0.328331,0.001376,0.053276,0.000538,0.006417,0.001671,0.750935,0.003703,384
causal_intervention_belief_revision_v5,combined_stress,7,0.731025,0.005492,0.875479,0.017161,0.021440,0.004580,0.120272,0.007524,0.815756,0.004941,0.741284,0.005141,0.108808,0.003290,0.329158,0.001338,0.053733,0.000540,0.006405,0.001673,0.750531,0.003833,384
causal_intervention_belief_revision_v5,combined_stress,8,0.729832,0.005488,0.876530,0.017102,0.021087,0.004522,0.119289,0.007478,0.816912,0.004990,0.742511,0.005079,0.108181,0.003308,0.328628,0.001367,0.053026,0.000575,0.006334,0.001652,0.750577,0.003792,384
causal_intervention_belief_revision_v5,combined_stress,9,0.728947,0.005577,0.874481,0.017264,0.021015,0.004463,0.119343,0.007556,0.815802,0.004906,0.742714,0.005133,0.108962,0.003354,0.329361,0.001362,0.053601,0.000549,0.006447,0.001682,0.750069,0.003871,384
causal_intervention_belief_revision_v5,in_distribution,0,0.821065,0.005501,1.129507,0.012615,0.009552,0.002554,0.012123,0.002332,0.859125,0.005061,0.794796,0.005178,0.079176,0.003267,0.181838,0.001346,0.057915,0.000536,0.002204,0.000621,0.750196,0.003740,384
causal_intervention_belief_revision_v5,in_distribution,1,0.821366,0.005448,1.129559,0.012463,0.009288,0.002482,0.012089,0.002298,0.860083,0.005009,0.794463,0.005091,0.079884,0.003295,0.182549,0.001365,0.057781,0.000544,0.001960,0.000565,0.749977,0.003707,384
causal_intervention_belief_revision_v5,in_distribution,2,0.822419,0.005573,1.131032,0.012624,0.009378,0.002502,0.012015,0.002358,0.859248,0.005086,0.795139,0.005149,0.079282,0.003300,0.181824,0.001307,0.057358,0.000554,0.002155,0.000620,0.748692,0.003860,384
causal_intervention_belief_revision_v5,in_distribution,3,0.824579,0.005612,1.132994,0.012595,0.009182,0.002452,0.011864,0.002353,0.858829,0.004845,0.795102,0.005229,0.079718,0.003341,0.182167,0.001334,0.057799,0.000569,0.001993,0.000571,0.750203,0.003804,384
causal_intervention_belief_revision_v5,in_distribution,4,0.822750,0.005581,1.131562,0.012601,0.009201,0.002468,0.012155,0.002415,0.859890,0.004878,0.795027,0.005072,0.079450,0.003299,0.182390,0.001386,0.057722,0.000542,0.001922,0.000553,0.751759,0.003821,384
causal_intervention_belief_revision_v5,in_distribution,5,0.821784,0.005586,1.130578,0.012615,0.008988,0.002404,0.012359,0.002405,0.858971,0.004957,0.794941,0.005136,0.079092,0.003294,0.182225,0.001300,0.057509,0.000535,0.001936,0.000543,0.750532,0.003822,384
causal_intervention_belief_revision_v5,in_distribution,6,0.819865,0.005596,1.128373,0.012683,0.009334,0.002500,0.012534,0.002371,0.860419,0.005137,0.794931,0.005203,0.079943,0.003305,0.181737,0.001355,0.057552,0.000537,0.001712,0.000505,0.751216,0.003927,384
causal_intervention_belief_revision_v5,in_distribution,7,0.823104,0.005617,1.131212,0.012718,0.009197,0.002457,0.012416,0.002453,0.858921,0.005057,0.794935,0.005057,0.079290,0.003317,0.182543,0.001340,0.057853,0.000546,0.002107,0.000605,0.749417,0.003759,384
causal_intervention_belief_revision_v5,in_distribution,8,0.822012,0.005652,1.129864,0.012747,0.009228,0.002464,0.012757,0.002430,0.859282,0.005021,0.794849,0.005162,0.079554,0.003305,0.182333,0.001371,0.057997,0.000538,0.001942,0.000565,0.749500,0.003771,384
causal_intervention_belief_revision_v5,in_distribution,9,0.821640,0.005626,1.130480,0.012648,0.009137,0.002447,0.012155,0.002417,0.858410,0.004919,0.794682,0.005137,0.079004,0.003284,0.181708,0.001306,0.057349,0.000582,0.001990,0.000584,0.750300,0.003700,384
causal_intervention_belief_revision_v5,long_horizon_recovery,0,0.768874,0.005598,0.982423,0.015772,0.013172,0.003368,0.073045,0.006245,0.840540,0.004977,0.744327,0.004995,0.092207,0.003343,0.279752,0.001359,0.055394,0.000525,0.004655,0.001245,0.749010,0.003763,384
causal_intervention_belief_revision_v5,long_horizon_recovery,1,0.768228,0.005637,0.982194,0.015776,0.012869,0.003319,0.072817,0.006186,0.840208,0.005036,0.743616,0.005145,0.091755,0.003278,0.280359,0.001355,0.055008,0.000531,0.004527,0.001230,0.748955,0.003937,384
causal_intervention_belief_revision_v5,long_horizon_recovery,2,0.768848,0.005760,0.982421,0.015964,0.012862,0.003347,0.073162,0.006218,0.840317,0.004952,0.742435,0.005212,0.091929,0.003357,0.279534,0.001371,0.055465,0.000546,0.004515,0.001211,0.749836,0.003835,384
causal_intervention_belief_revision_v5,long_horizon_recovery,3,0.767548,0.005521,0.982934,0.015589,0.012418,0.003223,0.072171,0.006185,0.841084,0.004944,0.743234,0.005066,0.091559,0.003346,0.279282,0.001357,0.055148,0.000555,0.004405,0.001185,0.750002,0.003780,384
causal_intervention_belief_revision_v5,long_horizon_recovery,4,0.766649,0.005669,0.980954,0.015797,0.012886,0.003356,0.072732,0.006213,0.840626,0.004984,0.743055,0.005130,0.091627,0.003342,0.280239,0.001348,0.055156,0.000566,0.004366,0.001177,0.750159,0.003810,384
causal_intervention_belief_revision_v5,long_horizon_recovery,5,0.765953,0.005483,0.980963,0.015589,0.012657,0.003295,0.072646,0.006179,0.841123,0.005043,0.744530,0.005163,0.091728,0.003309,0.279648,0.001343,0.055164,0.000525,0.004467,0.001203,0.750237,0.003785,384
causal_intervention_belief_revision_v5,long_horizon_recovery,6,0.765595,0.005509,0.980194,0.015691,0.012753,0.003290,0.072435,0.006189,0.840822,0.005009,0.743029,0.005151,0.091666,0.003320,0.280342,0.001365,0.055030,0.000535,0.004535,0.001218,0.750579,0.003822,384
causal_intervention_belief_revision_v5,long_horizon_recovery,7,0.767775,0.005550,0.982236,0.015828,0.013003,0.003386,0.073048,0.006238,0.842415,0.005122,0.743346,0.005150,0.091675,0.003392,0.279842,0.001322,0.055259,0.000543,0.004495,0.001211,0.750012,0.003810,384
causal_intervention_belief_revision_v5,long_horizon_recovery,8,0.767264,0.005529,0.981123,0.015726,0.013012,0.003376,0.072654,0.006171,0.841112,0.004979,0.741612,0.005151,0.091846,0.003320,0.279988,0.001352,0.055395,0.000538,0.004528,0.001218,0.750158,0.003905,384
causal_intervention_belief_revision_v5,long_horizon_recovery,9,0.769155,0.005610,0.982224,0.015729,0.012481,0.003283,0.073381,0.006233,0.840652,0.004924,0.742252,0.005191,0.092345,0.003310,0.280466,0.001326,0.055639,0.000548,0.004372,0.001177,0.748797,0.003868,384
causal_intervention_belief_revision_v5,new_operator_interventions,0,0.789493,0.005643,1.046214,0.014477,0.011553,0.003068,0.043863,0.004407,0.838104,0.004953,0.782898,0.005118,0.093424,0.003293,0.222665,0.001362,0.056123,0.000541,0.003541,0.000965,0.748653,0.003836,384
causal_intervention_belief_revision_v5,new_operator_interventions,1,0.789103,0.005547,1.046822,0.014405,0.012047,0.003202,0.043458,0.004374,0.838420,0.004869,0.783407,0.005153,0.092686,0.003299,0.222124,0.001353,0.055997,0.000539,0.003578,0.000974,0.750092,0.003756,384
causal_intervention_belief_revision_v5,new_operator_interventions,2,0.787699,0.005539,1.044866,0.014414,0.011835,0.003121,0.043515,0.004406,0.838234,0.005038,0.782989,0.005020,0.093348,0.003291,0.222448,0.001347,0.056218,0.000571,0.003502,0.000948,0.750473,0.003820,384
causal_intervention_belief_revision_v5,new_operator_interventions,3,0.788248,0.005641,1.045295,0.014621,0.011890,0.003167,0.043813,0.004425,0.838534,0.004942,0.783657,0.005081,0.093241,0.003314,0.222082,0.001425,0.056529,0.000530,0.003566,0.000969,0.748785,0.003827,384
causal_intervention_belief_revision_v5,new_operator_interventions,4,0.787827,0.005664,1.044610,0.014504,0.011951,0.003143,0.043714,0.004421,0.837746,0.004989,0.783603,0.005064,0.093537,0.003312,0.222575,0.001324,0.056237,0.000575,0.003634,0.000980,0.750870,0.003751,384
causal_intervention_belief_revision_v5,new_operator_interventions,5,0.788363,0.005491,1.045455,0.014442,0.011936,0.003162,0.043972,0.004421,0.838113,0.004936,0.782897,0.005075,0.092921,0.003357,0.221687,0.001386,0.056727,0.000558,0.003660,0.000995,0.750804,0.003907,384
causal_intervention_belief_revision_v5,new_operator_interventions,6,0.788156,0.005642,1.045857,0.014520,0.011756,0.003088,0.043321,0.004332,0.838591,0.005045,0.782888,0.005073,0.092872,0.003335,0.222190,0.001404,0.056257,0.000535,0.003651,0.000999,0.750029,0.003846,384
causal_intervention_belief_revision_v5,new_operator_interventions,7,0.788933,0.005577,1.046109,0.014463,0.012000,0.003180,0.043014,0.004422,0.837650,0.004998,0.783209,0.005224,0.093297,0.003274,0.222292,0.001328,0.056374,0.000583,0.003612,0.000983,0.749241,0.003777,384
causal_intervention_belief_revision_v5,new_operator_interventions,8,0.788202,0.005295,1.045207,0.014230,0.011981,0.003182,0.043896,0.004476,0.838228,0.004996,0.784206,0.005137,0.093523,0.003301,0.222114,0.001286,0.056153,0.000531,0.003609,0.000988,0.750567,0.003781,384
causal_intervention_belief_revision_v5,new_operator_interventions,9,0.787017,0.005629,1.044281,0.014561,0.011656,0.003101,0.044220,0.004479,0.837707,0.005025,0.784308,0.005182,0.093137,0.003326,0.221851,0.001356,0.056256,0.000531,0.003342,0.000918,0.749824,0.003760,384
causal_intervention_belief_revision_v5,sparse_feedback,0,0.759589,0.005509,0.971120,0.015916,0.020963,0.004471,0.064704,0.005761,0.830240,0.005006,0.774352,0.005095,0.099410,0.003323,0.288343,0.001359,0.054756,0.000545,0.005090,0.001364,0.750311,0.003877,384
causal_intervention_belief_revision_v5,sparse_feedback,1,0.760029,0.005661,0.970624,0.016058,0.021358,0.004550,0.063741,0.005670,0.829568,0.005015,0.772968,0.005088,0.100129,0.003342,0.288971,0.001401,0.055193,0.000580,0.005104,0.001372,0.749143,0.003843,384
causal_intervention_belief_revision_v5,sparse_feedback,2,0.757395,0.005594,0.967625,0.016084,0.021338,0.004570,0.064304,0.005702,0.828627,0.005006,0.773136,0.005128,0.100144,0.003334,0.288752,0.001393,0.054981,0.000552,0.005185,0.001387,0.750143,0.003804,384
causal_intervention_belief_revision_v5,sparse_feedback,3,0.758257,0.005474,0.969288,0.015919,0.020552,0.004439,0.064615,0.005746,0.829647,0.005010,0.774387,0.005231,0.099916,0.003316,0.288820,0.001338,0.054899,0.000533,0.005253,0.001410,0.749056,0.003852,384
causal_intervention_belief_revision_v5,sparse_feedback,4,0.759530,0.005607,0.970985,0.016022,0.021107,0.004526,0.064348,0.005740,0.828505,0.004937,0.774851,0.005072,0.099135,0.003334,0.288813,0.001372,0.055255,0.000542,0.005235,0.001401,0.751855,0.003796,384
causal_intervention_belief_revision_v5,sparse_feedback,5,0.758374,0.005557,0.968576,0.016042,0.021779,0.004631,0.064817,0.005791,0.828634,0.005098,0.774331,0.005067,0.099959,0.003306,0.288513,0.001367,0.054642,0.000546,0.005216,0.001402,0.751223,0.003793,384
causal_intervention_belief_revision_v5,sparse_feedback,6,0.760656,0.005595,0.970455,0.016038,0.020853,0.004494,0.065107,0.005802,0.829165,0.004980,0.773060,0.005186,0.100063,0.003303,0.289283,0.001294,0.055341,0.000594,0.005309,0.001419,0.749996,0.003786,384
causal_intervention_belief_revision_v5,sparse_feedback,7,0.759158,0.005555,0.969584,0.015995,0.021186,0.004546,0.064709,0.005736,0.829399,0.005055,0.773890,0.005213,0.100108,0.003282,0.288820,0.001355,0.054695,0.000557,0.005253,0.001406,0.750455,0.003786,384
causal_intervention_belief_revision_v5,sparse_feedback,8,0.758995,0.005524,0.970087,0.015913,0.020835,0.004493,0.064047,0.005731,0.829068,0.004968,0.773615,0.005122,0.100047,0.003323,0.288340,0.001326,0.054997,0.000561,0.005072,0.001359,0.749832,0.003693,384
causal_intervention_belief_revision_v5,sparse_feedback,9,0.759165,0.005500,0.969745,0.015879,0.020865,0.004453,0.065017,0.005739,0.829428,0.005058,0.774367,0.005067,0.099942,0.003299,0.288719,0.001339,0.055210,0.000573,0.005151,0.001388,0.750185,0.003844,384
conformal_intervention_filter,combined_stress,0,0.501967,0.005606,0.001464,0.019830,0.236873,0.007086,0.388028,0.007868,0.467579,0.005050,0.394666,0.005098,0.183162,0.003275,0.421462,0.001377,0.062326,0.000782,0.146322,0.003384,0.443496,0.003883,384
conformal_intervention_filter,combined_stress,1,0.502469,0.005555,0.002029,0.019847,0.237087,0.007171,0.387650,0.007858,0.469024,0.004991,0.393337,0.005229,0.183289,0.003354,0.421346,0.001321,0.062333,0.000786,0.146827,0.003337,0.445092,0.003740,384
conformal_intervention_filter,combined_stress,2,0.502424,0.005571,0.002322,0.019797,0.236329,0.007086,0.389170,0.007869,0.469225,0.005047,0.394444,0.005105,0.182641,0.003274,0.421819,0.001312,0.062117,0.000739,0.146344,0.003310,0.445610,0.003821,384
conformal_intervention_filter,combined_stress,3,0.502112,0.005668,0.003375,0.019943,0.236743,0.007044,0.387190,0.007870,0.468882,0.004940,0.394316,0.005223,0.182488,0.003297,0.421583,0.001366,0.062218,0.000735,0.145907,0.003406,0.445645,0.003749,384
conformal_intervention_filter,combined_stress,4,0.503107,0.005504,0.002787,0.019653,0.237202,0.007010,0.388747,0.007827,0.469279,0.004927,0.394230,0.005088,0.182042,0.003330,0.422264,0.001387,0.062269,0.000766,0.146410,0.003341,0.443779,0.003850,384
conformal_intervention_filter,combined_stress,5,0.503107,0.005632,0.003095,0.019863,0.237973,0.007045,0.387901,0.007911,0.468913,0.004997,0.393088,0.005188,0.181848,0.003336,0.422295,0.001321,0.062763,0.000758,0.145822,0.003330,0.446300,0.003769,384
conformal_intervention_filter,combined_stress,6,0.501737,0.005464,0.001652,0.019675,0.236294,0.007064,0.388134,0.007820,0.468739,0.004950,0.393910,0.005111,0.182996,0.003363,0.422080,0.001371,0.062244,0.000797,0.146523,0.003321,0.444743,0.003810,384
conformal_intervention_filter,combined_stress,7,0.501312,0.005704,0.000166,0.019942,0.237226,0.007015,0.388959,0.007991,0.468990,0.004978,0.393550,0.005106,0.183169,0.003302,0.421554,0.001364,0.061980,0.000772,0.146478,0.003397,0.444955,0.003755,384
conformal_intervention_filter,combined_stress,8,0.501854,0.005498,0.002470,0.019637,0.236178,0.007070,0.387900,0.007798,0.467985,0.004881,0.395070,0.005089,0.182788,0.003355,0.422043,0.001310,0.062266,0.000795,0.146097,0.003325,0.445342,0.003888,384
conformal_intervention_filter,combined_stress,9,0.503098,0.005479,0.002949,0.019639,0.237200,0.007026,0.388474,0.007775,0.468645,0.004997,0.393372,0.005109,0.182374,0.003352,0.421554,0.001395,0.062312,0.000756,0.146108,0.003282,0.446341,0.003757,384
conformal_intervention_filter,in_distribution,0,0.596185,0.005576,0.339146,0.019725,0.175494,0.007050,0.227669,0.007811,0.512035,0.004980,0.447540,0.005027,0.154010,0.003295,0.275676,0.001366,0.068080,0.000789,0.110885,0.003341,0.444625,0.003819,384
conformal_intervention_filter,in_distribution,1,0.595544,0.005627,0.339175,0.019825,0.175542,0.007058,0.227161,0.007864,0.512995,0.004928,0.445457,0.005160,0.153531,0.003314,0.275053,0.001361,0.067776,0.000772,0.110993,0.003358,0.444996,0.003803,384
conformal_intervention_filter,in_distribution,2,0.595081,0.005483,0.338458,0.019711,0.174740,0.007117,0.227480,0.007790,0.512811,0.004971,0.446907,0.005232,0.154289,0.003324,0.275043,0.001317,0.068201,0.000729,0.111423,0.003344,0.444965,0.003907,384
conformal_intervention_filter,in_distribution,3,0.596794,0.005471,0.341759,0.019686,0.174355,0.007054,0.226512,0.007844,0.512989,0.004971,0.447083,0.005095,0.153650,0.003312,0.274666,0.001397,0.068309,0.000769,0.111179,0.003381,0.444816,0.003810,384
conformal_intervention_filter,in_distribution,4,0.595710,0.005615,0.340112,0.019817,0.173615,0.007097,0.227171,0.007887,0.512190,0.004869,0.447428,0.005092,0.153982,0.003316,0.275257,0.001349,0.068436,0.000813,0.111409,0.003398,0.445300,0.003834,384
conformal_intervention_filter,in_distribution,5,0.595705,0.005626,0.339673,0.019819,0.174466,0.007039,0.226880,0.007903,0.511875,0.005080,0.446464,0.005073,0.153892,0.003281,0.274959,0.001381,0.068749,0.000777,0.111133,0.003281,0.445123,0.003778,384
conformal_intervention_filter,in_distribution,6,0.595821,0.005477,0.340274,0.019691,0.174532,0.007036,0.227031,0.007910,0.512201,0.004889,0.446661,0.005154,0.153657,0.003302,0.274972,0.001323,0.068492,0.000766,0.110497,0.003373,0.445405,0.003778,384
conformal_intervention_filter,in_distribution,7,0.595328,0.005577,0.339086,0.019680,0.175361,0.007027,0.227645,0.007855,0.513356,0.004882,0.446897,0.005079,0.153208,0.003328,0.275570,0.001342,0.068402,0.000795,0.111010,0.003321,0.444802,0.003859,384
conformal_intervention_filter,in_distribution,8,0.596660,0.005444,0.340937,0.019568,0.174803,0.007107,0.226786,0.007740,0.511571,0.005053,0.447149,0.005125,0.153351,0.003257,0.274294,0.001359,0.068533,0.000728,0.111487,0.003380,0.444490,0.003917,384
conformal_intervention_filter,in_distribution,9,0.594437,0.005553,0.338975,0.019787,0.174950,0.007091,0.227083,0.007823,0.512783,0.005059,0.447959,0.005216,0.153603,0.003300,0.274389,0.001384,0.068056,0.000822,0.111081,0.003345,0.444362,0.003818,384
conformal_intervention_filter,long_horizon_recovery,0,0.542840,0.005646,0.140966,0.019832,0.200851,0.007102,0.331581,0.007780,0.492961,0.004986,0.395703,0.005210,0.165794,0.003324,0.373139,0.001399,0.064288,0.000732,0.130743,0.003312,0.444089,0.003739,384
conformal_intervention_filter,long_horizon_recovery,1,0.541200,0.005640,0.138919,0.019920,0.200679,0.007160,0.332578,0.007865,0.494232,0.005022,0.395477,0.005181,0.166132,0.003296,0.372815,0.001311,0.063941,0.000739,0.131061,0.003350,0.445283,0.003784,384
conformal_intervention_filter,long_horizon_recovery,2,0.540079,0.005514,0.138154,0.019602,0.200707,0.007007,0.331863,0.007763,0.493577,0.005005,0.394377,0.005043,0.165870,0.003339,0.372500,0.001304,0.064219,0.000737,0.130992,0.003293,0.445343,0.003801,384
conformal_intervention_filter,long_horizon_recovery,3,0.540602,0.005563,0.138936,0.019842,0.201188,0.007170,0.332181,0.007840,0.494526,0.004982,0.396044,0.005117,0.165707,0.003306,0.372265,0.001392,0.064325,0.000799,0.130983,0.003362,0.445688,0.003903,384
conformal_intervention_filter,long_horizon_recovery,4,0.540188,0.005592,0.137621,0.019835,0.200967,0.007137,0.332339,0.007799,0.493758,0.004969,0.395076,0.005152,0.165977,0.003301,0.372831,0.001407,0.065519,0.000773,0.130852,0.003338,0.445548,0.003768,384
conformal_intervention_filter,long_horizon_recovery,5,0.541383,0.005561,0.139748,0.019786,0.200636,0.007031,0.331318,0.007797,0.494601,0.005069,0.394163,0.005135,0.166304,0.003322,0.372595,0.001379,0.064528,0.000724,0.130672,0.003320,0.444905,0.003818,384
conformal_intervention_filter,long_horizon_recovery,6,0.541000,0.005629,0.139126,0.019735,0.201725,0.007080,0.331213,0.007786,0.494174,0.004975,0.395122,0.005008,0.165902,0.003318,0.373170,0.001331,0.064356,0.000755,0.130669,0.003355,0.445620,0.003754,384
conformal_intervention_filter,long_horizon_recovery,7,0.540209,0.005513,0.137797,0.019661,0.201324,0.007050,0.332208,0.007795,0.494422,0.004964,0.394932,0.005109,0.165622,0.003314,0.372413,0.001372,0.064609,0.000733,0.131658,0.003316,0.445059,0.003781,384
conformal_intervention_filter,long_horizon_recovery,8,0.540349,0.005593,0.138277,0.019827,0.201669,0.007066,0.331217,0.007868,0.493978,0.005035,0.395412,0.005129,0.166104,0.003368,0.372707,0.001367,0.064934,0.000794,0.130711,0.003290,0.444605,0.003887,384
conformal_intervention_filter,long_horizon_recovery,9,0.540650,0.005602,0.138847,0.019833,0.201229,0.007082,0.332160,0.007758,0.495159,0.004851,0.395945,0.005132,0.165878,0.003383,0.372357,0.001365,0.064424,0.000743,0.130724,0.003326,0.443715,0.003773,384
conformal_intervention_filter,new_operator_interventions,0,0.562223,0.005512,0.219575,0.019842,0.194939,0.007136,0.287140,0.007862,0.492099,0.005002,0.435380,0.005166,0.168060,0.003360,0.315214,0.001386,0.065405,0.000785,0.123674,0.003357,0.445517,0.003783,384
conformal_intervention_filter,new_operator_interventions,1,0.562281,0.005601,0.221473,0.019843,0.194575,0.007096,0.285763,0.007882,0.491599,0.004929,0.435616,0.005137,0.167333,0.003367,0.315308,0.001369,0.065868,0.000774,0.123052,0.003330,0.446043,0.003795,384
conformal_intervention_filter,new_operator_interventions,2,0.560687,0.005513,0.218860,0.019822,0.194811,0.007095,0.286726,0.007905,0.492109,0.004935,0.435931,0.005157,0.167427,0.003294,0.314341,0.001312,0.066345,0.000798,0.123842,0.003350,0.444264,0.003864,384
conformal_intervention_filter,new_operator_interventions,3,0.561193,0.005483,0.219337,0.019700,0.193915,0.007074,0.287462,0.007838,0.491356,0.004949,0.436082,0.005104,0.167847,0.003288,0.314824,0.001330,0.065458,0.000759,0.123071,0.003384,0.444409,0.003859,384
conformal_intervention_filter,new_operator_interventions,4,0.560791,0.005423,0.218500,0.019512,0.194627,0.007030,0.286830,0.007846,0.491741,0.005034,0.435004,0.005061,0.168062,0.003277,0.314896,0.001338,0.065979,0.000786,0.123279,0.003321,0.445065,0.003822,384
conformal_intervention_filter,new_operator_interventions,5,0.562031,0.005337,0.220108,0.019644,0.194355,0.007103,0.286931,0.007867,0.491131,0.005147,0.435121,0.005085,0.167201,0.003381,0.314647,0.001367,0.066198,0.000785,0.123688,0.003348,0.444514,0.003785,384
conformal_intervention_filter,new_operator_interventions,6,0.561434,0.005497,0.218985,0.019700,0.194875,0.007031,0.286770,0.007779,0.491985,0.004944,0.435029,0.005089,0.168028,0.003349,0.314716,0.001346,0.066535,0.000761,0.123164,0.003321,0.444014,0.003844,384
conformal_intervention_filter,new_operator_interventions,7,0.560736,0.005662,0.219779,0.019938,0.194447,0.007058,0.286437,0.007915,0.492506,0.004977,0.436783,0.005082,0.167435,0.003308,0.315018,0.001304,0.066203,0.000797,0.123252,0.003384,0.444909,0.003824,384
conformal_intervention_filter,new_operator_interventions,8,0.562029,0.005650,0.219886,0.019783,0.194824,0.007076,0.287059,0.007840,0.491895,0.005030,0.434182,0.005156,0.167291,0.003285,0.315021,0.001275,0.066028,0.000797,0.123005,0.003359,0.444779,0.003790,384
conformal_intervention_filter,new_operator_interventions,9,0.561657,0.005496,0.219713,0.019660,0.194624,0.007120,0.286526,0.007771,0.492135,0.004944,0.435574,0.005083,0.167744,0.003357,0.315770,0.001348,0.066259,0.000794,0.123344,0.003318,0.445174,0.003834,384
conformal_intervention_filter,sparse_feedback,0,0.532953,0.005570,0.111265,0.019727,0.237433,0.007095,0.318856,0.007732,0.482506,0.004965,0.425167,0.005120,0.173699,0.003301,0.382020,0.001306,0.063715,0.000763,0.136490,0.003297,0.444971,0.003843,384
conformal_intervention_filter,sparse_feedback,1,0.532080,0.005517,0.109381,0.019832,0.237513,0.007067,0.319886,0.007937,0.482051,0.005034,0.425919,0.005043,0.173863,0.003317,0.381370,0.001351,0.064325,0.000744,0.136820,0.003335,0.443929,0.003809,384
conformal_intervention_filter,sparse_feedback,2,0.532332,0.005675,0.110980,0.019957,0.236790,0.007179,0.319070,0.007768,0.482530,0.004914,0.426889,0.005112,0.174409,0.003303,0.381684,0.001405,0.063769,0.000825,0.136214,0.003344,0.445071,0.003914,384
conformal_intervention_filter,sparse_feedback,3,0.532557,0.005525,0.110784,0.019724,0.235855,0.007032,0.320480,0.007861,0.482159,0.005035,0.425311,0.005075,0.173909,0.003353,0.382114,0.001395,0.063739,0.000775,0.135923,0.003308,0.445578,0.003802,384
conformal_intervention_filter,sparse_feedback,4,0.532623,0.005690,0.110421,0.019914,0.236608,0.007024,0.319904,0.007851,0.481581,0.004986,0.426561,0.005180,0.174076,0.003326,0.381749,0.001363,0.064085,0.000769,0.136891,0.003395,0.445573,0.003858,384
conformal_intervention_filter,sparse_feedback,5,0.531190,0.005480,0.107924,0.019666,0.236775,0.007053,0.321026,0.007850,0.482074,0.005017,0.426360,0.005114,0.174173,0.003289,0.382318,0.001366,0.064019,0.000779,0.136701,0.003381,0.444048,0.003904,384
conformal_intervention_filter,sparse_feedback,6,0.534324,0.005504,0.111426,0.019758,0.236952,0.007134,0.320354,0.007890,0.481109,0.005011,0.424838,0.005126,0.173817,0.003348,0.381519,0.001354,0.064011,0.000766,0.136585,0.003355,0.445275,0.003847,384
conformal_intervention_filter,sparse_feedback,7,0.532180,0.005553,0.109355,0.019779,0.237191,0.007117,0.320071,0.007894,0.481796,0.004912,0.425972,0.005133,0.174345,0.003304,0.381078,0.001330,0.064092,0.000807,0.136901,0.003330,0.445064,0.003760,384
conformal_intervention_filter,sparse_feedback,8,0.532571,0.005486,0.109971,0.019665,0.236322,0.007035,0.320292,0.007831,0.482609,0.004927,0.425554,0.005167,0.174220,0.003323,0.381988,0.001398,0.064716,0.000792,0.136817,0.003335,0.444893,0.003790,384
conformal_intervention_filter,sparse_feedback,9,0.532282,0.005393,0.110909,0.019663,0.236146,0.007154,0.319916,0.007777,0.482035,0.004993,0.426284,0.005213,0.173919,0.003293,0.381907,0.001436,0.064653,0.000789,0.135705,0.003323,0.445979,0.003777,384
ensemble_disagreement_revision,combined_stress,0,0.479044,0.005442,-0.114155,0.019588,0.276471,0.007058,0.423422,0.007807,0.430191,0.004943,0.373846,0.005069,0.202019,0.003351,0.416499,0.001410,0.067010,0.000748,0.180452,0.003300,0.416323,0.003668,384
ensemble_disagreement_revision,combined_stress,1,0.477883,0.005647,-0.116922,0.019967,0.276533,0.007163,0.424449,0.007842,0.428752,0.005008,0.373732,0.005167,0.202139,0.003315,0.417676,0.001347,0.066259,0.000703,0.180955,0.003345,0.415846,0.003764,384
ensemble_disagreement_revision,combined_stress,2,0.476510,0.005596,-0.116957,0.019847,0.277364,0.007074,0.423038,0.007846,0.430810,0.004933,0.373813,0.005119,0.202309,0.003406,0.417669,0.001342,0.066485,0.000764,0.179927,0.003314,0.416434,0.003771,384
ensemble_disagreement_revision,combined_stress,3,0.476530,0.005550,-0.118548,0.019829,0.277076,0.007115,0.423735,0.007879,0.429459,0.004980,0.373886,0.005148,0.202931,0.003353,0.417561,0.001363,0.067119,0.000774,0.180993,0.003341,0.416469,0.003822,384
ensemble_disagreement_revision,combined_stress,4,0.477691,0.005519,-0.116655,0.019731,0.277026,0.007165,0.423283,0.007825,0.431329,0.005102,0.372934,0.005094,0.203400,0.003245,0.417521,0.001333,0.066173,0.000768,0.180315,0.003284,0.416684,0.003739,384
ensemble_disagreement_revision,combined_stress,5,0.477955,0.005634,-0.116462,0.019917,0.276879,0.007131,0.423769,0.007827,0.429962,0.004956,0.374204,0.005098,0.202890,0.003318,0.417600,0.001372,0.066682,0.000685,0.180477,0.003377,0.417237,0.003930,384
ensemble_disagreement_revision,combined_stress,6,0.477984,0.005589,-0.116997,0.019748,0.278136,0.007030,0.423386,0.007786,0.429806,0.004964,0.373535,0.005090,0.202586,0.003302,0.417682,0.001315,0.066522,0.000734,0.180514,0.003350,0.416417,0.003716,384
ensemble_disagreement_revision,combined_stress,7,0.476322,0.005601,-0.118035,0.019836,0.277729,0.007082,0.423079,0.007848,0.429651,0.005104,0.372698,0.005133,0.202699,0.003285,0.416839,0.001337,0.066379,0.000753,0.180209,0.003332,0.416921,0.003778,384
ensemble_disagreement_revision,combined_stress,8,0.476459,0.005563,-0.118114,0.019775,0.277354,0.007120,0.423851,0.007809,0.430707,0.005054,0.371951,0.005077,0.202286,0.003343,0.417259,0.001275,0.066827,0.000749,0.180322,0.003352,0.416457,0.003717,384
ensemble_disagreement_revision,combined_stress,9,0.475892,0.005550,-0.118127,0.019803,0.276930,0.007092,0.423672,0.007788,0.429305,0.004981,0.372971,0.005136,0.201988,0.003344,0.416776,0.001406,0.067089,0.000783,0.180272,0.003392,0.416045,0.003772,384
ensemble_disagreement_revision,in_distribution,0,0.570400,0.005553,0.219743,0.019653,0.215030,0.007008,0.262865,0.007818,0.473139,0.005022,0.426741,0.005056,0.173118,0.003306,0.270909,0.001330,0.073274,0.000941,0.145786,0.003278,0.416050,0.003858,384
ensemble_disagreement_revision,in_distribution,1,0.570584,0.005612,0.219288,0.019833,0.215439,0.007072,0.264159,0.007843,0.473725,0.005053,0.425101,0.005162,0.172697,0.003366,0.270090,0.001312,0.073619,0.000828,0.145579,0.003351,0.418147,0.003868,384
ensemble_disagreement_revision,in_distribution,2,0.569319,0.005596,0.219180,0.019754,0.215403,0.007026,0.262589,0.007835,0.474072,0.004928,0.426324,0.005077,0.172999,0.003375,0.270740,0.001294,0.072401,0.000873,0.145902,0.003304,0.417522,0.003858,384
ensemble_disagreement_revision,in_distribution,3,0.569675,0.005611,0.218565,0.019853,0.216375,0.007023,0.263027,0.007796,0.474611,0.005000,0.426242,0.005154,0.173555,0.003334,0.269960,0.001405,0.072857,0.000885,0.145364,0.003364,0.416485,0.003905,384
ensemble_disagreement_revision,in_distribution,4,0.571053,0.005573,0.221133,0.019875,0.214909,0.007079,0.262400,0.007896,0.473928,0.005036,0.425692,0.005118,0.173316,0.003367,0.270301,0.001296,0.072345,0.000830,0.145741,0.003386,0.417760,0.003659,384
ensemble_disagreement_revision,in_distribution,5,0.570510,0.005554,0.220393,0.019673,0.214970,0.007125,0.262230,0.007809,0.474429,0.004957,0.425517,0.005194,0.173703,0.003262,0.270404,0.001332,0.073451,0.000880,0.145320,0.003340,0.417541,0.003745,384
ensemble_disagreement_revision,in_distribution,6,0.571119,0.005532,0.219105,0.019752,0.215278,0.007070,0.263608,0.007776,0.472890,0.005043,0.426136,0.005135,0.173447,0.003382,0.271365,0.001348,0.073437,0.000909,0.145914,0.003365,0.415713,0.003761,384
ensemble_disagreement_revision,in_distribution,7,0.569692,0.005618,0.217908,0.019730,0.215283,0.007072,0.263746,0.007831,0.473329,0.004881,0.426220,0.005117,0.173933,0.003298,0.270163,0.001353,0.072651,0.000863,0.145983,0.003328,0.416576,0.003794,384
ensemble_disagreement_revision,in_distribution,8,0.570210,0.005640,0.219138,0.019907,0.215291,0.007183,0.263704,0.007748,0.474639,0.005077,0.425910,0.005208,0.173267,0.003327,0.270883,0.001379,0.072898,0.000865,0.145467,0.003386,0.416495,0.003781,384
ensemble_disagreement_revision,in_distribution,9,0.570158,0.005718,0.220199,0.019865,0.214531,0.007026,0.262576,0.007853,0.474264,0.005002,0.425957,0.005187,0.173350,0.003283,0.271061,0.001358,0.072656,0.000865,0.145505,0.003309,0.416549,0.003810,384
ensemble_disagreement_revision,long_horizon_recovery,0,0.516139,0.005542,0.019988,0.019729,0.240786,0.007075,0.367111,0.007809,0.455294,0.005003,0.373925,0.004916,0.185925,0.003325,0.368159,0.001278,0.068858,0.000792,0.165537,0.003379,0.417871,0.003801,384
ensemble_disagreement_revision,long_horizon_recovery,1,0.517014,0.005490,0.019572,0.019708,0.241510,0.007105,0.368060,0.007861,0.455317,0.005070,0.374652,0.005075,0.186165,0.003322,0.368848,0.001413,0.068581,0.000817,0.165172,0.003341,0.416043,0.003756,384
ensemble_disagreement_revision,long_horizon_recovery,2,0.513496,0.005670,0.016956,0.019803,0.241416,0.007091,0.367870,0.007820,0.456429,0.005030,0.375472,0.005075,0.185792,0.003308,0.368939,0.001392,0.068526,0.000802,0.165405,0.003280,0.416398,0.003812,384
ensemble_disagreement_revision,long_horizon_recovery,3,0.517148,0.005514,0.019635,0.019829,0.241720,0.007109,0.368080,0.007933,0.455378,0.004985,0.374550,0.005156,0.185912,0.003340,0.368429,0.001304,0.068406,0.000793,0.165693,0.003358,0.415814,0.003854,384
ensemble_disagreement_revision,long_horizon_recovery,4,0.516104,0.005615,0.020045,0.019872,0.241298,0.007133,0.367054,0.007834,0.456547,0.004920,0.374915,0.005223,0.185840,0.003296,0.368857,0.001336,0.068286,0.000810,0.165739,0.003376,0.417288,0.003854,384
ensemble_disagreement_revision,long_horizon_recovery,5,0.516321,0.005483,0.021328,0.019752,0.239798,0.007131,0.367165,0.007781,0.455348,0.005031,0.375446,0.005127,0.185788,0.003333,0.368642,0.001355,0.069541,0.000755,0.164715,0.003362,0.418450,0.003821,384
ensemble_disagreement_revision,long_horizon_recovery,6,0.515379,0.005503,0.019106,0.019594,0.241044,0.007001,0.367423,0.007855,0.455499,0.004926,0.374300,0.005111,0.185760,0.003263,0.368247,0.001312,0.069280,0.000850,0.165191,0.003353,0.417400,0.003790,384
ensemble_disagreement_revision,long_horizon_recovery,7,0.515472,0.005582,0.019809,0.019832,0.241063,0.007088,0.366597,0.007832,0.455448,0.005035,0.374969,0.005118,0.186232,0.003330,0.368500,0.001383,0.068673,0.000814,0.164691,0.003373,0.417248,0.003860,384
ensemble_disagreement_revision,long_horizon_recovery,8,0.515820,0.005572,0.020619,0.019744,0.241586,0.007054,0.366767,0.007797,0.456407,0.005032,0.375593,0.005093,0.185427,0.003294,0.367490,0.001354,0.068750,0.000809,0.165065,0.003377,0.415992,0.003861,384
ensemble_disagreement_revision,long_horizon_recovery,9,0.515182,0.005577,0.018035,0.019835,0.241851,0.007078,0.367787,0.007881,0.454294,0.005057,0.375381,0.005145,0.185782,0.003306,0.368018,0.001323,0.069375,0.000802,0.165301,0.003350,0.416893,0.003899,384
ensemble_disagreement_revision,new_operator_interventions,0,0.536814,0.005469,0.100994,0.019579,0.234624,0.007009,0.322037,0.007846,0.454450,0.004865,0.414095,0.005125,0.187422,0.003263,0.310346,0.001349,0.070925,0.000865,0.157542,0.003320,0.416262,0.003761,384
ensemble_disagreement_revision,new_operator_interventions,1,0.536025,0.005520,0.098765,0.019745,0.235002,0.007126,0.323188,0.007854,0.452617,0.004973,0.414562,0.005144,0.187108,0.003347,0.311396,0.001384,0.070501,0.000847,0.157738,0.003297,0.415927,0.003855,384
ensemble_disagreement_revision,new_operator_interventions,2,0.536206,0.005720,0.098480,0.019921,0.235303,0.007161,0.322325,0.007806,0.452826,0.004973,0.414661,0.005080,0.188180,0.003363,0.310900,0.001365,0.070514,0.000845,0.158479,0.003309,0.415976,0.003782,384
ensemble_disagreement_revision,new_operator_interventions,3,0.537499,0.005707,0.102037,0.019920,0.234248,0.007087,0.322716,0.007845,0.453864,0.005042,0.415753,0.005026,0.187218,0.003325,0.310022,0.001341,0.070746,0.000855,0.157518,0.003326,0.417386,0.003785,384
ensemble_disagreement_revision,new_operator_interventions,4,0.537650,0.005657,0.102081,0.019799,0.234629,0.007029,0.322455,0.007865,0.453252,0.004959,0.415832,0.005128,0.187033,0.003295,0.310545,0.001278,0.069908,0.000849,0.157569,0.003372,0.416754,0.003881,384
ensemble_disagreement_revision,new_operator_interventions,5,0.535686,0.005518,0.099284,0.019830,0.235121,0.007110,0.322058,0.007912,0.453190,0.004952,0.414931,0.005071,0.187453,0.003360,0.311160,0.001352,0.069603,0.000842,0.158186,0.003388,0.417037,0.003891,384
ensemble_disagreement_revision,new_operator_interventions,6,0.536041,0.005559,0.100226,0.019732,0.234181,0.007004,0.322096,0.007907,0.453102,0.005013,0.414139,0.005073,0.186989,0.003295,0.311344,0.001389,0.070608,0.000837,0.157531,0.003265,0.415770,0.003834,384
ensemble_disagreement_revision,new_operator_interventions,7,0.536319,0.005421,0.098703,0.019656,0.235866,0.007039,0.323613,0.007872,0.452678,0.004980,0.414595,0.005042,0.187408,0.003347,0.310134,0.001340,0.069988,0.000871,0.157405,0.003382,0.416987,0.003853,384
ensemble_disagreement_revision,new_operator_interventions,8,0.536387,0.005625,0.099488,0.019875,0.235854,0.007045,0.322495,0.007892,0.451625,0.005016,0.415569,0.005086,0.187296,0.003297,0.310165,0.001363,0.071460,0.000834,0.156936,0.003375,0.416906,0.003769,384
ensemble_disagreement_revision,new_operator_interventions,9,0.535864,0.005628,0.099513,0.019765,0.235113,0.007079,0.322690,0.007754,0.453992,0.004939,0.415651,0.005060,0.187212,0.003334,0.310394,0.001302,0.069997,0.000847,0.158116,0.003323,0.415214,0.003818,384
ensemble_disagreement_revision,sparse_feedback,0,0.507298,0.005532,-0.010285,0.019814,0.277619,0.007025,0.355467,0.007906,0.442859,0.004953,0.405525,0.005190,0.194357,0.003322,0.377440,0.001396,0.069294,0.000825,0.170602,0.003354,0.415959,0.003845,384
ensemble_disagreement_revision,sparse_feedback,1,0.506976,0.005528,-0.010386,0.019752,0.277298,0.007035,0.355437,0.007843,0.444236,0.004959,0.404489,0.005205,0.194413,0.003344,0.377635,0.001372,0.068257,0.000844,0.171325,0.003266,0.416741,0.003863,384
ensemble_disagreement_revision,sparse_feedback,2,0.508843,0.005497,-0.008268,0.019694,0.277264,0.007059,0.355957,0.007838,0.442765,0.005066,0.404504,0.005118,0.193631,0.003278,0.377451,0.001380,0.067672,0.000771,0.170754,0.003318,0.416883,0.003822,384
ensemble_disagreement_revision,sparse_feedback,3,0.509065,0.005496,-0.008086,0.019781,0.277590,0.007052,0.355814,0.007935,0.443312,0.004930,0.405631,0.005231,0.193838,0.003290,0.377349,0.001331,0.068518,0.000778,0.170663,0.003371,0.416288,0.003825,384
ensemble_disagreement_revision,sparse_feedback,4,0.506754,0.005540,-0.010246,0.019805,0.277312,0.007088,0.355210,0.007834,0.443283,0.005019,0.405462,0.005137,0.194028,0.003342,0.377611,0.001355,0.069014,0.000786,0.170965,0.003335,0.416129,0.003727,384
ensemble_disagreement_revision,sparse_feedback,5,0.507200,0.005551,-0.008570,0.019740,0.276870,0.007135,0.355349,0.007799,0.443757,0.004993,0.406224,0.005086,0.193415,0.003245,0.377247,0.001275,0.069124,0.000791,0.170605,0.003314,0.417294,0.003762,384
ensemble_disagreement_revision,sparse_feedback,6,0.507923,0.005505,-0.008901,0.019641,0.276920,0.007100,0.355080,0.007850,0.442204,0.004989,0.404979,0.005114,0.194042,0.003310,0.377540,0.001346,0.068789,0.000817,0.170663,0.003264,0.416634,0.003849,384
ensemble_disagreement_revision,sparse_feedback,7,0.507278,0.005575,-0.008257,0.019697,0.276522,0.007011,0.355147,0.007789,0.443462,0.004931,0.406484,0.005229,0.193651,0.003290,0.377161,0.001346,0.068742,0.000772,0.170911,0.003294,0.418209,0.003811,384
ensemble_disagreement_revision,sparse_feedback,8,0.508682,0.005589,-0.007531,0.019803,0.276528,0.007042,0.355481,0.007792,0.443719,0.004862,0.405009,0.005214,0.193864,0.003347,0.376939,0.001389,0.068267,0.000817,0.170742,0.003333,0.416026,0.003820,384
ensemble_disagreement_revision,sparse_feedback,9,0.506914,0.005544,-0.008886,0.019828,0.276605,0.007115,0.355501,0.007839,0.443923,0.004961,0.405868,0.005186,0.193307,0.003348,0.377321,0.001329,0.068632,0.000803,0.170699,0.003335,0.415558,0.003871,384
human_intervention_revision,combined_stress,0,0.545551,0.005508,0.137395,0.019776,0.210675,0.007112,0.330015,0.007855,0.547201,0.005052,0.464510,0.005214,0.179230,0.003313,0.452694,0.001357,0.068549,0.000896,0.146359,0.003393,0.527902,0.003780,384
human_intervention_revision,combined_stress,1,0.544269,0.005554,0.136753,0.019693,0.209590,0.007061,0.330227,0.007829,0.546519,0.004925,0.464500,0.005112,0.178370,0.003284,0.452424,0.001325,0.070040,0.000915,0.146781,0.003312,0.528319,0.003797,384
human_intervention_revision,combined_stress,2,0.542732,0.005676,0.134321,0.019888,0.211007,0.007108,0.330240,0.007801,0.546285,0.005001,0.464670,0.005195,0.178683,0.003317,0.453040,0.001371,0.069233,0.000838,0.145942,0.003366,0.526848,0.003898,384
human_intervention_revision,combined_stress,3,0.545036,0.005635,0.136294,0.019830,0.210762,0.007140,0.331020,0.007785,0.546425,0.005035,0.464568,0.005132,0.178420,0.003320,0.452788,0.001343,0.068666,0.000852,0.146961,0.003317,0.528424,0.003802,384
human_intervention_revision,combined_stress,4,0.543853,0.005647,0.136370,0.019823,0.210362,0.007106,0.329491,0.007813,0.547780,0.004944,0.465959,0.005139,0.179526,0.003315,0.452607,0.001370,0.069029,0.000796,0.146522,0.003354,0.527650,0.003768,384
human_intervention_revision,combined_stress,5,0.545861,0.005623,0.136748,0.019768,0.210570,0.007082,0.330261,0.007650,0.546524,0.005061,0.463631,0.005202,0.179657,0.003320,0.453087,0.001316,0.069480,0.000879,0.146243,0.003388,0.528479,0.003755,384
human_intervention_revision,combined_stress,6,0.545481,0.005611,0.137021,0.019792,0.211070,0.007010,0.330559,0.007770,0.547070,0.004983,0.465522,0.005234,0.178942,0.003338,0.452524,0.001345,0.068314,0.000832,0.146668,0.003296,0.527499,0.003865,384
human_intervention_revision,combined_stress,7,0.543650,0.005456,0.136390,0.019676,0.210030,0.007097,0.330321,0.007809,0.547463,0.005017,0.464859,0.005220,0.178628,0.003340,0.452806,0.001301,0.068847,0.000890,0.145857,0.003298,0.527673,0.003838,384
human_intervention_revision,combined_stress,8,0.543454,0.005546,0.134534,0.019755,0.210407,0.007087,0.330269,0.007855,0.546107,0.005010,0.463558,0.005010,0.179216,0.003316,0.453343,0.001324,0.068661,0.000866,0.146586,0.003356,0.527447,0.003802,384
human_intervention_revision,combined_stress,9,0.543266,0.005584,0.135222,0.019730,0.210361,0.007065,0.330724,0.007823,0.546465,0.004978,0.466462,0.005083,0.178880,0.003310,0.452378,0.001370,0.069114,0.000831,0.146424,0.003326,0.527113,0.003788,384
human_intervention_revision,in_distribution,0,0.636730,0.005587,0.472646,0.019855,0.148028,0.007110,0.169037,0.007854,0.590447,0.004946,0.517377,0.005168,0.149808,0.003248,0.306527,0.001372,0.075607,0.000828,0.111891,0.003373,0.528985,0.003751,384
human_intervention_revision,in_distribution,1,0.637521,0.005549,0.473397,0.019798,0.147991,0.007037,0.169150,0.007838,0.590963,0.005003,0.517085,0.005069,0.150100,0.003316,0.306255,0.001320,0.075612,0.000918,0.111267,0.003348,0.527496,0.003868,384
human_intervention_revision,in_distribution,2,0.636971,0.005709,0.472119,0.019993,0.149113,0.007085,0.169535,0.007912,0.591113,0.004939,0.517799,0.005268,0.150324,0.003371,0.305894,0.001361,0.075263,0.000930,0.111326,0.003348,0.528046,0.003839,384
human_intervention_revision,in_distribution,3,0.636622,0.005426,0.472736,0.019614,0.148262,0.007030,0.168558,0.007872,0.589861,0.004932,0.517964,0.005138,0.150251,0.003324,0.306414,0.001359,0.075390,0.000876,0.111016,0.003288,0.527938,0.003828,384
human_intervention_revision,in_distribution,4,0.637862,0.005657,0.473526,0.019843,0.147768,0.007042,0.169499,0.007879,0.590651,0.005006,0.516812,0.005247,0.150411,0.003315,0.305896,0.001299,0.075675,0.000887,0.110671,0.003314,0.526777,0.003845,384
human_intervention_revision,in_distribution,5,0.638179,0.005456,0.473772,0.019553,0.148172,0.007031,0.169083,0.007746,0.590088,0.004900,0.517461,0.005131,0.150021,0.003318,0.306685,0.001411,0.075547,0.000879,0.111535,0.003336,0.528262,0.003879,384
human_intervention_revision,in_distribution,6,0.637770,0.005479,0.474244,0.019637,0.148538,0.007040,0.168749,0.007784,0.591379,0.005066,0.518185,0.005148,0.149875,0.003265,0.305588,0.001355,0.075389,0.000822,0.111473,0.003334,0.527748,0.003769,384
human_intervention_revision,in_distribution,7,0.638048,0.005720,0.474122,0.019958,0.148189,0.007130,0.169239,0.007875,0.590986,0.005028,0.518995,0.005158,0.150191,0.003262,0.305962,0.001340,0.076042,0.000921,0.111151,0.003356,0.527429,0.003797,384
human_intervention_revision,in_distribution,8,0.636327,0.005367,0.471875,0.019657,0.148611,0.007177,0.169234,0.007849,0.591643,0.005051,0.517388,0.005121,0.149879,0.003322,0.306331,0.001410,0.075812,0.000833,0.111606,0.003368,0.526529,0.003738,384
human_intervention_revision,in_distribution,9,0.637025,0.005576,0.473097,0.019749,0.148300,0.007149,0.169402,0.007787,0.591194,0.004946,0.518187,0.005127,0.149966,0.003293,0.306148,0.001318,0.075915,0.000855,0.111144,0.003383,0.528904,0.003638,384
human_intervention_revision,long_horizon_recovery,0,0.583035,0.005407,0.273071,0.019677,0.174695,0.007083,0.272954,0.007845,0.571554,0.005004,0.466860,0.005077,0.162296,0.003352,0.404153,0.001347,0.071878,0.000825,0.131502,0.003348,0.527335,0.003832,384
human_intervention_revision,long_horizon_recovery,1,0.583043,0.005366,0.272660,0.019588,0.174677,0.007017,0.273305,0.007872,0.571526,0.005018,0.467040,0.005157,0.162908,0.003367,0.404158,0.001439,0.071749,0.000842,0.131177,0.003351,0.527949,0.003818,384
human_intervention_revision,long_horizon_recovery,2,0.583687,0.005471,0.274322,0.019734,0.174839,0.007074,0.272254,0.007858,0.571894,0.004937,0.465883,0.005129,0.162078,0.003310,0.403812,0.001346,0.072440,0.000852,0.131262,0.003376,0.528431,0.003755,384
human_intervention_revision,long_horizon_recovery,3,0.580829,0.005444,0.271989,0.019639,0.174926,0.007077,0.272275,0.007817,0.571870,0.004976,0.466696,0.005148,0.162110,0.003353,0.403340,0.001318,0.071301,0.000861,0.131006,0.003322,0.527721,0.003931,384
human_intervention_revision,long_horizon_recovery,4,0.583325,0.005560,0.273355,0.019751,0.174629,0.007038,0.273606,0.007836,0.571947,0.004995,0.465895,0.005104,0.161786,0.003283,0.404260,0.001380,0.071698,0.000848,0.131182,0.003367,0.527550,0.003794,384
human_intervention_revision,long_horizon_recovery,5,0.582463,0.005511,0.273035,0.019826,0.173729,0.007043,0.273380,0.007923,0.571670,0.004949,0.466977,0.005178,0.162405,0.003300,0.404294,0.001354,0.071468,0.000912,0.131339,0.003334,0.528673,0.003697,384
human_intervention_revision,long_horizon_recovery,6,0.583453,0.005646,0.272294,0.019843,0.175241,0.007123,0.273942,0.007794,0.572049,0.005065,0.466656,0.005063,0.162983,0.003383,0.403652,0.001401,0.071763,0.000848,0.131379,0.003296,0.527913,0.003794,384
human_intervention_revision,long_horizon_recovery,7,0.581497,0.005406,0.271661,0.019618,0.174141,0.007102,0.273585,0.007806,0.572379,0.005050,0.465025,0.005153,0.162239,0.003348,0.404453,0.001367,0.071711,0.000860,0.130530,0.003301,0.527287,0.003781,384
human_intervention_revision,long_horizon_recovery,8,0.582795,0.005534,0.271779,0.019772,0.174430,0.007121,0.274086,0.007792,0.570660,0.004938,0.466925,0.005072,0.162746,0.003337,0.403976,0.001342,0.071697,0.000818,0.131718,0.003361,0.528369,0.003767,384
human_intervention_revision,long_horizon_recovery,9,0.582008,0.005583,0.272236,0.019859,0.174159,0.007110,0.273560,0.007886,0.571647,0.004970,0.465786,0.005009,0.161866,0.003350,0.404041,0.001324,0.071735,0.000895,0.131250,0.003372,0.527357,0.003748,384
human_intervention_revision,new_operator_interventions,0,0.603015,0.005607,0.352087,0.019775,0.168428,0.006962,0.228673,0.007858,0.568223,0.004944,0.505736,0.005095,0.164284,0.003346,0.345910,0.001382,0.073342,0.000819,0.123560,0.003330,0.527785,0.003880,384
human_intervention_revision,new_operator_interventions,1,0.603443,0.005594,0.353572,0.019859,0.168305,0.007033,0.228492,0.007918,0.570028,0.004912,0.506771,0.005183,0.163806,0.003290,0.346523,0.001402,0.073312,0.000869,0.123647,0.003402,0.528265,0.003803,384
human_intervention_revision,new_operator_interventions,2,0.604762,0.005449,0.354998,0.019592,0.168310,0.007038,0.228511,0.007813,0.570270,0.004930,0.506425,0.005050,0.163629,0.003282,0.346184,0.001322,0.073260,0.000826,0.123789,0.003356,0.528278,0.003786,384
human_intervention_revision,new_operator_interventions,3,0.601670,0.005509,0.352190,0.019746,0.167938,0.007133,0.227459,0.007805,0.568746,0.005001,0.506635,0.005168,0.164219,0.003307,0.345892,0.001358,0.072551,0.000858,0.123948,0.003361,0.526752,0.003757,384
human_intervention_revision,new_operator_interventions,4,0.604436,0.005559,0.352799,0.019789,0.168631,0.007156,0.229459,0.007887,0.567947,0.004944,0.506120,0.005182,0.163867,0.003288,0.346424,0.001383,0.073541,0.000846,0.124135,0.003366,0.528697,0.003820,384
human_intervention_revision,new_operator_interventions,5,0.605491,0.005497,0.355484,0.019650,0.168505,0.007005,0.228157,0.007781,0.568589,0.005007,0.507359,0.005146,0.163815,0.003355,0.346490,0.001354,0.073381,0.000860,0.123502,0.003352,0.527869,0.003768,384
human_intervention_revision,new_operator_interventions,6,0.602480,0.005672,0.352258,0.019814,0.168585,0.007027,0.228273,0.007858,0.569138,0.004849,0.505426,0.005134,0.164333,0.003313,0.345737,0.001322,0.072874,0.000843,0.123203,0.003305,0.528864,0.003731,384
human_intervention_revision,new_operator_interventions,7,0.604813,0.005612,0.355111,0.019792,0.168434,0.007002,0.228192,0.007878,0.568961,0.004960,0.506790,0.005120,0.163201,0.003240,0.346723,0.001381,0.072645,0.000845,0.123748,0.003324,0.526686,0.003849,384
human_intervention_revision,new_operator_interventions,8,0.601199,0.005627,0.351686,0.019859,0.168127,0.007073,0.229030,0.007840,0.569366,0.004943,0.506910,0.005108,0.162975,0.003352,0.346161,0.001336,0.073484,0.000862,0.123642,0.003310,0.528726,0.003757,384
human_intervention_revision,new_operator_interventions,9,0.602587,0.005361,0.352371,0.019503,0.168425,0.007071,0.228420,0.007837,0.569316,0.004955,0.507063,0.005055,0.164048,0.003297,0.346413,0.001345,0.073186,0.000854,0.123961,0.003333,0.528466,0.003699,384
human_intervention_revision,sparse_feedback,0,0.575091,0.005567,0.245547,0.019615,0.210105,0.006994,0.260983,0.007805,0.559756,0.004840,0.497421,0.005162,0.170472,0.003316,0.412863,0.001313,0.071223,0.000918,0.136411,0.003353,0.527584,0.003827,384
human_intervention_revision,sparse_feedback,1,0.574696,0.005590,0.245091,0.019808,0.210424,0.007143,0.260689,0.007851,0.559399,0.004959,0.497034,0.005073,0.170046,0.003378,0.413156,0.001373,0.071431,0.000920,0.136699,0.003338,0.527840,0.003824,384
human_intervention_revision,sparse_feedback,2,0.572640,0.005448,0.241790,0.019644,0.210486,0.007059,0.262574,0.007873,0.560006,0.005123,0.495983,0.005074,0.170017,0.003325,0.412594,0.001346,0.071220,0.000852,0.136491,0.003371,0.526449,0.003764,384
human_intervention_revision,sparse_feedback,3,0.574165,0.005496,0.243826,0.019665,0.210388,0.006993,0.261993,0.007799,0.561279,0.004916,0.496370,0.005092,0.170632,0.003341,0.412552,0.001414,0.070934,0.000824,0.136655,0.003336,0.527725,0.003805,384
human_intervention_revision,sparse_feedback,4,0.573783,0.005547,0.243100,0.019820,0.210348,0.007142,0.262108,0.007824,0.559634,0.004984,0.496518,0.005189,0.170428,0.003311,0.412815,0.001382,0.071294,0.000827,0.136391,0.003317,0.527217,0.003718,384
human_intervention_revision,sparse_feedback,5,0.574050,0.005631,0.244344,0.019774,0.210528,0.007021,0.260700,0.007817,0.559208,0.004938,0.495860,0.005108,0.170178,0.003315,0.412164,0.001367,0.071530,0.000854,0.136393,0.003332,0.527751,0.003732,384
human_intervention_revision,sparse_feedback,6,0.573770,0.005454,0.243440,0.019596,0.210041,0.007116,0.261191,0.007803,0.558949,0.004927,0.496582,0.005105,0.170596,0.003300,0.412931,0.001347,0.071720,0.000849,0.136816,0.003326,0.528067,0.003756,384
human_intervention_revision,sparse_feedback,7,0.574320,0.005644,0.243668,0.019742,0.210661,0.007027,0.261711,0.007841,0.559408,0.004946,0.497240,0.005080,0.170526,0.003299,0.412803,0.001362,0.070801,0.000888,0.136930,0.003272,0.527690,0.003793,384
human_intervention_revision,sparse_feedback,8,0.572529,0.005579,0.242300,0.019714,0.210889,0.007029,0.261512,0.007751,0.559762,0.004980,0.498571,0.005061,0.170179,0.003308,0.413014,0.001347,0.071511,0.000807,0.137010,0.003309,0.527633,0.003842,384
human_intervention_revision,sparse_feedback,9,0.575053,0.005526,0.245741,0.019740,0.210082,0.007113,0.261328,0.007733,0.559053,0.004926,0.497384,0.005140,0.169803,0.003366,0.412573,0.001340,0.071142,0.000790,0.136350,0.003258,0.527943,0.003818,384
no_revision_belief,combined_stress,0,0.334552,0.005608,-0.543507,0.020078,0.379854,0.007103,0.554282,0.007831,0.269491,0.005091,0.251257,0.005172,0.242770,0.003368,0.372490,0.001379,0.095318,0.001087,0.251878,0.003343,0.286153,0.003845,384
no_revision_belief,combined_stress,1,0.334266,0.005453,-0.544386,0.019765,0.380008,0.007043,0.554284,0.007822,0.268238,0.005030,0.251427,0.005021,0.242868,0.003261,0.372926,0.001331,0.095097,0.001029,0.251831,0.003386,0.285602,0.003691,384
no_revision_belief,combined_stress,2,0.335264,0.005571,-0.542330,0.019968,0.379012,0.007141,0.555131,0.007766,0.269716,0.005011,0.251418,0.005184,0.242173,0.003320,0.372726,0.001387,0.094666,0.000985,0.252083,0.003370,0.287285,0.003861,384
no_revision_belief,combined_stress,3,0.333646,0.005587,-0.544475,0.020018,0.379840,0.007160,0.554131,0.007841,0.269751,0.004931,0.251579,0.005132,0.242411,0.003299,0.372944,0.001385,0.097108,0.001057,0.252032,0.003431,0.286332,0.003763,384
no_revision_belief,combined_stress,4,0.332711,0.005581,-0.545762,0.019937,0.379192,0.007120,0.555103,0.007805,0.271204,0.004989,0.250014,0.005038,0.242159,0.003313,0.373187,0.001323,0.095559,0.001055,0.253063,0.003367,0.285418,0.003717,384
no_revision_belief,combined_stress,5,0.333465,0.005543,-0.544818,0.020017,0.378960,0.007116,0.554628,0.007903,0.269615,0.004987,0.249587,0.005094,0.242734,0.003239,0.372805,0.001380,0.096151,0.001015,0.251916,0.003374,0.286609,0.003875,384
no_revision_belief,combined_stress,6,0.334490,0.005514,-0.545198,0.019975,0.379615,0.007179,0.555203,0.007835,0.268523,0.005020,0.249837,0.005225,0.243062,0.003305,0.373467,0.001367,0.095366,0.001021,0.252064,0.003374,0.286166,0.003711,384
no_revision_belief,combined_stress,7,0.334820,0.005561,-0.543146,0.019985,0.379298,0.007065,0.554592,0.007862,0.268620,0.005039,0.250743,0.005007,0.242496,0.003351,0.372720,0.001335,0.095172,0.001055,0.251527,0.003301,0.286500,0.003749,384
no_revision_belief,combined_stress,8,0.335892,0.005680,-0.542550,0.020071,0.379196,0.007046,0.554446,0.007837,0.270015,0.004952,0.250571,0.005252,0.243285,0.003327,0.373174,0.001378,0.095205,0.000991,0.251946,0.003377,0.286103,0.003861,384
no_revision_belief,combined_stress,9,0.334797,0.005738,-0.542849,0.020126,0.379112,0.007085,0.554303,0.007838,0.269438,0.005048,0.250116,0.005130,0.242705,0.003308,0.372602,0.001382,0.095431,0.001001,0.251041,0.003328,0.285666,0.003745,384
no_revision_belief,in_distribution,0,0.427624,0.005403,-0.203882,0.019826,0.316895,0.007095,0.393795,0.007867,0.313569,0.004970,0.303202,0.005177,0.213771,0.003297,0.226362,0.001375,0.087799,0.000840,0.216684,0.003374,0.285532,0.003834,384
no_revision_belief,in_distribution,1,0.427199,0.005623,-0.205155,0.020043,0.317410,0.007126,0.394397,0.007845,0.313316,0.004901,0.303285,0.005184,0.213867,0.003383,0.225854,0.001336,0.088146,0.000837,0.217124,0.003348,0.286712,0.003821,384
no_revision_belief,in_distribution,2,0.428279,0.005537,-0.201787,0.019914,0.316938,0.007108,0.392237,0.007782,0.312737,0.004965,0.303085,0.005188,0.212884,0.003336,0.226481,0.001348,0.089216,0.000872,0.216157,0.003386,0.286228,0.003843,384
no_revision_belief,in_distribution,3,0.428189,0.005617,-0.204407,0.019991,0.318076,0.007104,0.393888,0.007866,0.312714,0.004996,0.304102,0.005129,0.213898,0.003294,0.226067,0.001377,0.088110,0.000854,0.217468,0.003340,0.286849,0.003788,384
no_revision_belief,in_distribution,4,0.428793,0.005595,-0.202272,0.019994,0.316964,0.007100,0.394406,0.007840,0.313400,0.004920,0.303466,0.005154,0.212464,0.003328,0.225971,0.001350,0.088339,0.000894,0.216824,0.003374,0.285951,0.003740,384
no_revision_belief,in_distribution,5,0.427158,0.005454,-0.205190,0.019760,0.318670,0.007042,0.393301,0.007811,0.313113,0.004974,0.303712,0.005151,0.213524,0.003282,0.226271,0.001372,0.088229,0.000877,0.217460,0.003342,0.286644,0.003802,384
no_revision_belief,in_distribution,6,0.427313,0.005440,-0.203860,0.019834,0.316757,0.007048,0.393257,0.007813,0.313824,0.004924,0.303284,0.005063,0.213747,0.003333,0.226779,0.001340,0.088245,0.000897,0.216856,0.003300,0.285914,0.003881,384
no_revision_belief,in_distribution,7,0.427274,0.005576,-0.203692,0.019910,0.317365,0.007116,0.393443,0.007835,0.313436,0.004929,0.304784,0.005132,0.213064,0.003295,0.226309,0.001387,0.088892,0.000913,0.217237,0.003327,0.287427,0.003814,384
no_revision_belief,in_distribution,8,0.427532,0.005582,-0.205299,0.019936,0.317441,0.007121,0.394977,0.007791,0.312650,0.005003,0.303294,0.005204,0.213326,0.003289,0.226291,0.001357,0.088946,0.000895,0.217165,0.003313,0.286859,0.003843,384
no_revision_belief,in_distribution,9,0.427391,0.005542,-0.204487,0.019937,0.318023,0.007037,0.393367,0.007868,0.312345,0.005036,0.303360,0.005134,0.212991,0.003352,0.226322,0.001393,0.088396,0.000889,0.217076,0.003367,0.285471,0.003795,384
no_revision_belief,long_horizon_recovery,0,0.373949,0.005608,-0.404891,0.020073,0.343314,0.007140,0.498026,0.007878,0.294613,0.004972,0.251481,0.005133,0.225400,0.003300,0.323942,0.001338,0.092650,0.000977,0.236945,0.003380,0.286391,0.003835,384
no_revision_belief,long_horizon_recovery,1,0.374260,0.005657,-0.404454,0.019885,0.343802,0.007092,0.497821,0.007769,0.294581,0.004836,0.253435,0.005103,0.225668,0.003274,0.324059,0.001373,0.092207,0.001037,0.236836,0.003355,0.285969,0.003913,384
no_revision_belief,long_horizon_recovery,2,0.374114,0.005492,-0.404949,0.019682,0.343814,0.007057,0.497525,0.007770,0.293542,0.004985,0.252353,0.005038,0.225663,0.003272,0.324094,0.001258,0.092628,0.001045,0.236958,0.003353,0.286732,0.003844,384
no_revision_belief,long_horizon_recovery,3,0.373513,0.005544,-0.405288,0.019825,0.342830,0.007053,0.498428,0.007745,0.295039,0.005034,0.252172,0.005156,0.226003,0.003282,0.323053,0.001369,0.092786,0.000996,0.236758,0.003347,0.285477,0.003832,384
no_revision_belief,long_horizon_recovery,4,0.373920,0.005556,-0.405447,0.020033,0.343786,0.007111,0.497901,0.007854,0.294680,0.004920,0.252066,0.005103,0.225951,0.003382,0.323937,0.001385,0.092730,0.000991,0.236875,0.003296,0.285540,0.003852,384
no_revision_belief,long_horizon_recovery,5,0.373653,0.005650,-0.405032,0.019895,0.344270,0.007025,0.496569,0.007818,0.294973,0.004904,0.252118,0.005076,0.225796,0.003328,0.324075,0.001359,0.092527,0.001006,0.237502,0.003266,0.286626,0.003844,384
no_revision_belief,long_horizon_recovery,6,0.372939,0.005511,-0.405965,0.019940,0.343107,0.007079,0.498428,0.007831,0.295456,0.005070,0.251453,0.005141,0.225679,0.003263,0.323759,0.001356,0.092792,0.001035,0.236677,0.003387,0.285808,0.003750,384
no_revision_belief,long_horizon_recovery,7,0.373680,0.005777,-0.406179,0.020091,0.343853,0.007053,0.498674,0.007785,0.294837,0.004986,0.251822,0.005138,0.225408,0.003325,0.324298,0.001406,0.092327,0.000986,0.237507,0.003276,0.285435,0.003749,384
no_revision_belief,long_horizon_recovery,8,0.374483,0.005631,-0.404926,0.019942,0.344005,0.007057,0.497698,0.007785,0.294596,0.004952,0.252657,0.005170,0.226186,0.003300,0.324634,0.001414,0.092624,0.000984,0.236720,0.003355,0.286714,0.003988,384
no_revision_belief,long_horizon_recovery,9,0.372933,0.005627,-0.405734,0.020092,0.343644,0.007139,0.497859,0.007924,0.294261,0.004929,0.252627,0.005141,0.225249,0.003365,0.323999,0.001432,0.092893,0.000950,0.236893,0.003367,0.286439,0.003787,384
no_revision_belief,new_operator_interventions,0,0.396109,0.005474,-0.324044,0.019743,0.338115,0.007155,0.453509,0.007805,0.292855,0.004908,0.291684,0.005085,0.228124,0.003293,0.265900,0.001368,0.091101,0.000945,0.230067,0.003378,0.286327,0.003686,384
no_revision_belief,new_operator_interventions,1,0.391276,0.005560,-0.327923,0.019881,0.338176,0.007157,0.453278,0.007794,0.292672,0.005080,0.292401,0.005124,0.227581,0.003287,0.266210,0.001339,0.090679,0.000934,0.229533,0.003308,0.286330,0.003831,384
no_revision_belief,new_operator_interventions,2,0.395252,0.005748,-0.324294,0.020019,0.337776,0.007090,0.453829,0.007699,0.292360,0.004960,0.292488,0.005048,0.227558,0.003357,0.266523,0.001386,0.090134,0.000937,0.229803,0.003333,0.286274,0.003934,384
no_revision_belief,new_operator_interventions,3,0.393377,0.005514,-0.326180,0.019925,0.337822,0.007130,0.453304,0.007844,0.291944,0.005036,0.292132,0.005179,0.228219,0.003302,0.265146,0.001316,0.091759,0.000958,0.229312,0.003353,0.286565,0.003755,384
no_revision_belief,new_operator_interventions,4,0.393996,0.005462,-0.324288,0.019710,0.336850,0.007090,0.453654,0.007746,0.293108,0.005002,0.291937,0.005197,0.227260,0.003242,0.266168,0.001326,0.091254,0.000957,0.229075,0.003338,0.287216,0.003747,384
no_revision_belief,new_operator_interventions,5,0.392824,0.005732,-0.327036,0.020118,0.338017,0.007165,0.453600,0.007825,0.291839,0.004857,0.291276,0.005143,0.227295,0.003287,0.266262,0.001357,0.090582,0.000977,0.229836,0.003354,0.284927,0.003812,384
no_revision_belief,new_operator_interventions,6,0.393137,0.005648,-0.326911,0.019976,0.338337,0.007087,0.453433,0.007845,0.291626,0.005052,0.292566,0.005048,0.227514,0.003264,0.266485,0.001351,0.091538,0.000961,0.229766,0.003303,0.285370,0.003775,384
no_revision_belief,new_operator_interventions,7,0.394810,0.005614,-0.323610,0.019876,0.336971,0.007052,0.453223,0.007811,0.292068,0.005042,0.293355,0.005054,0.227678,0.003291,0.266574,0.001353,0.090111,0.000894,0.229504,0.003338,0.286705,0.003728,384
no_revision_belief,new_operator_interventions,8,0.393913,0.005434,-0.325403,0.019718,0.338066,0.007066,0.453424,0.007805,0.292370,0.004892,0.291130,0.005092,0.227370,0.003321,0.266051,0.001352,0.090641,0.000971,0.229277,0.003343,0.286461,0.003781,384
no_revision_belief,new_operator_interventions,9,0.393745,0.005471,-0.324696,0.019852,0.337235,0.007099,0.453481,0.007821,0.292159,0.005010,0.292925,0.005079,0.227226,0.003336,0.266089,0.001406,0.090864,0.000945,0.229141,0.003347,0.285926,0.003654,384
no_revision_belief,sparse_feedback,0,0.363600,0.005714,-0.436072,0.020049,0.379269,0.007078,0.486473,0.007814,0.283155,0.004984,0.282141,0.005093,0.233639,0.003319,0.332875,0.001368,0.093214,0.001056,0.242894,0.003330,0.286752,0.003809,384
no_revision_belief,sparse_feedback,1,0.365628,0.005437,-0.433548,0.019916,0.379178,0.007097,0.486228,0.007903,0.282588,0.005020,0.282786,0.005293,0.233279,0.003252,0.332544,0.001397,0.093438,0.001021,0.242798,0.003303,0.286383,0.003777,384
no_revision_belief,sparse_feedback,2,0.364430,0.005576,-0.435177,0.020020,0.379610,0.007064,0.486008,0.007878,0.282255,0.005016,0.282782,0.005104,0.233640,0.003377,0.332128,0.001322,0.093845,0.001007,0.242558,0.003335,0.285101,0.003690,384
no_revision_belief,sparse_feedback,3,0.364684,0.005694,-0.435491,0.020013,0.379109,0.007022,0.487091,0.007835,0.282621,0.004948,0.282068,0.005152,0.233638,0.003312,0.333224,0.001416,0.093045,0.001045,0.242576,0.003300,0.285940,0.003793,384
no_revision_belief,sparse_feedback,4,0.363703,0.005564,-0.435219,0.019834,0.379199,0.007005,0.486604,0.007851,0.284299,0.005068,0.282549,0.005077,0.233419,0.003311,0.332506,0.001356,0.092815,0.001058,0.242402,0.003320,0.285709,0.003707,384
no_revision_belief,sparse_feedback,5,0.363554,0.005570,-0.436124,0.019877,0.379589,0.007102,0.486436,0.007805,0.282065,0.004930,0.284152,0.005179,0.233916,0.003304,0.332996,0.001371,0.092697,0.000984,0.242394,0.003318,0.285766,0.003807,384
no_revision_belief,sparse_feedback,6,0.364695,0.005498,-0.435117,0.019849,0.379021,0.007054,0.487001,0.007836,0.282818,0.004948,0.281659,0.005065,0.233711,0.003328,0.332592,0.001344,0.092508,0.000953,0.242161,0.003386,0.284893,0.003801,384
no_revision_belief,sparse_feedback,7,0.364368,0.005599,-0.435072,0.019966,0.379947,0.007063,0.485977,0.007981,0.282808,0.004929,0.282811,0.005029,0.233427,0.003342,0.332903,0.001379,0.093167,0.001049,0.242578,0.003363,0.286442,0.003841,384
no_revision_belief,sparse_feedback,8,0.365682,0.005664,-0.434282,0.020049,0.379871,0.007070,0.485996,0.007882,0.282467,0.005018,0.282651,0.005040,0.233530,0.003252,0.332886,0.001361,0.093543,0.001080,0.242919,0.003380,0.285176,0.003857,384
no_revision_belief,sparse_feedback,9,0.363425,0.005586,-0.434907,0.019961,0.378628,0.007184,0.485368,0.007808,0.282480,0.005063,0.283287,0.005135,0.233743,0.003319,0.333216,0.001396,0.092887,0.000955,0.242140,0.003312,0.285329,0.003720,384
oracle_physical_belief_revision,combined_stress,0,0.823098,0.005571,1.055800,0.015324,0.010017,0.002676,0.077641,0.006491,0.882453,0.005039,0.806090,0.005210,0.094113,0.003272,0.317564,0.001296,0.043904,0.000475,0.001274,0.000415,0.802380,0.003741,384
oracle_physical_belief_revision,combined_stress,1,0.821330,0.005549,1.055846,0.015222,0.009618,0.002576,0.076151,0.006457,0.884019,0.005054,0.805940,0.005123,0.094196,0.003270,0.317565,0.001398,0.043529,0.000465,0.001175,0.000367,0.803273,0.003844,384
oracle_physical_belief_revision,combined_stress,2,0.823053,0.005405,1.057922,0.015077,0.009741,0.002610,0.075967,0.006387,0.884357,0.005005,0.806410,0.005126,0.094240,0.003341,0.316555,0.001378,0.044016,0.000478,0.001153,0.000365,0.803361,0.003850,384
oracle_physical_belief_revision,combined_stress,3,0.822400,0.005519,1.056624,0.015169,0.009688,0.002583,0.076106,0.006395,0.882325,0.004948,0.806770,0.005035,0.094175,0.003380,0.317163,0.001356,0.043409,0.000471,0.001259,0.000393,0.801841,0.003895,384
oracle_physical_belief_revision,combined_stress,4,0.821553,0.005584,1.056267,0.015168,0.009801,0.002619,0.075244,0.006357,0.883251,0.005043,0.806135,0.005168,0.094185,0.003337,0.317709,0.001355,0.044024,0.000473,0.001086,0.000344,0.802417,0.003837,384
oracle_physical_belief_revision,combined_stress,5,0.823083,0.005535,1.056709,0.015186,0.009965,0.002661,0.076447,0.006407,0.883466,0.004906,0.805089,0.005136,0.094325,0.003290,0.317060,0.001341,0.043930,0.000464,0.001216,0.000386,0.802738,0.003804,384
oracle_physical_belief_revision,combined_stress,6,0.823145,0.005667,1.057668,0.015215,0.009420,0.002525,0.076066,0.006332,0.882207,0.005030,0.805849,0.005114,0.093716,0.003275,0.317266,0.001369,0.043980,0.000480,0.001131,0.000369,0.802913,0.003832,384
oracle_physical_belief_revision,combined_stress,7,0.822195,0.005562,1.057498,0.015028,0.009483,0.002532,0.075882,0.006357,0.883612,0.004926,0.805632,0.005041,0.093702,0.003287,0.316754,0.001369,0.043606,0.000446,0.000880,0.000300,0.803496,0.003807,384
oracle_physical_belief_revision,combined_stress,8,0.823112,0.005477,1.056587,0.015102,0.010068,0.002687,0.076695,0.006380,0.882928,0.004996,0.805236,0.004948,0.094195,0.003320,0.316876,0.001321,0.043709,0.000471,0.001131,0.000362,0.802367,0.003899,384
oracle_physical_belief_revision,combined_stress,9,0.823653,0.005657,1.057718,0.015313,0.010191,0.002723,0.075943,0.006335,0.883314,0.005027,0.805313,0.005133,0.094201,0.003343,0.316649,0.001311,0.043709,0.000452,0.001371,0.000420,0.803237,0.003837,384
oracle_physical_belief_revision,in_distribution,0,0.913731,0.004883,1.279120,0.009408,0.002136,0.000636,0.002700,0.000810,0.925050,0.004950,0.858629,0.005262,0.065303,0.003285,0.170737,0.001413,0.047640,0.000478,0.000000,0.000000,0.802498,0.003816,384
oracle_physical_belief_revision,in_distribution,1,0.911992,0.005041,1.278355,0.009397,0.001911,0.000605,0.002418,0.000741,0.927000,0.004811,0.859003,0.005170,0.065767,0.003315,0.170398,0.001312,0.047333,0.000508,0.000000,0.000000,0.803715,0.003745,384
oracle_physical_belief_revision,in_distribution,2,0.912330,0.005001,1.278970,0.009372,0.001918,0.000621,0.002334,0.000709,0.925523,0.004850,0.859710,0.005051,0.065004,0.003281,0.170418,0.001347,0.047388,0.000472,0.000000,0.000000,0.803694,0.003723,384
oracle_physical_belief_revision,in_distribution,3,0.912422,0.004975,1.279152,0.009342,0.002060,0.000655,0.002256,0.000681,0.926456,0.004934,0.859142,0.005137,0.065096,0.003256,0.169760,0.001350,0.047581,0.000453,0.000000,0.000000,0.802798,0.003777,384
oracle_physical_belief_revision,in_distribution,4,0.912589,0.005056,1.278949,0.009427,0.002182,0.000662,0.002312,0.000714,0.926392,0.004830,0.859402,0.005222,0.065168,0.003252,0.170010,0.001379,0.047446,0.000483,0.000000,0.000000,0.802143,0.003793,384
oracle_physical_belief_revision,in_distribution,5,0.913630,0.004961,1.280043,0.009351,0.001912,0.000579,0.002474,0.000711,0.926639,0.004803,0.859373,0.005168,0.065317,0.003311,0.170473,0.001413,0.046913,0.000489,0.000000,0.000000,0.803759,0.003732,384
oracle_physical_belief_revision,in_distribution,6,0.912558,0.005026,1.279186,0.009449,0.002181,0.000654,0.002542,0.000755,0.926469,0.004858,0.858687,0.005165,0.064735,0.003255,0.170076,0.001391,0.047109,0.000511,0.000000,0.000000,0.802897,0.003786,384
oracle_physical_belief_revision,in_distribution,7,0.913577,0.004919,1.280183,0.009340,0.002268,0.000682,0.002285,0.000671,0.926897,0.004880,0.857415,0.005125,0.064913,0.003302,0.170312,0.001325,0.046852,0.000492,0.000000,0.000000,0.803931,0.003804,384
oracle_physical_belief_revision,in_distribution,8,0.912547,0.004885,1.279403,0.009185,0.001825,0.000573,0.002132,0.000664,0.925818,0.004857,0.858514,0.005220,0.064926,0.003221,0.170006,0.001365,0.047359,0.000471,0.000000,0.000000,0.803348,0.003849,384
oracle_physical_belief_revision,in_distribution,9,0.912616,0.005052,1.279494,0.009413,0.002179,0.000692,0.002410,0.000722,0.926704,0.004802,0.859374,0.005095,0.064989,0.003218,0.170141,0.001307,0.047215,0.000499,0.000000,0.000000,0.802986,0.003785,384
oracle_physical_belief_revision,long_horizon_recovery,0,0.859885,0.005551,1.153632,0.013105,0.005171,0.001411,0.039367,0.004189,0.908171,0.004983,0.807757,0.005128,0.076881,0.003271,0.268418,0.001317,0.045070,0.000439,0.000061,0.000050,0.802325,0.003849,384
oracle_physical_belief_revision,long_horizon_recovery,1,0.861601,0.005746,1.154176,0.013359,0.005156,0.001408,0.040135,0.004189,0.907312,0.005101,0.808947,0.005169,0.077828,0.003292,0.268233,0.001357,0.045395,0.000473,0.000017,0.000023,0.802371,0.003862,384
oracle_physical_belief_revision,long_horizon_recovery,2,0.861050,0.005503,1.154342,0.012994,0.004971,0.001359,0.039256,0.004187,0.908330,0.004988,0.807778,0.005092,0.077821,0.003290,0.268369,0.001348,0.045226,0.000471,0.000068,0.000070,0.802549,0.003681,384
oracle_physical_belief_revision,long_horizon_recovery,3,0.860283,0.005610,1.153185,0.013127,0.005524,0.001510,0.039635,0.004102,0.907940,0.004838,0.807946,0.005156,0.077992,0.003333,0.267827,0.001302,0.044862,0.000483,0.000109,0.000086,0.804309,0.003779,384
oracle_physical_belief_revision,long_horizon_recovery,4,0.861454,0.005566,1.154238,0.013234,0.005146,0.001400,0.040056,0.004237,0.907975,0.004979,0.806411,0.005186,0.077287,0.003357,0.268214,0.001370,0.044886,0.000467,0.000086,0.000067,0.803197,0.003828,384
oracle_physical_belief_revision,long_horizon_recovery,5,0.862246,0.005606,1.155487,0.013292,0.005580,0.001514,0.039264,0.004196,0.908952,0.004856,0.808325,0.005225,0.077879,0.003331,0.268189,0.001380,0.044767,0.000482,0.000134,0.000103,0.802658,0.003777,384
oracle_physical_belief_revision,long_horizon_recovery,6,0.860362,0.005646,1.153452,0.013246,0.005458,0.001491,0.039807,0.004204,0.908214,0.004908,0.806790,0.005133,0.077339,0.003243,0.267292,0.001293,0.045075,0.000493,0.000101,0.000083,0.803184,0.003817,384
oracle_physical_belief_revision,long_horizon_recovery,7,0.862016,0.005544,1.155643,0.013148,0.005210,0.001440,0.039776,0.004192,0.908550,0.004974,0.807568,0.005167,0.076785,0.003285,0.268241,0.001368,0.044833,0.000497,0.000058,0.000039,0.802425,0.003810,384
oracle_physical_belief_revision,long_horizon_recovery,8,0.861480,0.005584,1.155598,0.013130,0.005103,0.001393,0.038790,0.004118,0.909032,0.004958,0.807252,0.005114,0.077249,0.003289,0.268271,0.001375,0.045013,0.000493,0.000064,0.000048,0.803299,0.003743,384
oracle_physical_belief_revision,long_horizon_recovery,9,0.861371,0.005504,1.154637,0.013136,0.005214,0.001426,0.039830,0.004226,0.908173,0.004893,0.807966,0.005201,0.077089,0.003348,0.268134,0.001350,0.045447,0.000485,0.000082,0.000058,0.802424,0.003840,384
oracle_physical_belief_revision,new_operator_interventions,0,0.879714,0.005513,1.211431,0.011870,0.004528,0.001253,0.015117,0.002640,0.905665,0.004986,0.847236,0.005157,0.079264,0.003273,0.209468,0.001315,0.046319,0.000462,0.000011,0.000016,0.801983,0.003801,384
oracle_physical_belief_revision,new_operator_interventions,1,0.882455,0.005627,1.214432,0.011955,0.004424,0.001236,0.014770,0.002587,0.906654,0.005060,0.847119,0.005134,0.079405,0.003273,0.210261,0.001340,0.046308,0.000503,0.000005,0.000009,0.802706,0.003791,384
oracle_physical_belief_revision,new_operator_interventions,2,0.881659,0.005473,1.213596,0.011970,0.004758,0.001313,0.015252,0.002652,0.906484,0.004988,0.846511,0.005169,0.078586,0.003300,0.210424,0.001386,0.045406,0.000453,0.000011,0.000021,0.802521,0.003845,384
oracle_physical_belief_revision,new_operator_interventions,3,0.881505,0.005420,1.213803,0.011757,0.004403,0.001217,0.015258,0.002623,0.906620,0.004963,0.847025,0.005116,0.078698,0.003281,0.209960,0.001406,0.045970,0.000479,0.000001,0.000003,0.802159,0.003789,384
oracle_physical_belief_revision,new_operator_interventions,4,0.881727,0.005456,1.213833,0.011854,0.004604,0.001277,0.015337,0.002679,0.906524,0.004977,0.847872,0.005102,0.078943,0.003306,0.210216,0.001352,0.045720,0.000492,0.000000,0.000000,0.803573,0.003748,384
oracle_physical_belief_revision,new_operator_interventions,5,0.881049,0.005483,1.212835,0.011910,0.004630,0.001272,0.015299,0.002677,0.906270,0.004974,0.847407,0.005166,0.078938,0.003373,0.210132,0.001357,0.045530,0.000448,0.000003,0.000005,0.802981,0.003817,384
oracle_physical_belief_revision,new_operator_interventions,6,0.881013,0.005528,1.212694,0.011848,0.004533,0.001255,0.015121,0.002703,0.905834,0.004894,0.846712,0.005126,0.079141,0.003266,0.209623,0.001381,0.046132,0.000473,0.000000,0.000000,0.802483,0.003787,384
oracle_physical_belief_revision,new_operator_interventions,7,0.881537,0.005462,1.212644,0.011921,0.004942,0.001394,0.015654,0.002763,0.906266,0.004969,0.846835,0.005040,0.079047,0.003316,0.210722,0.001289,0.046157,0.000476,0.000040,0.000052,0.802947,0.003825,384
oracle_physical_belief_revision,new_operator_interventions,8,0.882191,0.005452,1.213439,0.011823,0.004602,0.001264,0.015370,0.002668,0.906076,0.005041,0.847309,0.005177,0.079314,0.003324,0.210455,0.001318,0.046121,0.000459,0.000018,0.000027,0.802264,0.003961,384
oracle_physical_belief_revision,new_operator_interventions,9,0.881261,0.005508,1.213236,0.011891,0.004915,0.001335,0.015078,0.002595,0.906011,0.004940,0.847549,0.005161,0.078725,0.003328,0.210065,0.001327,0.046198,0.000469,0.000010,0.000020,0.803552,0.003859,384
oracle_physical_belief_revision,sparse_feedback,0,0.852320,0.005611,1.143956,0.013494,0.009698,0.002594,0.031783,0.003704,0.897066,0.004999,0.836953,0.005123,0.085885,0.003291,0.276687,0.001414,0.044538,0.000448,0.000165,0.000111,0.802715,0.003674,384
oracle_physical_belief_revision,sparse_feedback,1,0.851314,0.005582,1.142274,0.013557,0.009822,0.002626,0.032721,0.003785,0.895932,0.005054,0.838084,0.005187,0.085724,0.003285,0.276336,0.001336,0.045181,0.000480,0.000316,0.000150,0.803170,0.003898,384
oracle_physical_belief_revision,sparse_feedback,2,0.852787,0.005501,1.144205,0.013460,0.009627,0.002580,0.032533,0.003813,0.896585,0.005037,0.838981,0.005131,0.085695,0.003313,0.277031,0.001363,0.044739,0.000491,0.000325,0.000160,0.802718,0.003864,384
oracle_physical_belief_revision,sparse_feedback,3,0.853139,0.005733,1.144570,0.013657,0.009737,0.002595,0.032494,0.003751,0.897357,0.004980,0.838058,0.005176,0.085326,0.003357,0.277675,0.001313,0.045252,0.000480,0.000223,0.000118,0.803114,0.003698,384
oracle_physical_belief_revision,sparse_feedback,4,0.853764,0.005658,1.145596,0.013598,0.009621,0.002575,0.032207,0.003759,0.896538,0.005074,0.838002,0.005194,0.085105,0.003314,0.276225,0.001379,0.045055,0.000464,0.000340,0.000176,0.801354,0.003706,384
oracle_physical_belief_revision,sparse_feedback,5,0.854361,0.005661,1.146227,0.013581,0.009949,0.002661,0.031328,0.003694,0.895644,0.005040,0.838325,0.005110,0.085486,0.003305,0.276893,0.001343,0.044938,0.000488,0.000278,0.000116,0.803111,0.003778,384
oracle_physical_belief_revision,sparse_feedback,6,0.852925,0.005601,1.144172,0.013582,0.009896,0.002646,0.032248,0.003812,0.897218,0.005182,0.837500,0.005070,0.085642,0.003339,0.277183,0.001369,0.044624,0.000459,0.000373,0.000165,0.802713,0.003767,384
oracle_physical_belief_revision,sparse_feedback,7,0.852325,0.005467,1.143885,0.013514,0.009877,0.002644,0.032230,0.003787,0.896514,0.004961,0.839087,0.005155,0.085492,0.003316,0.276984,0.001461,0.044893,0.000482,0.000397,0.000178,0.802439,0.003904,384
oracle_physical_belief_revision,sparse_feedback,8,0.853587,0.005724,1.145612,0.013663,0.009887,0.002647,0.032045,0.003806,0.897051,0.005084,0.838185,0.005070,0.085022,0.003272,0.276959,0.001340,0.045262,0.000461,0.000277,0.000154,0.803594,0.003763,384
oracle_physical_belief_revision,sparse_feedback,9,0.851420,0.005646,1.141994,0.013610,0.009594,0.002567,0.032766,0.003782,0.896783,0.005004,0.837071,0.005248,0.086204,0.003303,0.276856,0.001348,0.044881,0.000485,0.000457,0.000196,0.803204,0.003862,384
periodic_bayes_update,combined_stress,0,0.407702,0.005492,-0.345890,0.019881,0.338152,0.007162,0.492841,0.007921,0.343789,0.004910,0.307161,0.005101,0.225245,0.003283,0.399768,0.001312,0.078783,0.000768,0.222636,0.003319,0.345007,0.003842,384
periodic_bayes_update,combined_stress,1,0.408862,0.005672,-0.345186,0.019974,0.338603,0.007095,0.493158,0.007856,0.343561,0.004929,0.308594,0.005046,0.225219,0.003339,0.399409,0.001402,0.078835,0.000745,0.223374,0.003308,0.345166,0.003819,384
periodic_bayes_update,combined_stress,2,0.409110,0.005599,-0.344301,0.019811,0.338011,0.006979,0.493094,0.007797,0.342653,0.005024,0.308378,0.005168,0.225031,0.003275,0.399789,0.001360,0.077904,0.000760,0.222767,0.003278,0.345341,0.003854,384
periodic_bayes_update,combined_stress,3,0.406687,0.005384,-0.345525,0.019791,0.337582,0.007123,0.492871,0.007911,0.345087,0.005086,0.308541,0.005122,0.225353,0.003306,0.398861,0.001388,0.078555,0.000771,0.222414,0.003369,0.346152,0.003745,384
periodic_bayes_update,combined_stress,4,0.408690,0.005685,-0.344126,0.020071,0.337626,0.007115,0.493183,0.007861,0.343387,0.004951,0.309084,0.005221,0.225008,0.003300,0.399463,0.001370,0.077996,0.000771,0.222582,0.003330,0.344518,0.003889,384
periodic_bayes_update,combined_stress,5,0.406797,0.005574,-0.347101,0.019924,0.338627,0.007110,0.493608,0.007800,0.344274,0.004988,0.307939,0.005124,0.225156,0.003326,0.399383,0.001393,0.079160,0.000798,0.222517,0.003308,0.345810,0.003806,384
periodic_bayes_update,combined_stress,6,0.407974,0.005430,-0.346122,0.019788,0.338324,0.007141,0.494170,0.007809,0.343955,0.005028,0.308569,0.005126,0.225141,0.003310,0.399468,0.001350,0.077913,0.000736,0.222959,0.003350,0.344983,0.003736,384
periodic_bayes_update,combined_stress,7,0.409471,0.005646,-0.345003,0.019991,0.338982,0.007119,0.493734,0.007891,0.343544,0.004895,0.307981,0.005179,0.225116,0.003302,0.399558,0.001377,0.077712,0.000748,0.222924,0.003288,0.344312,0.003748,384
periodic_bayes_update,combined_stress,8,0.409354,0.005550,-0.344831,0.019789,0.338064,0.007104,0.493445,0.007803,0.342944,0.005081,0.308991,0.005075,0.225947,0.003298,0.400010,0.001305,0.079101,0.000786,0.222244,0.003300,0.345759,0.003796,384
periodic_bayes_update,combined_stress,9,0.408469,0.005434,-0.345264,0.019776,0.337440,0.007102,0.494079,0.007789,0.342459,0.005107,0.308178,0.005245,0.225210,0.003353,0.399370,0.001408,0.078315,0.000757,0.222161,0.003295,0.344739,0.003644,384
periodic_bayes_update,in_distribution,0,0.501310,0.005652,-0.007186,0.019982,0.276339,0.007142,0.332820,0.007873,0.388069,0.004993,0.361920,0.005046,0.195922,0.003323,0.253808,0.001362,0.076806,0.000620,0.188016,0.003358,0.344578,0.003871,384
periodic_bayes_update,in_distribution,1,0.501455,0.005613,-0.006987,0.019861,0.275672,0.007130,0.333012,0.007861,0.388053,0.004973,0.361998,0.005151,0.196689,0.003298,0.253437,0.001317,0.076387,0.000636,0.187918,0.003410,0.345518,0.003721,384
periodic_bayes_update,in_distribution,2,0.500340,0.005527,-0.007610,0.019763,0.275028,0.007070,0.333391,0.007811,0.387965,0.005025,0.360430,0.005062,0.196028,0.003291,0.253545,0.001398,0.075932,0.000664,0.187495,0.003294,0.345370,0.003915,384
periodic_bayes_update,in_distribution,3,0.502750,0.005621,-0.005534,0.019817,0.276521,0.007067,0.332773,0.007814,0.388178,0.004853,0.361868,0.005185,0.196166,0.003302,0.252690,0.001347,0.076076,0.000677,0.187959,0.003310,0.344777,0.003814,384
periodic_bayes_update,in_distribution,4,0.503101,0.005471,-0.005129,0.019682,0.276190,0.007041,0.332597,0.007810,0.387857,0.004865,0.361680,0.005149,0.196420,0.003306,0.252916,0.001320,0.076703,0.000617,0.187488,0.003302,0.344980,0.003741,384
periodic_bayes_update,in_distribution,5,0.503418,0.005541,-0.004844,0.019787,0.276063,0.007035,0.332731,0.007795,0.388219,0.004987,0.360934,0.005123,0.196539,0.003298,0.253253,0.001378,0.076287,0.000652,0.187429,0.003299,0.346310,0.003783,384
periodic_bayes_update,in_distribution,6,0.503034,0.005438,-0.005677,0.019789,0.276512,0.007087,0.332605,0.007861,0.388289,0.004961,0.361120,0.005075,0.196486,0.003374,0.253197,0.001403,0.076215,0.000638,0.188247,0.003342,0.345831,0.003865,384
periodic_bayes_update,in_distribution,7,0.502219,0.005526,-0.006389,0.019850,0.275900,0.007157,0.333282,0.007831,0.386981,0.004896,0.360917,0.005076,0.196246,0.003351,0.253261,0.001270,0.076486,0.000667,0.187215,0.003410,0.345873,0.003802,384
periodic_bayes_update,in_distribution,8,0.503336,0.005460,-0.004775,0.019700,0.275995,0.007094,0.333248,0.007787,0.388764,0.004971,0.362439,0.005110,0.196019,0.003314,0.253401,0.001296,0.076077,0.000574,0.188104,0.003278,0.345432,0.003867,384
periodic_bayes_update,in_distribution,9,0.502244,0.005556,-0.006435,0.019778,0.276409,0.007050,0.333041,0.007804,0.387949,0.004966,0.361414,0.005220,0.196016,0.003329,0.253100,0.001333,0.076829,0.000644,0.187892,0.003313,0.344678,0.003830,384
periodic_bayes_update,long_horizon_recovery,0,0.446769,0.005630,-0.207774,0.019990,0.301882,0.007111,0.437132,0.007831,0.369584,0.005005,0.309896,0.005121,0.208047,0.003337,0.351071,0.001394,0.076876,0.000663,0.208005,0.003388,0.344854,0.003794,384
periodic_bayes_update,long_horizon_recovery,1,0.447036,0.005468,-0.207428,0.019845,0.301989,0.007100,0.436486,0.007848,0.369183,0.004974,0.308945,0.005061,0.208832,0.003302,0.350558,0.001396,0.076593,0.000663,0.207424,0.003354,0.346198,0.003765,384
periodic_bayes_update,long_horizon_recovery,2,0.447676,0.005666,-0.207666,0.019990,0.302360,0.007215,0.436853,0.007745,0.368710,0.004939,0.310233,0.005255,0.208899,0.003348,0.350383,0.001408,0.077867,0.000701,0.207749,0.003323,0.344658,0.003820,384
periodic_bayes_update,long_horizon_recovery,3,0.447468,0.005481,-0.207174,0.019906,0.302140,0.007205,0.436527,0.007892,0.368778,0.004932,0.310062,0.005235,0.208803,0.003312,0.351129,0.001333,0.076561,0.000684,0.207611,0.003382,0.346221,0.003780,384
periodic_bayes_update,long_horizon_recovery,4,0.446895,0.005525,-0.208621,0.019834,0.302320,0.007100,0.437354,0.007807,0.369414,0.005045,0.309529,0.005173,0.208844,0.003282,0.350795,0.001364,0.076968,0.000680,0.207789,0.003376,0.344910,0.003764,384
periodic_bayes_update,long_horizon_recovery,5,0.449353,0.005575,-0.206180,0.019835,0.302998,0.007088,0.437062,0.007776,0.369078,0.004961,0.310309,0.005137,0.209006,0.003359,0.350774,0.001392,0.076881,0.000636,0.207255,0.003304,0.345185,0.003732,384
periodic_bayes_update,long_horizon_recovery,6,0.446156,0.005362,-0.209298,0.019717,0.302921,0.007102,0.437221,0.007881,0.369621,0.004999,0.309663,0.005189,0.208799,0.003299,0.350656,0.001390,0.077155,0.000690,0.207610,0.003351,0.346316,0.003807,384
periodic_bayes_update,long_horizon_recovery,7,0.448543,0.005454,-0.206420,0.019783,0.301525,0.007107,0.437049,0.007806,0.368913,0.005055,0.308988,0.005197,0.208691,0.003296,0.351165,0.001315,0.077095,0.000701,0.207504,0.003343,0.345018,0.003851,384
periodic_bayes_update,long_horizon_recovery,8,0.448229,0.005484,-0.206343,0.019885,0.302421,0.007152,0.436458,0.007918,0.368808,0.005006,0.311235,0.005007,0.208944,0.003298,0.350207,0.001359,0.077210,0.000681,0.207362,0.003415,0.344563,0.003829,384
periodic_bayes_update,long_horizon_recovery,9,0.446268,0.005463,-0.208088,0.019853,0.302202,0.007149,0.437294,0.007787,0.369625,0.005052,0.310197,0.005182,0.208308,0.003332,0.350278,0.001398,0.076624,0.000664,0.207197,0.003450,0.344885,0.003744,384
periodic_bayes_update,new_operator_interventions,0,0.467078,0.005772,-0.126820,0.020123,0.295938,0.007076,0.391957,0.007945,0.367067,0.004948,0.350670,0.005175,0.210047,0.003350,0.292568,0.001415,0.076747,0.000690,0.199663,0.003344,0.345604,0.003792,384
periodic_bayes_update,new_operator_interventions,1,0.467342,0.005511,-0.127864,0.019890,0.295214,0.007073,0.392782,0.007916,0.365518,0.004995,0.348718,0.005220,0.210294,0.003310,0.292749,0.001365,0.076835,0.000656,0.199841,0.003311,0.345057,0.003750,384
periodic_bayes_update,new_operator_interventions,2,0.469384,0.005581,-0.126230,0.019903,0.296440,0.007180,0.392647,0.007852,0.367834,0.005002,0.349663,0.005185,0.210137,0.003318,0.293825,0.001341,0.076884,0.000662,0.200801,0.003293,0.346206,0.003767,384
periodic_bayes_update,new_operator_interventions,3,0.466725,0.005545,-0.127508,0.019822,0.295800,0.007078,0.391870,0.007836,0.366309,0.005027,0.349862,0.005117,0.210244,0.003302,0.293091,0.001388,0.076371,0.000628,0.199569,0.003358,0.345945,0.003808,384
periodic_bayes_update,new_operator_interventions,4,0.468663,0.005616,-0.125414,0.019963,0.295902,0.007106,0.391680,0.007879,0.366578,0.005007,0.350991,0.005146,0.210301,0.003323,0.293149,0.001382,0.076487,0.000619,0.199849,0.003321,0.346040,0.003839,384
periodic_bayes_update,new_operator_interventions,5,0.468420,0.005722,-0.126208,0.020071,0.295829,0.007040,0.391984,0.007881,0.367141,0.005028,0.350095,0.005228,0.210306,0.003324,0.293500,0.001354,0.076363,0.000622,0.200398,0.003328,0.345782,0.003835,384
periodic_bayes_update,new_operator_interventions,6,0.467833,0.005587,-0.126633,0.019828,0.296490,0.007102,0.392209,0.007847,0.368220,0.005028,0.349624,0.005181,0.209902,0.003245,0.293371,0.001304,0.076048,0.000661,0.199970,0.003305,0.345729,0.003812,384
periodic_bayes_update,new_operator_interventions,7,0.468177,0.005672,-0.126930,0.019982,0.296156,0.006964,0.392999,0.007898,0.366876,0.005076,0.350413,0.005200,0.209922,0.003300,0.293054,0.001327,0.076619,0.000624,0.200270,0.003377,0.346065,0.003821,384
periodic_bayes_update,new_operator_interventions,8,0.467570,0.005513,-0.127493,0.019838,0.295753,0.007137,0.392488,0.007820,0.366892,0.004978,0.350225,0.005185,0.210399,0.003324,0.293118,0.001416,0.076835,0.000678,0.200466,0.003373,0.345546,0.003650,384
periodic_bayes_update,new_operator_interventions,9,0.467413,0.005582,-0.127470,0.019923,0.295855,0.007137,0.392264,0.007795,0.366534,0.004976,0.350644,0.005174,0.210369,0.003334,0.293099,0.001339,0.076903,0.000645,0.199990,0.003373,0.344178,0.003824,384
periodic_bayes_update,sparse_feedback,0,0.438848,0.005424,-0.235510,0.019814,0.338427,0.007058,0.425129,0.007878,0.357981,0.004964,0.341264,0.005292,0.216130,0.003285,0.359233,0.001371,0.077394,0.000734,0.212502,0.003354,0.345833,0.003853,384
periodic_bayes_update,sparse_feedback,1,0.438346,0.005553,-0.236293,0.019869,0.337323,0.007062,0.424936,0.007792,0.357670,0.005044,0.340028,0.005210,0.216431,0.003315,0.359850,0.001369,0.077662,0.000705,0.212923,0.003325,0.344283,0.003868,384
periodic_bayes_update,sparse_feedback,2,0.437785,0.005567,-0.236444,0.019870,0.337368,0.006997,0.424194,0.007842,0.357016,0.005026,0.340807,0.005192,0.216454,0.003297,0.360675,0.001345,0.077333,0.000668,0.212933,0.003339,0.344910,0.003800,384
periodic_bayes_update,sparse_feedback,3,0.439494,0.005683,-0.236551,0.020019,0.338147,0.007111,0.425330,0.007790,0.357266,0.005035,0.340159,0.005113,0.217144,0.003314,0.359599,0.001415,0.077080,0.000688,0.213343,0.003333,0.344080,0.003779,384
periodic_bayes_update,sparse_feedback,4,0.439023,0.005586,-0.236314,0.019986,0.338562,0.007094,0.425181,0.007917,0.357761,0.005020,0.339487,0.005160,0.216512,0.003308,0.359276,0.001364,0.077109,0.000713,0.212870,0.003328,0.345574,0.003825,384
periodic_bayes_update,sparse_feedback,5,0.439596,0.005623,-0.236027,0.019914,0.337433,0.007046,0.426116,0.007789,0.356925,0.005092,0.340614,0.005168,0.216656,0.003283,0.359987,0.001362,0.077152,0.000692,0.213147,0.003288,0.346026,0.003863,384
periodic_bayes_update,sparse_feedback,6,0.439416,0.005418,-0.234304,0.019690,0.337250,0.007065,0.424170,0.007827,0.357118,0.005027,0.340159,0.005166,0.216279,0.003292,0.359771,0.001312,0.077012,0.000639,0.212709,0.003356,0.345403,0.003841,384
periodic_bayes_update,sparse_feedback,7,0.438386,0.005619,-0.237207,0.019934,0.338102,0.007126,0.424928,0.007761,0.357064,0.005033,0.339478,0.005109,0.216725,0.003319,0.359759,0.001292,0.077094,0.000694,0.213467,0.003371,0.345219,0.003859,384
periodic_bayes_update,sparse_feedback,8,0.438812,0.005678,-0.237120,0.020008,0.338842,0.007052,0.425108,0.007787,0.357066,0.005018,0.340296,0.005125,0.216662,0.003307,0.359257,0.001382,0.077573,0.000720,0.213305,0.003343,0.344467,0.003783,384
periodic_bayes_update,sparse_feedback,9,0.438350,0.005701,-0.235763,0.019978,0.337866,0.007102,0.424128,0.007776,0.358223,0.005003,0.340187,0.005133,0.216649,0.003284,0.360035,0.001323,0.077156,0.000712,0.212739,0.003362,0.345840,0.003783,384
pomdp_belief_update,combined_stress,0,0.525897,0.005488,0.079608,0.019720,0.230097,0.007064,0.358877,0.007864,0.520192,0.005017,0.451159,0.005088,0.184801,0.003329,0.407705,0.001409,0.063752,0.000794,0.150761,0.003299,0.491319,0.003706,384
pomdp_belief_update,combined_stress,1,0.526543,0.005445,0.081186,0.019785,0.229265,0.007154,0.358733,0.007842,0.522248,0.005021,0.450508,0.005190,0.184421,0.003327,0.407806,0.001358,0.063758,0.000800,0.151454,0.003363,0.491548,0.003768,384
pomdp_belief_update,combined_stress,2,0.525712,0.005564,0.080136,0.019798,0.229950,0.007141,0.357809,0.007846,0.520374,0.004958,0.449659,0.005137,0.184534,0.003312,0.407491,0.001337,0.063599,0.000814,0.151013,0.003345,0.491165,0.003718,384
pomdp_belief_update,combined_stress,3,0.524429,0.005505,0.077719,0.019735,0.230058,0.007145,0.358353,0.007797,0.519318,0.005103,0.449740,0.005152,0.184432,0.003322,0.408634,0.001323,0.064028,0.000811,0.151547,0.003298,0.491740,0.003736,384
pomdp_belief_update,combined_stress,4,0.525525,0.005610,0.079768,0.019760,0.229887,0.007112,0.358143,0.007805,0.520850,0.005007,0.449556,0.005086,0.184419,0.003260,0.408294,0.001346,0.064195,0.000773,0.150538,0.003324,0.490806,0.003809,384
pomdp_belief_update,combined_stress,5,0.526819,0.005398,0.080474,0.019491,0.230209,0.006988,0.359133,0.007863,0.520689,0.004944,0.451121,0.005095,0.184275,0.003310,0.407308,0.001355,0.063945,0.000787,0.151472,0.003290,0.490879,0.003842,384
pomdp_belief_update,combined_stress,6,0.526736,0.005653,0.080139,0.019885,0.230748,0.007012,0.358880,0.007862,0.520500,0.004953,0.450659,0.005013,0.183981,0.003307,0.408450,0.001355,0.064194,0.000789,0.151158,0.003297,0.491398,0.004030,384
pomdp_belief_update,combined_stress,7,0.526713,0.005710,0.078854,0.019942,0.231050,0.007116,0.359472,0.007853,0.520594,0.005119,0.449593,0.005181,0.184437,0.003315,0.407606,0.001351,0.064173,0.000840,0.151840,0.003365,0.490836,0.003756,384
pomdp_belief_update,combined_stress,8,0.525437,0.005512,0.078029,0.019657,0.231442,0.007076,0.358540,0.007698,0.519871,0.004976,0.450217,0.005171,0.184676,0.003297,0.408457,0.001344,0.064095,0.000748,0.151234,0.003344,0.492590,0.003863,384
pomdp_belief_update,combined_stress,9,0.525595,0.005348,0.078833,0.019390,0.230236,0.006995,0.359118,0.007761,0.521564,0.004960,0.450025,0.005195,0.184439,0.003258,0.408724,0.001349,0.062934,0.000808,0.151705,0.003269,0.490657,0.003798,384
pomdp_belief_update,in_distribution,0,0.619115,0.005645,0.416699,0.019809,0.167894,0.007078,0.197847,0.007873,0.564953,0.004987,0.502587,0.005095,0.155118,0.003285,0.262065,0.001348,0.070445,0.000844,0.116333,0.003345,0.491672,0.003726,384
pomdp_belief_update,in_distribution,1,0.619657,0.005525,0.417460,0.019695,0.166999,0.007015,0.198301,0.007922,0.565045,0.004850,0.502400,0.004951,0.155376,0.003287,0.261094,0.001401,0.070315,0.000820,0.116532,0.003340,0.491689,0.003762,384
pomdp_belief_update,in_distribution,2,0.620317,0.005506,0.416751,0.019720,0.168683,0.007151,0.197809,0.007783,0.564188,0.005008,0.502429,0.005123,0.155820,0.003344,0.261438,0.001393,0.070440,0.000806,0.116440,0.003347,0.491077,0.003703,384
pomdp_belief_update,in_distribution,3,0.618800,0.005618,0.415467,0.019907,0.168443,0.007088,0.198560,0.007932,0.564369,0.005026,0.503372,0.005131,0.155107,0.003322,0.261985,0.001368,0.070192,0.000802,0.116740,0.003369,0.491402,0.003779,384
pomdp_belief_update,in_distribution,4,0.620237,0.005492,0.418531,0.019747,0.167481,0.007125,0.197226,0.007897,0.564273,0.004998,0.502980,0.005069,0.155176,0.003251,0.261608,0.001376,0.070430,0.000816,0.116154,0.003368,0.491293,0.003727,384
pomdp_belief_update,in_distribution,5,0.620353,0.005553,0.416793,0.019776,0.168609,0.007050,0.199665,0.007839,0.565275,0.005024,0.503468,0.005198,0.154738,0.003317,0.262031,0.001345,0.070220,0.000792,0.116172,0.003331,0.490962,0.003873,384
pomdp_belief_update,in_distribution,6,0.618480,0.005653,0.417288,0.019885,0.167528,0.007183,0.197255,0.007832,0.565236,0.005001,0.502727,0.005137,0.155067,0.003314,0.261131,0.001400,0.070289,0.000777,0.115987,0.003322,0.491814,0.003708,384
pomdp_belief_update,in_distribution,7,0.619260,0.005641,0.417121,0.019874,0.168284,0.007078,0.197237,0.007848,0.564318,0.004974,0.503418,0.005077,0.155039,0.003306,0.261476,0.001350,0.070400,0.000803,0.116634,0.003393,0.491384,0.003788,384
pomdp_belief_update,in_distribution,8,0.620091,0.005580,0.418277,0.019860,0.168221,0.007079,0.197239,0.007887,0.564358,0.004964,0.503396,0.005198,0.154996,0.003300,0.261341,0.001366,0.070222,0.000760,0.116234,0.003360,0.491674,0.003812,384
pomdp_belief_update,in_distribution,9,0.620126,0.005571,0.415973,0.019737,0.168658,0.007081,0.199334,0.007835,0.563858,0.004907,0.502821,0.005228,0.155167,0.003298,0.261143,0.001339,0.070509,0.000820,0.116873,0.003264,0.492104,0.003854,384
pomdp_belief_update,long_horizon_recovery,0,0.563725,0.005460,0.216424,0.019764,0.193437,0.007135,0.301631,0.007805,0.545943,0.004964,0.451777,0.005072,0.167654,0.003352,0.359667,0.001405,0.066719,0.000822,0.135370,0.003433,0.490531,0.003889,384
pomdp_belief_update,long_horizon_recovery,1,0.565121,0.005595,0.217728,0.019764,0.193611,0.007141,0.302975,0.007777,0.546143,0.005064,0.452211,0.005191,0.166779,0.003312,0.358699,0.001366,0.066410,0.000811,0.135850,0.003333,0.491522,0.003788,384
pomdp_belief_update,long_horizon_recovery,2,0.563487,0.005511,0.216694,0.019833,0.193534,0.007188,0.301353,0.007791,0.546827,0.005091,0.451189,0.005299,0.167366,0.003365,0.359210,0.001293,0.066598,0.000793,0.135826,0.003331,0.491791,0.003870,384
pomdp_belief_update,long_horizon_recovery,3,0.564245,0.005614,0.216185,0.019857,0.194481,0.007131,0.302063,0.007826,0.545663,0.004985,0.452357,0.005111,0.167322,0.003321,0.358969,0.001311,0.066907,0.000825,0.135968,0.003332,0.490621,0.003840,384
pomdp_belief_update,long_horizon_recovery,4,0.565765,0.005532,0.217463,0.019677,0.193323,0.007037,0.302206,0.007821,0.545629,0.005046,0.451444,0.005107,0.167781,0.003312,0.360009,0.001377,0.066952,0.000813,0.136166,0.003317,0.491341,0.003753,384
pomdp_belief_update,long_horizon_recovery,5,0.564926,0.005700,0.215967,0.019916,0.194557,0.007084,0.302496,0.007807,0.546013,0.005008,0.451736,0.005127,0.167813,0.003332,0.359573,0.001336,0.065924,0.000802,0.136447,0.003323,0.490937,0.003815,384
pomdp_belief_update,long_horizon_recovery,6,0.565618,0.005476,0.218159,0.019644,0.193780,0.007060,0.301643,0.007766,0.545972,0.005067,0.452463,0.005186,0.167615,0.003347,0.359100,0.001352,0.066255,0.000797,0.136282,0.003321,0.491101,0.003806,384
pomdp_belief_update,long_horizon_recovery,7,0.566613,0.005575,0.218212,0.019735,0.194914,0.007049,0.302053,0.007888,0.546859,0.004907,0.450531,0.005094,0.167460,0.003278,0.359210,0.001331,0.065662,0.000792,0.136214,0.003366,0.491601,0.003819,384
pomdp_belief_update,long_horizon_recovery,8,0.564765,0.005603,0.217836,0.019717,0.193805,0.007056,0.300862,0.007846,0.546510,0.004914,0.451255,0.005152,0.167681,0.003287,0.358813,0.001369,0.066741,0.000817,0.135946,0.003317,0.491567,0.003760,384
pomdp_belief_update,long_horizon_recovery,9,0.563477,0.005659,0.215016,0.019832,0.194660,0.007102,0.302508,0.007783,0.546337,0.005021,0.452187,0.005167,0.167489,0.003291,0.359589,0.001357,0.066366,0.000850,0.136090,0.003323,0.491676,0.003683,384
pomdp_belief_update,new_operator_interventions,0,0.583728,0.005501,0.295369,0.019789,0.188458,0.007086,0.256524,0.007818,0.544548,0.005063,0.489968,0.005158,0.169393,0.003356,0.301154,0.001387,0.068114,0.000756,0.128528,0.003348,0.491097,0.003804,384
pomdp_belief_update,new_operator_interventions,1,0.585017,0.005605,0.296195,0.019806,0.188107,0.007073,0.257566,0.007857,0.543210,0.005082,0.490827,0.004983,0.169238,0.003276,0.301268,0.001363,0.067979,0.000802,0.128398,0.003392,0.491522,0.003704,384
pomdp_belief_update,new_operator_interventions,2,0.583509,0.005671,0.295322,0.019851,0.188801,0.007022,0.257028,0.007888,0.544601,0.004945,0.492457,0.005256,0.169240,0.003314,0.301035,0.001324,0.067947,0.000846,0.128445,0.003331,0.490720,0.003817,384
pomdp_belief_update,new_operator_interventions,3,0.587029,0.005591,0.298599,0.019782,0.188783,0.007060,0.257206,0.007847,0.544745,0.004999,0.492286,0.004931,0.168963,0.003288,0.301172,0.001367,0.068396,0.000770,0.128979,0.003332,0.491676,0.003796,384
pomdp_belief_update,new_operator_interventions,4,0.585561,0.005522,0.295684,0.019720,0.188795,0.007035,0.258547,0.007887,0.542824,0.004967,0.491370,0.005163,0.169047,0.003273,0.300695,0.001346,0.068077,0.000788,0.128774,0.003329,0.490873,0.003710,384
pomdp_belief_update,new_operator_interventions,5,0.586534,0.005663,0.297575,0.019783,0.188396,0.007029,0.256962,0.007790,0.543540,0.004834,0.491919,0.005125,0.169571,0.003317,0.301520,0.001302,0.067993,0.000807,0.129172,0.003364,0.491161,0.003898,384
pomdp_belief_update,new_operator_interventions,6,0.584145,0.005622,0.295232,0.019716,0.188384,0.007013,0.257125,0.007814,0.542957,0.004944,0.491538,0.005210,0.169277,0.003283,0.301637,0.001376,0.068079,0.000825,0.128967,0.003312,0.491949,0.003812,384
pomdp_belief_update,new_operator_interventions,7,0.585165,0.005407,0.296064,0.019659,0.187991,0.007151,0.257928,0.007854,0.543530,0.004880,0.491219,0.005139,0.169407,0.003344,0.301549,0.001340,0.067592,0.000868,0.128819,0.003367,0.491883,0.003877,384
pomdp_belief_update,new_operator_interventions,8,0.584362,0.005464,0.297274,0.019646,0.186953,0.007060,0.256736,0.007804,0.543451,0.005056,0.491378,0.005121,0.168925,0.003289,0.301885,0.001413,0.067790,0.000843,0.128095,0.003296,0.491682,0.003952,384
pomdp_belief_update,new_operator_interventions,9,0.585954,0.005632,0.297963,0.019932,0.187902,0.007147,0.257092,0.007879,0.543896,0.004975,0.491415,0.005199,0.169374,0.003339,0.301253,0.001380,0.067506,0.000842,0.127897,0.003379,0.490383,0.003869,384
pomdp_belief_update,sparse_feedback,0,0.558075,0.005558,0.189439,0.019747,0.230547,0.007044,0.289766,0.007793,0.533270,0.005064,0.482440,0.005100,0.175764,0.003301,0.367851,0.001399,0.066067,0.000857,0.141678,0.003337,0.490885,0.003924,384
pomdp_belief_update,sparse_feedback,1,0.556055,0.005669,0.188033,0.019911,0.229713,0.007050,0.290358,0.007855,0.533761,0.005037,0.482366,0.005163,0.175449,0.003319,0.368041,0.001315,0.066338,0.000796,0.141480,0.003327,0.492513,0.003804,384
pomdp_belief_update,sparse_feedback,2,0.558855,0.005523,0.190813,0.019686,0.229875,0.007019,0.290455,0.007862,0.534568,0.005084,0.483365,0.005160,0.175460,0.003334,0.368120,0.001348,0.066268,0.000879,0.141497,0.003336,0.490646,0.003823,384
pomdp_belief_update,sparse_feedback,3,0.556640,0.005505,0.188674,0.019677,0.230223,0.007098,0.289062,0.007801,0.534376,0.005056,0.481272,0.005130,0.175680,0.003267,0.368400,0.001262,0.066828,0.000756,0.141382,0.003350,0.491382,0.003799,384
pomdp_belief_update,sparse_feedback,4,0.555920,0.005550,0.186418,0.019732,0.229964,0.007073,0.291403,0.007827,0.534335,0.004968,0.482267,0.005104,0.176025,0.003331,0.368296,0.001367,0.065932,0.000765,0.141960,0.003333,0.491412,0.003813,384
pomdp_belief_update,sparse_feedback,5,0.558124,0.005663,0.189396,0.019918,0.230494,0.007083,0.290462,0.007922,0.534544,0.004886,0.481946,0.005152,0.175796,0.003327,0.367840,0.001315,0.066097,0.000790,0.141274,0.003307,0.491116,0.003815,384
pomdp_belief_update,sparse_feedback,6,0.556490,0.005506,0.188142,0.019713,0.230257,0.007153,0.290061,0.007875,0.533945,0.004945,0.481910,0.005068,0.175762,0.003292,0.367881,0.001386,0.065895,0.000806,0.141393,0.003403,0.491795,0.003765,384
pomdp_belief_update,sparse_feedback,7,0.556662,0.005472,0.187948,0.019581,0.229489,0.007116,0.291130,0.007693,0.534132,0.004862,0.482254,0.005078,0.175623,0.003284,0.368276,0.001332,0.065912,0.000830,0.141698,0.003404,0.491015,0.003829,384
pomdp_belief_update,sparse_feedback,8,0.556596,0.005700,0.188531,0.019897,0.229492,0.007102,0.290069,0.007832,0.534432,0.004877,0.483747,0.005131,0.175935,0.003355,0.368675,0.001316,0.066026,0.000791,0.141856,0.003376,0.490259,0.003764,384
pomdp_belief_update,sparse_feedback,9,0.556441,0.005536,0.188249,0.019663,0.229898,0.007042,0.289959,0.007807,0.534401,0.005004,0.481336,0.005089,0.175576,0.003307,0.368286,0.001352,0.066177,0.000816,0.141674,0.003380,0.492018,0.003775,384
proposed_intervention_violation_revision_v4_1,combined_stress,0,0.656806,0.005598,0.521645,0.019696,0.119169,0.007091,0.225516,0.007802,0.687551,0.004950,0.620578,0.005152,0.150907,0.003243,0.376536,0.001340,0.068353,0.000758,0.085355,0.003290,0.642535,0.003702,384
proposed_intervention_violation_revision_v4_1,combined_stress,1,0.657278,0.005516,0.520756,0.019789,0.119425,0.007068,0.225666,0.007917,0.687584,0.004949,0.618519,0.005194,0.152084,0.003312,0.376070,0.001421,0.068551,0.000732,0.085381,0.003391,0.643883,0.003836,384
proposed_intervention_violation_revision_v4_1,combined_stress,2,0.656400,0.005502,0.520308,0.019654,0.119878,0.007048,0.225987,0.007725,0.687581,0.004969,0.620752,0.005148,0.151391,0.003340,0.376713,0.001333,0.068050,0.000728,0.085442,0.003340,0.644077,0.003748,384
proposed_intervention_violation_revision_v4_1,combined_stress,3,0.656840,0.005654,0.521764,0.019855,0.119602,0.007113,0.225426,0.007793,0.687986,0.004933,0.621101,0.005054,0.151440,0.003308,0.376442,0.001376,0.068086,0.000781,0.084832,0.003324,0.644121,0.003809,384
proposed_intervention_violation_revision_v4_1,combined_stress,4,0.657075,0.005749,0.521472,0.019943,0.119207,0.007144,0.226025,0.007842,0.688030,0.005013,0.620780,0.005085,0.151295,0.003318,0.377597,0.001325,0.068060,0.000765,0.084782,0.003290,0.642932,0.003918,384
proposed_intervention_violation_revision_v4_1,combined_stress,5,0.656975,0.005718,0.520923,0.019933,0.119680,0.007085,0.225864,0.007827,0.687853,0.005035,0.620223,0.005068,0.151339,0.003287,0.376350,0.001432,0.068326,0.000720,0.085551,0.003344,0.642722,0.003749,384
proposed_intervention_violation_revision_v4_1,combined_stress,6,0.657984,0.005421,0.522350,0.019728,0.118783,0.007103,0.225797,0.007904,0.686813,0.005061,0.620286,0.005228,0.151518,0.003276,0.376835,0.001371,0.068268,0.000795,0.084911,0.003346,0.643175,0.003783,384
proposed_intervention_violation_revision_v4_1,combined_stress,7,0.657385,0.005593,0.522102,0.019976,0.119250,0.007150,0.225119,0.007921,0.686961,0.005020,0.619415,0.005246,0.151402,0.003344,0.375714,0.001346,0.068455,0.000793,0.084932,0.003316,0.642987,0.003778,384
proposed_intervention_violation_revision_v4_1,combined_stress,8,0.657048,0.005640,0.521456,0.019853,0.119424,0.007051,0.225325,0.007852,0.687906,0.005156,0.620203,0.005130,0.151760,0.003336,0.376551,0.001279,0.068155,0.000780,0.085055,0.003281,0.643022,0.003830,384
proposed_intervention_violation_revision_v4_1,combined_stress,9,0.657924,0.005549,0.522418,0.019682,0.119205,0.007038,0.224837,0.007808,0.687418,0.005012,0.620025,0.005141,0.151492,0.003300,0.377170,0.001368,0.068316,0.000731,0.085698,0.003267,0.643542,0.003813,384
proposed_intervention_violation_revision_v4_1,in_distribution,0,0.750187,0.005530,0.848630,0.018061,0.061168,0.006563,0.074993,0.006285,0.732095,0.004847,0.672323,0.005214,0.122388,0.003293,0.230488,0.001391,0.073617,0.000796,0.050625,0.003273,0.642848,0.003741,384
proposed_intervention_violation_revision_v4_1,in_distribution,1,0.749365,0.005570,0.846587,0.018295,0.062209,0.006555,0.076058,0.006355,0.731134,0.004820,0.672983,0.005143,0.122210,0.003321,0.230460,0.001358,0.074039,0.000734,0.050519,0.003318,0.644269,0.003710,384
proposed_intervention_violation_revision_v4_1,in_distribution,2,0.748903,0.005672,0.847296,0.018314,0.062141,0.006526,0.074572,0.006308,0.730412,0.004953,0.672678,0.005124,0.122233,0.003343,0.229573,0.001358,0.073720,0.000759,0.050229,0.003255,0.643484,0.003751,384
proposed_intervention_violation_revision_v4_1,in_distribution,3,0.748581,0.005519,0.845961,0.018154,0.061834,0.006547,0.075549,0.006293,0.730736,0.004994,0.672623,0.005205,0.122233,0.003327,0.230473,0.001390,0.074697,0.000767,0.050612,0.003268,0.643457,0.003773,384
proposed_intervention_violation_revision_v4_1,in_distribution,4,0.750671,0.005479,0.847879,0.018151,0.062104,0.006514,0.076049,0.006374,0.731247,0.004971,0.672883,0.005111,0.122360,0.003318,0.230256,0.001370,0.073952,0.000756,0.050322,0.003324,0.643168,0.003791,384
proposed_intervention_violation_revision_v4_1,in_distribution,5,0.749700,0.005570,0.847408,0.018187,0.061697,0.006431,0.075438,0.006367,0.730841,0.004972,0.672006,0.005171,0.122162,0.003291,0.230487,0.001325,0.073988,0.000745,0.050405,0.003295,0.643688,0.003805,384
proposed_intervention_violation_revision_v4_1,in_distribution,6,0.749507,0.005565,0.848136,0.018230,0.060913,0.006467,0.075646,0.006436,0.730016,0.005025,0.673472,0.005134,0.121985,0.003324,0.230178,0.001371,0.074517,0.000758,0.049527,0.003307,0.643502,0.003794,384
proposed_intervention_violation_revision_v4_1,in_distribution,7,0.749611,0.005466,0.847262,0.018037,0.062268,0.006506,0.075129,0.006307,0.730885,0.005038,0.673602,0.005132,0.122427,0.003301,0.230336,0.001444,0.074438,0.000776,0.050551,0.003274,0.643895,0.003619,384
proposed_intervention_violation_revision_v4_1,in_distribution,8,0.751948,0.005559,0.849607,0.018316,0.062048,0.006514,0.075929,0.006405,0.730202,0.004999,0.673319,0.005019,0.121694,0.003389,0.230050,0.001407,0.074043,0.000759,0.050378,0.003290,0.643399,0.003870,384
proposed_intervention_violation_revision_v4_1,in_distribution,9,0.751877,0.005551,0.850458,0.018259,0.061967,0.006573,0.074795,0.006304,0.732018,0.004974,0.673528,0.005124,0.122379,0.003301,0.230521,0.001370,0.074164,0.000735,0.050123,0.003273,0.644659,0.003801,384
proposed_intervention_violation_revision_v4_1,long_horizon_recovery,0,0.696344,0.005543,0.658018,0.019639,0.085132,0.006918,0.169350,0.007883,0.712500,0.004954,0.621566,0.005069,0.133765,0.003318,0.328016,0.001370,0.070426,0.000751,0.070327,0.003364,0.644004,0.003824,384
proposed_intervention_violation_revision_v4_1,long_horizon_recovery,1,0.695900,0.005591,0.657507,0.019683,0.085314,0.006903,0.168236,0.007916,0.711565,0.004977,0.620620,0.005164,0.134592,0.003327,0.328106,0.001363,0.070258,0.000725,0.069913,0.003361,0.645019,0.003739,384
proposed_intervention_violation_revision_v4_1,long_horizon_recovery,2,0.695518,0.005522,0.657594,0.019501,0.083866,0.006793,0.168870,0.007800,0.711606,0.005093,0.620562,0.005113,0.134481,0.003311,0.328070,0.001326,0.070702,0.000723,0.069605,0.003342,0.643814,0.003850,384
proposed_intervention_violation_revision_v4_1,long_horizon_recovery,3,0.694605,0.005637,0.655472,0.019764,0.085382,0.006896,0.169106,0.007883,0.712513,0.005021,0.622180,0.005112,0.134836,0.003316,0.328541,0.001375,0.071294,0.000718,0.070069,0.003395,0.643784,0.003838,384
proposed_intervention_violation_revision_v4_1,long_horizon_recovery,4,0.694488,0.005499,0.655029,0.019666,0.084976,0.006953,0.170006,0.007900,0.712115,0.005082,0.621307,0.005051,0.134511,0.003327,0.328079,0.001409,0.070882,0.000729,0.070269,0.003364,0.643631,0.003870,384
proposed_intervention_violation_revision_v4_1,long_horizon_recovery,5,0.697024,0.005612,0.658795,0.019647,0.084639,0.006873,0.169522,0.007801,0.712222,0.004972,0.621706,0.005116,0.134040,0.003323,0.328016,0.001391,0.070636,0.000724,0.069991,0.003301,0.644618,0.003740,384
proposed_intervention_violation_revision_v4_1,long_horizon_recovery,6,0.695619,0.005609,0.657545,0.019625,0.084765,0.006851,0.168914,0.007812,0.712076,0.005011,0.621326,0.005138,0.134087,0.003326,0.328128,0.001369,0.070592,0.000735,0.070059,0.003307,0.644412,0.003823,384
proposed_intervention_violation_revision_v4_1,long_horizon_recovery,7,0.696124,0.005532,0.657751,0.019585,0.084835,0.006854,0.168171,0.007758,0.712930,0.004922,0.620434,0.005183,0.134992,0.003366,0.328144,0.001348,0.070420,0.000774,0.070242,0.003384,0.643649,0.003733,384
proposed_intervention_violation_revision_v4_1,long_horizon_recovery,8,0.696484,0.005619,0.658024,0.019567,0.085360,0.006850,0.169119,0.007832,0.713582,0.004864,0.621646,0.005167,0.134489,0.003295,0.328415,0.001357,0.070191,0.000716,0.070066,0.003337,0.644403,0.003854,384
proposed_intervention_violation_revision_v4_1,long_horizon_recovery,9,0.696317,0.005557,0.658303,0.019671,0.084375,0.006886,0.169215,0.007872,0.712422,0.005134,0.622039,0.005054,0.134487,0.003314,0.328038,0.001357,0.070408,0.000712,0.069807,0.003391,0.643666,0.003742,384
proposed_intervention_violation_revision_v4_1,new_operator_interventions,0,0.715797,0.005501,0.735848,0.019345,0.079693,0.006860,0.124782,0.007507,0.710283,0.005076,0.661597,0.005094,0.136290,0.003327,0.269816,0.001359,0.072872,0.000770,0.062606,0.003315,0.642548,0.003791,384
proposed_intervention_violation_revision_v4_1,new_operator_interventions,1,0.716724,0.005596,0.737945,0.019431,0.079190,0.006816,0.123926,0.007655,0.710192,0.004997,0.661497,0.005006,0.135877,0.003290,0.270742,0.001308,0.072825,0.000731,0.062273,0.003344,0.643706,0.003839,384
proposed_intervention_violation_revision_v4_1,new_operator_interventions,2,0.716432,0.005680,0.736410,0.019482,0.078253,0.006759,0.126078,0.007652,0.709676,0.004942,0.661226,0.005090,0.136287,0.003296,0.270182,0.001412,0.072200,0.000775,0.062622,0.003302,0.644015,0.003720,384
proposed_intervention_violation_revision_v4_1,new_operator_interventions,3,0.717000,0.005622,0.737407,0.019456,0.079288,0.006769,0.124988,0.007642,0.710345,0.004972,0.661328,0.005037,0.136179,0.003270,0.269790,0.001337,0.072718,0.000766,0.062528,0.003370,0.644219,0.003764,384
proposed_intervention_violation_revision_v4_1,new_operator_interventions,4,0.715472,0.005533,0.735788,0.019341,0.079094,0.006789,0.125319,0.007629,0.710669,0.004906,0.661445,0.005187,0.135873,0.003316,0.270738,0.001380,0.072785,0.000768,0.062435,0.003347,0.643094,0.003771,384
proposed_intervention_violation_revision_v4_1,new_operator_interventions,5,0.715844,0.005508,0.735447,0.019356,0.079770,0.006849,0.125753,0.007647,0.710340,0.004891,0.661540,0.005212,0.136238,0.003297,0.270277,0.001335,0.072515,0.000802,0.062279,0.003356,0.644084,0.003778,384
proposed_intervention_violation_revision_v4_1,new_operator_interventions,6,0.715585,0.005352,0.736143,0.019230,0.079305,0.006761,0.125416,0.007682,0.709840,0.005054,0.662219,0.005092,0.136090,0.003316,0.270042,0.001344,0.072059,0.000742,0.061899,0.003305,0.643848,0.003746,384
proposed_intervention_violation_revision_v4_1,new_operator_interventions,7,0.716105,0.005611,0.736424,0.019431,0.079228,0.006784,0.125681,0.007586,0.710366,0.005053,0.661854,0.005023,0.136023,0.003365,0.270454,0.001392,0.071643,0.000754,0.062395,0.003345,0.644328,0.003829,384
proposed_intervention_violation_revision_v4_1,new_operator_interventions,8,0.715834,0.005518,0.735705,0.019401,0.079566,0.006875,0.125389,0.007653,0.709788,0.005057,0.660728,0.005207,0.136225,0.003352,0.270041,0.001362,0.071756,0.000786,0.062260,0.003337,0.643746,0.003759,384
proposed_intervention_violation_revision_v4_1,new_operator_interventions,9,0.715539,0.005641,0.736085,0.019481,0.079546,0.006800,0.124768,0.007697,0.709876,0.005008,0.662083,0.005070,0.136386,0.003323,0.270345,0.001353,0.072084,0.000808,0.061921,0.003355,0.643959,0.003799,384
proposed_intervention_violation_revision_v4_1,sparse_feedback,0,0.687097,0.005539,0.629648,0.019712,0.119427,0.006996,0.157188,0.007896,0.701248,0.005055,0.651974,0.005167,0.142466,0.003276,0.336841,0.001331,0.070144,0.000764,0.075042,0.003328,0.643362,0.003817,384
proposed_intervention_violation_revision_v4_1,sparse_feedback,1,0.686390,0.005574,0.628165,0.019832,0.119868,0.007089,0.156979,0.007815,0.700829,0.005030,0.652055,0.005193,0.143081,0.003358,0.336737,0.001337,0.070398,0.000764,0.075573,0.003331,0.644460,0.003794,384
proposed_intervention_violation_revision_v4_1,sparse_feedback,2,0.687043,0.005638,0.629339,0.019778,0.119564,0.007077,0.157027,0.007789,0.700272,0.004888,0.651769,0.005199,0.142248,0.003298,0.336484,0.001405,0.070683,0.000775,0.075676,0.003262,0.644557,0.003721,384
proposed_intervention_violation_revision_v4_1,sparse_feedback,3,0.686857,0.005481,0.630394,0.019671,0.118431,0.007058,0.156075,0.007760,0.701040,0.004992,0.652307,0.005225,0.142963,0.003316,0.337386,0.001345,0.069994,0.000767,0.074927,0.003388,0.643187,0.003799,384
proposed_intervention_violation_revision_v4_1,sparse_feedback,4,0.686668,0.005297,0.629160,0.019539,0.118862,0.007132,0.157135,0.007817,0.699870,0.004976,0.652716,0.005174,0.142492,0.003316,0.336826,0.001384,0.070819,0.000759,0.075487,0.003344,0.643851,0.003848,384
proposed_intervention_violation_revision_v4_1,sparse_feedback,5,0.686649,0.005661,0.630244,0.019831,0.118284,0.007104,0.156806,0.007760,0.701665,0.004938,0.652153,0.005124,0.142640,0.003309,0.336755,0.001346,0.070240,0.000718,0.074990,0.003362,0.643547,0.003858,384
proposed_intervention_violation_revision_v4_1,sparse_feedback,6,0.688237,0.005598,0.631290,0.019899,0.118728,0.007087,0.156824,0.007921,0.700420,0.004987,0.652299,0.005176,0.142368,0.003361,0.336925,0.001398,0.070758,0.000782,0.075007,0.003352,0.643593,0.003906,384
proposed_intervention_violation_revision_v4_1,sparse_feedback,7,0.686627,0.005520,0.630190,0.019680,0.119104,0.007044,0.156221,0.007834,0.700739,0.004989,0.651989,0.005137,0.142254,0.003295,0.336869,0.001355,0.070122,0.000774,0.075096,0.003335,0.644527,0.003740,384
proposed_intervention_violation_revision_v4_1,sparse_feedback,8,0.687239,0.005546,0.629307,0.019856,0.119519,0.007122,0.157274,0.007913,0.700353,0.004956,0.652001,0.005053,0.142371,0.003314,0.337471,0.001386,0.070562,0.000827,0.075221,0.003409,0.644348,0.003827,384
proposed_intervention_violation_revision_v4_1,sparse_feedback,9,0.686848,0.005557,0.629051,0.019660,0.119413,0.007110,0.157474,0.007724,0.701133,0.004965,0.651944,0.005179,0.142580,0.003291,0.336427,0.001345,0.070327,0.000749,0.075549,0.003349,0.644324,0.003799,384
scalar_uncertainty_trigger,combined_stress,0,0.438840,0.005463,-0.257734,0.019573,0.315570,0.007014,0.467298,0.007728,0.374615,0.005051,0.328928,0.005133,0.216280,0.003278,0.413071,0.001317,0.070350,0.000595,0.207300,0.003309,0.369503,0.003936,384
scalar_uncertainty_trigger,combined_stress,1,0.437906,0.005656,-0.258856,0.019916,0.315024,0.007032,0.467598,0.007880,0.374148,0.004962,0.327449,0.005187,0.216344,0.003311,0.413572,0.001364,0.070151,0.000581,0.206698,0.003328,0.369355,0.003833,384
scalar_uncertainty_trigger,combined_stress,2,0.438406,0.005563,-0.259107,0.019880,0.315993,0.007116,0.467869,0.007869,0.374387,0.004960,0.328629,0.005091,0.216898,0.003314,0.413212,0.001282,0.070596,0.000659,0.206719,0.003349,0.370714,0.003752,384
scalar_uncertainty_trigger,combined_stress,3,0.438129,0.005493,-0.260038,0.019872,0.316813,0.007127,0.467819,0.007853,0.374973,0.005041,0.327419,0.005190,0.216449,0.003294,0.412930,0.001373,0.070107,0.000627,0.207863,0.003367,0.369964,0.003871,384
scalar_uncertainty_trigger,combined_stress,4,0.438037,0.005453,-0.259191,0.019904,0.316021,0.007127,0.468146,0.007965,0.374031,0.005096,0.328060,0.005195,0.216021,0.003257,0.413206,0.001390,0.070929,0.000595,0.206259,0.003370,0.370106,0.003776,384
scalar_uncertainty_trigger,combined_stress,5,0.438909,0.005384,-0.258406,0.019676,0.315666,0.007069,0.467588,0.007815,0.373667,0.004949,0.327148,0.005214,0.216281,0.003372,0.413272,0.001352,0.070880,0.000622,0.206546,0.003323,0.369330,0.003723,384
scalar_uncertainty_trigger,combined_stress,6,0.439454,0.005541,-0.258332,0.019776,0.316061,0.007148,0.468540,0.007736,0.373956,0.004951,0.328462,0.005273,0.215794,0.003304,0.413106,0.001385,0.070142,0.000589,0.207644,0.003338,0.369462,0.003902,384
scalar_uncertainty_trigger,combined_stress,7,0.437339,0.005594,-0.259346,0.019960,0.315400,0.007217,0.467182,0.007855,0.373508,0.004833,0.328429,0.005141,0.216431,0.003330,0.413694,0.001407,0.070877,0.000605,0.206643,0.003341,0.370973,0.003840,384
scalar_uncertainty_trigger,combined_stress,8,0.438708,0.005723,-0.257842,0.019925,0.315755,0.007106,0.467260,0.007756,0.374416,0.005005,0.327467,0.005057,0.216447,0.003340,0.413122,0.001398,0.070194,0.000607,0.206338,0.003282,0.371246,0.003744,384
scalar_uncertainty_trigger,combined_stress,9,0.437650,0.005482,-0.259614,0.019732,0.315823,0.007124,0.467644,0.007811,0.374340,0.004988,0.327065,0.005004,0.216050,0.003313,0.413794,0.001324,0.070997,0.000630,0.206824,0.003361,0.370613,0.003819,384
scalar_uncertainty_trigger,in_distribution,0,0.531350,0.005408,0.078616,0.019610,0.253734,0.006990,0.306821,0.007861,0.416679,0.005058,0.381194,0.005267,0.186787,0.003290,0.266745,0.001366,0.073012,0.000726,0.172544,0.003356,0.370281,0.003732,384
scalar_uncertainty_trigger,in_distribution,1,0.533424,0.005613,0.080168,0.019752,0.254048,0.007105,0.307176,0.007808,0.417295,0.005006,0.380068,0.005056,0.186868,0.003280,0.266567,0.001382,0.072822,0.000729,0.172463,0.003336,0.370315,0.003797,384
scalar_uncertainty_trigger,in_distribution,2,0.530048,0.005448,0.077433,0.019659,0.252998,0.007113,0.306683,0.007812,0.418118,0.005054,0.380022,0.005099,0.187552,0.003272,0.267335,0.001377,0.073389,0.000735,0.172007,0.003298,0.370352,0.003773,384
scalar_uncertainty_trigger,in_distribution,3,0.530736,0.005575,0.078067,0.019737,0.253507,0.007115,0.307429,0.007759,0.419414,0.005006,0.380085,0.005071,0.187131,0.003320,0.266462,0.001403,0.073291,0.000779,0.172037,0.003304,0.369708,0.003725,384
scalar_uncertainty_trigger,in_distribution,4,0.532560,0.005640,0.079820,0.019862,0.253777,0.007168,0.306889,0.007768,0.418052,0.004984,0.380354,0.005099,0.187222,0.003296,0.266536,0.001312,0.073752,0.000745,0.171693,0.003351,0.370258,0.003827,384
scalar_uncertainty_trigger,in_distribution,5,0.530845,0.005733,0.079131,0.020055,0.253158,0.007208,0.306327,0.007826,0.417696,0.004924,0.381771,0.005160,0.187463,0.003348,0.265956,0.001321,0.072692,0.000731,0.172159,0.003337,0.370191,0.003863,384
scalar_uncertainty_trigger,in_distribution,6,0.530553,0.005491,0.077989,0.019723,0.253777,0.007124,0.307245,0.007857,0.418039,0.004949,0.380660,0.005213,0.186644,0.003281,0.266761,0.001309,0.073182,0.000757,0.171808,0.003339,0.369234,0.003711,384
scalar_uncertainty_trigger,in_distribution,7,0.530862,0.005584,0.077276,0.019808,0.254727,0.007030,0.307381,0.007861,0.418328,0.005004,0.380829,0.005063,0.186848,0.003311,0.267014,0.001336,0.073073,0.000747,0.172512,0.003320,0.369711,0.003834,384
scalar_uncertainty_trigger,in_distribution,8,0.531364,0.005752,0.077973,0.019944,0.254140,0.007142,0.307608,0.007838,0.418646,0.004886,0.380170,0.004989,0.187385,0.003306,0.266057,0.001340,0.072318,0.000736,0.172498,0.003363,0.370203,0.003821,384
scalar_uncertainty_trigger,in_distribution,9,0.532356,0.005593,0.080034,0.019724,0.253610,0.007042,0.306756,0.007806,0.417602,0.004974,0.380989,0.005110,0.186773,0.003278,0.266534,0.001385,0.073572,0.000730,0.172030,0.003282,0.369927,0.003818,384
scalar_uncertainty_trigger,long_horizon_recovery,0,0.476230,0.005347,-0.122119,0.019532,0.279925,0.007073,0.410707,0.007799,0.399059,0.004996,0.328893,0.005223,0.199356,0.003303,0.364155,0.001345,0.071130,0.000635,0.191989,0.003333,0.371719,0.003762,384
scalar_uncertainty_trigger,long_horizon_recovery,1,0.476546,0.005581,-0.122107,0.019777,0.280170,0.006990,0.410873,0.007767,0.399367,0.005081,0.329045,0.005090,0.199190,0.003336,0.364419,0.001346,0.071612,0.000654,0.192122,0.003333,0.371359,0.003777,384
scalar_uncertainty_trigger,long_horizon_recovery,2,0.476172,0.005593,-0.123155,0.019881,0.280861,0.007122,0.410614,0.007850,0.399711,0.004939,0.329160,0.005146,0.199565,0.003272,0.364975,0.001332,0.071555,0.000667,0.192313,0.003335,0.370763,0.003758,384
scalar_uncertainty_trigger,long_horizon_recovery,3,0.477887,0.005461,-0.121106,0.019593,0.280001,0.006948,0.412198,0.007830,0.399841,0.005008,0.329447,0.004923,0.199117,0.003362,0.364156,0.001308,0.070370,0.000615,0.192126,0.003279,0.370760,0.003818,384
scalar_uncertainty_trigger,long_horizon_recovery,4,0.476937,0.005483,-0.120920,0.019694,0.279414,0.007042,0.410880,0.007797,0.399024,0.004898,0.328812,0.005098,0.199156,0.003333,0.363857,0.001366,0.071288,0.000680,0.191193,0.003310,0.369839,0.003849,384
scalar_uncertainty_trigger,long_horizon_recovery,5,0.477015,0.005493,-0.122093,0.019687,0.280411,0.007040,0.411405,0.007842,0.399738,0.004923,0.329775,0.005201,0.199301,0.003297,0.364556,0.001333,0.071414,0.000678,0.192012,0.003282,0.369921,0.003762,384
scalar_uncertainty_trigger,long_horizon_recovery,6,0.479070,0.005659,-0.119266,0.020053,0.279519,0.007119,0.410839,0.007839,0.399280,0.005072,0.329417,0.005045,0.199274,0.003352,0.364950,0.001361,0.070751,0.000608,0.192128,0.003330,0.370440,0.003819,384
scalar_uncertainty_trigger,long_horizon_recovery,7,0.477500,0.005607,-0.122187,0.019918,0.280958,0.007063,0.410905,0.007897,0.399671,0.005006,0.329420,0.005194,0.199979,0.003246,0.364883,0.001377,0.071333,0.000606,0.191872,0.003312,0.370044,0.003892,384
scalar_uncertainty_trigger,long_horizon_recovery,8,0.477860,0.005529,-0.120079,0.019723,0.279768,0.007045,0.410855,0.007796,0.399884,0.004955,0.329571,0.005148,0.198854,0.003299,0.364555,0.001285,0.071215,0.000638,0.191896,0.003358,0.369939,0.003797,384
scalar_uncertainty_trigger,long_horizon_recovery,9,0.478178,0.005571,-0.119159,0.019837,0.279456,0.007123,0.409882,0.007798,0.399083,0.005049,0.330294,0.005090,0.199322,0.003345,0.364705,0.001359,0.070864,0.000615,0.191528,0.003363,0.369113,0.003820,384
scalar_uncertainty_trigger,new_operator_interventions,0,0.497063,0.005553,-0.042131,0.019744,0.274591,0.006979,0.365869,0.007878,0.397173,0.005069,0.370552,0.005111,0.201552,0.003324,0.306460,0.001441,0.071726,0.000686,0.184570,0.003282,0.369206,0.003823,384
scalar_uncertainty_trigger,new_operator_interventions,1,0.495330,0.005683,-0.043459,0.019877,0.273821,0.007064,0.366250,0.007853,0.396893,0.004997,0.369572,0.005141,0.200985,0.003338,0.306644,0.001272,0.070915,0.000683,0.184950,0.003290,0.369998,0.003816,384
scalar_uncertainty_trigger,new_operator_interventions,2,0.497638,0.005572,-0.042175,0.019770,0.274067,0.007122,0.366817,0.007795,0.396128,0.004946,0.369319,0.005168,0.200812,0.003263,0.306877,0.001367,0.072578,0.000690,0.184568,0.003370,0.369191,0.003805,384
scalar_uncertainty_trigger,new_operator_interventions,3,0.499037,0.005665,-0.038659,0.019823,0.273796,0.006981,0.364974,0.007867,0.397497,0.005005,0.369765,0.005101,0.200941,0.003258,0.306875,0.001315,0.072557,0.000745,0.184056,0.003355,0.370517,0.003761,384
scalar_uncertainty_trigger,new_operator_interventions,4,0.497500,0.005454,-0.040928,0.019610,0.273976,0.007089,0.366439,0.007762,0.397779,0.004994,0.370324,0.005039,0.200886,0.003319,0.306998,0.001332,0.071932,0.000669,0.184129,0.003290,0.371336,0.003818,384
scalar_uncertainty_trigger,new_operator_interventions,5,0.497242,0.005582,-0.041871,0.019804,0.274430,0.007027,0.366381,0.007874,0.397146,0.004875,0.368786,0.005088,0.200592,0.003296,0.306822,0.001345,0.071916,0.000728,0.184585,0.003299,0.371062,0.003817,384
scalar_uncertainty_trigger,new_operator_interventions,6,0.497409,0.005453,-0.041243,0.019814,0.273816,0.007094,0.365936,0.007907,0.397029,0.004922,0.368526,0.005162,0.200847,0.003319,0.306588,0.001361,0.071642,0.000664,0.184473,0.003390,0.369840,0.003902,384
scalar_uncertainty_trigger,new_operator_interventions,7,0.497344,0.005522,-0.041596,0.019836,0.273519,0.007081,0.365829,0.007837,0.396288,0.004976,0.369182,0.005129,0.201393,0.003325,0.306911,0.001365,0.071798,0.000678,0.184632,0.003331,0.370443,0.003895,384
scalar_uncertainty_trigger,new_operator_interventions,8,0.497503,0.005587,-0.041243,0.019880,0.273568,0.007166,0.366667,0.007833,0.397511,0.005025,0.368957,0.005229,0.200636,0.003297,0.306431,0.001323,0.072022,0.000646,0.184521,0.003325,0.369436,0.003736,384
scalar_uncertainty_trigger,new_operator_interventions,9,0.499564,0.005488,-0.039947,0.019737,0.273973,0.007081,0.367393,0.007882,0.397536,0.005055,0.369843,0.005163,0.200709,0.003307,0.306585,0.001391,0.072218,0.000725,0.184844,0.003308,0.370446,0.003785,384
scalar_uncertainty_trigger,sparse_feedback,0,0.467956,0.005477,-0.150565,0.019751,0.315077,0.007061,0.399726,0.007852,0.388452,0.005022,0.359990,0.005106,0.207339,0.003279,0.372911,0.001361,0.070996,0.000633,0.197573,0.003340,0.369886,0.003760,384
scalar_uncertainty_trigger,sparse_feedback,1,0.468408,0.005591,-0.151593,0.019907,0.316597,0.007011,0.398819,0.007886,0.386166,0.005064,0.359018,0.005112,0.207867,0.003337,0.373713,0.001336,0.071463,0.000673,0.197025,0.003361,0.370386,0.003770,384
scalar_uncertainty_trigger,sparse_feedback,2,0.468429,0.005568,-0.151648,0.019698,0.316764,0.007079,0.399439,0.007696,0.388021,0.005012,0.359793,0.005040,0.207743,0.003325,0.373742,0.001339,0.070947,0.000646,0.197887,0.003313,0.370635,0.003796,384
scalar_uncertainty_trigger,sparse_feedback,3,0.469024,0.005607,-0.150339,0.019897,0.316671,0.007061,0.399252,0.007869,0.387598,0.004920,0.360053,0.005166,0.207266,0.003332,0.373673,0.001360,0.070900,0.000598,0.197461,0.003314,0.370941,0.003844,384
scalar_uncertainty_trigger,sparse_feedback,4,0.469387,0.005544,-0.149712,0.019768,0.316115,0.006979,0.399184,0.007866,0.387386,0.004972,0.359499,0.005089,0.207262,0.003341,0.372869,0.001320,0.071455,0.000667,0.197328,0.003337,0.369896,0.003831,384
scalar_uncertainty_trigger,sparse_feedback,5,0.466370,0.005649,-0.153698,0.019831,0.316409,0.007028,0.399602,0.007890,0.385702,0.004917,0.359745,0.005103,0.207474,0.003267,0.373054,0.001310,0.071414,0.000627,0.197281,0.003333,0.369583,0.003881,384
scalar_uncertainty_trigger,sparse_feedback,6,0.469041,0.005649,-0.149271,0.019962,0.315619,0.007113,0.398886,0.007858,0.387746,0.004991,0.359913,0.005132,0.207069,0.003336,0.373871,0.001350,0.070729,0.000596,0.197367,0.003358,0.370682,0.003820,384
scalar_uncertainty_trigger,sparse_feedback,7,0.469745,0.005661,-0.149212,0.019847,0.315991,0.007008,0.399158,0.007796,0.386696,0.005000,0.360143,0.005151,0.207141,0.003309,0.373096,0.001402,0.070904,0.000632,0.197571,0.003341,0.370312,0.003914,384
scalar_uncertainty_trigger,sparse_feedback,8,0.469884,0.005621,-0.149548,0.020017,0.315787,0.007201,0.399579,0.007866,0.387728,0.005088,0.359785,0.005125,0.207719,0.003292,0.373388,0.001365,0.071230,0.000653,0.197430,0.003447,0.370571,0.003822,384
scalar_uncertainty_trigger,sparse_feedback,9,0.467772,0.005694,-0.150854,0.019937,0.315405,0.007078,0.399303,0.007834,0.388577,0.004979,0.360294,0.005039,0.207660,0.003336,0.373493,0.001326,0.071302,0.000649,0.197202,0.003314,0.369778,0.003850,384
